eng,bn,translation_text
The Site is directed to the people residing in India.,সাইটটি ভারতে বসবাসকারী লোকদের জন্য নির্দেশিত।, The site is directed to people living in India.
We do not represent that Content available on or through the Site is appropriate or available in other locations.,আমরা এটা বর্ণনা করি না যে সাইটে বা এর মাধ্যমে উপলব্ধ বিষযবস্তু উপযুক্ত বা অন্যান্য স্থানে উপলব্ধ।, We do not describe that the material available on the site or through it is suitable or available elsewhere.
We may limit the availability of the Site or any service or product described on the Site to any person or geographic area at any time.,আমরা যে কোনো সময যে কোনো ব্যক্তি বা ভৌগলিক এলাকায সাইট বা সাইটে বর্ণিত কোনো পরিষেবা বা পণ্যের প্রাপ্যতা সীমাবদ্ধ করতে পারি।, We may at any time restrict the availability of any service or product described on the site or on any person or geographical area.
"If you choose to access the Site from outside India, you do so at your own risk.",আপনি যদি ভারতের বাইরে থেকে সাইটটি অ্যাক্সেস করতে চান তবে আপনি তা নিজের ঝুঁকিতে করবেন।," If you want to access the site from outside India, you'll do so at your own risk."
Please go back to the homepage,হোমপেজে ফিরে যান দযা করে,eng back to the homepagebnplease
Please enter Height greater than 29.99 and less than 140.01,অনুগ্রহ করে উচ্চতা 29.99 এর বেশি এবং 140.01 এর কম লিখুন, Please enter height above 29.99 and below 140.01
"While login to the Poshan Tracker App, AWWs are required to enter the MPIN set by them.","পশান ট্র্যাকার অ্যাপে লগইন করার সময, AWWs তাদের দ্বারা নির্ধারিত MPIN প্রবেশ করতে হবে।"," Once they log in to the Passion Tracker app, AWWs must enter the MPIN they have set."
This MPIN will act as a passcode to run the Poshan Tracker App and entering the information in the beneficiaries forms.,এই MPIN পশান ট্র্যাকার অ্যাপটি চালানোর জন্য পাসকোড হিসাবে কাজ করবে এবং উপকারভোগীদের ফর্মগুলিতে তথ্য প্রবেশ করবে।, This MPbn Passion Tracker will act as a password to run the app and enter information into the forms of the beneficiaries.
How to ensure timely initiation of complementary feeding,কিভাবে পরিপূরক খাওযানোর সমযমত সূচনা নিশ্চিত করা যায,eng.org - How to ensure timely onset of supplementary feeding
Poshan Tracker App can only be installed in Android Phone with Android version 6.0 and above.,পশান ট্র্যাকার অ্যাপটি কেবল ৬.০ এবং তারপরের অ্যান্ড্রযেড ভার্সানের অ্যান্ড্রযেড ফোনে ইনস্টল করা যেতে পারে।,eng.bn The PushBn Tracker app can only be installed on Android phones of Android version 6.0 and later.
General Awareness about Growth Monitoring of Children,শিশুদের বৃদ্ধি পর্যবেক্ষণ সম্পর্কে সাধারণ সচেতনতা,eng.org - General awareness of child growth monitoring
Wasting is defined as low weight-for-height,ওযেসটেডকে উচ্চতা অনুযাযী কম ওজন হিসাবে সংজ্ঞাযিত করা হয," ""Obsted"" is defined as a low weight with height tolerance."
Hot Cooked Meal (HCM) Given Today,গরম রান্না করা খাবার (এইচসিএম) আজ দেওযা হযেছে,eng.bn Hot cooked food (HCM) was served today.
There are 6 categories for beneficiariesPregnant WomenLactating MotherChildren from 0 to 6 monthsChildren from 6 months to 3 yearsChildren from 3 years to 6 yearsAdolescent girls,সুবিধাভোগীদের 6টি বিভাগ রযেছেগর্ভবতী মহিলাস্তন্যদানকারী মা0 থেকে 6 মাস পর্যন্ত বযসী শিশুরা6 মাস থেকে 3 বছর পর্যন্ত বযসী শিশুরা3 বছর থেকে 6 বছর পর্যন্ত বযসী শিশুরাকিশোরী মেযেরা,eng.bn 6 categories of beneficiaries areGravidity women breastfeeding mothers0 to 6 months old children6 months to 3 years old children3 years to 6 years old teenage girls
"Data Plan for Mobile Application (01 March, 2021)","মোবাইল অ্যাপ্লিকেশনটির জন্য ডেটা প্ল্যান (০১ মার্চ, ২০২১)",eng.bn Data Plan for the mobile application (01 March 2021)
 VIII. LIMITATIONS OF MULTI- LINGUAL INTERFACE, VIII. বহুভাষিক ইন্টারফেসের সীমাবদ্ধতা,eng.VIII.B. Limits of multilingual interface
Srijangram I. C. D. S. Project,শ্রীজানগ্রাম আই. সি. ডি. এস. প্রকল্প,engram ICDS project
"We may investigate any violation of these Terms, including unauthorized use of the Site.",আমরা সাইটের অননুমোদিত ব্যবহার সহ এই শর্তাবলীর যেকোনো লঙ্ঘনের তদন্ত করতে পারি।," We may investigate any breach of these terms, including unauthorized use of the site."
We may provide law enforcement with information you provide to us related to your transactions to assist in any investigation or prosecution of you.,আপনার যে কোনো তদন্ত বা বিচারে সহাযতা করার জন্য আমরা আপনার লেনদেনের সাথে সম্পর্কিত তথ্য দিযে আইন প্রযোগকারীকে প্রদান করতে পারি।," To assist you in any investigation or trial, we may provide the information relating to your transaction to the law enforcement."
We may take legal action that we feel is appropriate.,যদি আমরা উপযুক্ত মনে না করি তাহলে আমরা আইনি পদক্ষেপ নিতে পারি।," If we find it inappropriate, we may take legal action."
Poshan Calculator helps to identify various health conditions of the child as per World Health Organization (WHO) standards,পোশান ক্যালকুলেটর বিশ্ব স্বাস্থ্য সংস্থার (WHO) মান অনুযাযী শিশুর বিভিন্ন স্বাস্থ্য অবস্থা সনাক্ত করতে সাহায্য করে,eng.bn Clothing Calculator helps identify various health conditions in a baby that conforms to World Health Organization (WHO) standards.
How to take care of weak newborn with the help of Kangaroo Mother Care,ক্যাঙ্গারু মাদার কেযারের সাহায্যে কীভাবে দুর্বল নবজাতকের যত্ন নেওযা যায,engaru mothercare how to care for a weak newborn with kangaru mothercare
"Any liabilities civil or criminal, arising out of any incorrect data, shall solely lie with the concerned ASP.","কোনো ভুল তথ্য থেকে উদ্ভূত যে কোনো দাযবদ্ধতা দেওযানি বা ফৌজদারি, শুধুমাত্র সংশ্লিষ্ট ASP-এর কাছে থাকবে।", Any liability arising from any misinformation or criminal liability shall be with the relevant ASP only.
Poshan Tracker App is available over Google playstore https://play. google. com/store/apps/details?,পশান ট্র্যাকার অ্যাপ্লিকেশন গুগল প্লেস্টোর https://play. google. com/store/apps/details?,eng Pusan Tracker app on the Google Play Store https://play.google.com/store/apps/details?
Can App be accessed without internet?,ইন্টারনেট ছাডাই কি অ্যাপটি ব্যবহার করা যেতে পারে?,eng.co.uk - Is the app usable?
The Government has taken several initiatives to break the intergenerational cycle of malnutrition in children.,শিশুদের অপুষ্টির মধ্যবর্তী চক্রকে ভেঙে দেওযার জন্য সরকার বিভিন্ন উদ্যোগ গ্রহণ করেছে।," ""The government has taken several initiatives to break the cycle of malnutrition in children."
"Adopting a life-cycle approach, interventions have been designed to meet the nutritional requirement of adolescent girls and boys, pregnant women, lactating mothers and children.","জীবনচক্রের পদ্ধতির অবলম্বন করে, হস্তক্ষেপগুলি কিশোর-কিশোরী ও বালক, গর্ভবতী মহিলা, স্তন্যদানকারী মা ও শিশুদের পুষ্টির চাহিদা মেটাতে ডিজাইন করা হযেছে।","eng, interventions have been designed to meet the nutritional needs of teenagers and boys, pregnant women, breastfeeding mothers and children."
Awareness for Pregnancy in Preventing Anemia,অ্যানিমিযা প্রতিরোধে গর্ভাবস্থার জন্য সচেতনতা,eng.org - Anemia prevention awareness for pregnancy in response to anemia prevention
"Howrah North (U) I. C. D. S. Project, Howrah","হাওডা উত্তর (ইউ) আই. সি. ডি. এস. প্রকল্প, হাওডা","eng.Haouda North (EU) ICDS Project, Haouda"
Birth Preparedness- For Institutional and Home Delivery,জন্মের প্রস্তুতি- প্রাতিষ্ঠানিক এবং হোম ডেলিভারির জন্য,eng.org - Preparation for birth - For institutional and home delivery
New beneficiary addition with skip OTP option,স্কিপ OTP বিকল্পের সাথে নতুন সুবিধাভোগী সংযোজন, The addition of new beneficiaries with the Skype OTP option.
We are now available on Video Conference,আমরা এখন ভিডিও কনফারেন্সে উপলব্ধ,eng.bn We are now available via videoconferencing.bn
"Poshan Tracker App is meant for Aanganwadi workers, Anganwadi centers to enter beneficiaries data in the forms.","পশান ট্র্যাকার অ্যাপ্লিকেশনটি আঙ্গানওযাদী কর্মীদের, অঙ্গনওযাডি কেন্দ্রগুলির জন্য ফর্মগুলিতে সুবিধাভোগীদের ডেটা প্রবেশের জন্য।","engn Pashan Tracker app for entry of data of beneficiaries in forms for Anganwadi workers, Anganwadi centers."
It is not at all developed for general public.,এটি সাধারণ মানুষের জন্য মোটেই বিকাশযুক্ত নয।, This is a perfectly developed language for the common man.
Swastha Balak/Balika Spardha Mission is about celebrating the health of children in India.,Swastha Balak/Balika Spardha Mission is about celebrating the health of children in India.,eng Swastha Balak/Balika Spardha Mission is about celebrating the health of children in India.
It entails identification and awareness of health conditions and providing necessary support wherever required.,It entails identification and awareness of health conditions and providing necessary support wherever required.,"eng, e.g. identification and awareness of health conditions and providing necessary support wherever needed."
”Our Privacy Policy applies when you use our Services (described below).,"""Our Privacy Policy applies when you use our Services (described below).",eng our Privacy Policy applies when you use our Services (described below).
"This Privacy Policy is meant to help you understand what information we collect, why we collect it, and how it is used and shared.","This Privacy Policy is meant to help you understand what information we collect, why we collect it, and how it is used and shared."," This Privacy Policy is intended to help you understand what information we collect, why we collect it, and how it is used and shared."
The collecting and retaining agency in respect of your information is Ministry of Women and Child Development.,The collecting and retaining agency in respect of your information is Ministry of Women and Child Development., The agency collecting and retaining your information is the Ministry of Women and Child Development.
We are committed to protecting the security of your personal information and safeguarding your privacy.,We are committed to protecting the security of your personal information and safeguarding your privacy., Webn is committed to protecting the security of your personal information and safeguarding your privacy.
How to revive your health if you are Underweight,আপনার ওজন কম হলে কীভাবে আপনার স্বাস্থ্য পুনরুজ্জীবিত করবেন," If you lose weight, how do you restore your health?"
Can a beneficiary change his/her AWC?,একজন সুবিধাভোগী কি তার AWC পরিবর্তন করতে পারেন?,eng. -Can a beneficiary change his AWC?
"We use the information we have, to help verify accounts.",আমরা অ্যাকাউন্ট যাচাই করতে সাহায্য করার জন্য আমাদের কাছে থাকা তথ্য ব্যবহার করি।, We use the information we have to help verify thebn account.
The records may be used for verification of health status for the purposes of Poshan Tracker control and response.,রেকর্ডগুলি পোশান ট্র্যাকার নিযন্ত্রণ এবং প্রতিক্রিযার উদ্দেশ্যে স্বাস্থ্যের স্থিতি যাচাইযের জন্য ব্যবহার করা যেতে পারে।,engrekordkanalopapierrekordkanalopapierrekordkanalopapierrekordkanalopapierrekordkanalopapierrekordkanalopapierrekordkanalopapierrekordkanalopapierrekordkanalopapierrekordkanalopapierrekordkanalopapierrekordkanalopapierrekordkanalopapierrekordkanalopapierrekordkanalopapierrekordkanalopapierrekordkanalopapierrekordkanalopapierrekordkanalopapierrekordkanalopapierrekordkanalopapierrekordkanalopapierrekordkanalopapierrekordkanalopapierrekordkanalopapierrekordkanalopapierrekordkanalopapierrekordkanalopapierrekord
Scan the QR Code to Download the App,অ্যাপটি ডাউনলোড করতে কিউআর কোডটি স্ক্যান করুন, Scan QR code to download the appbn
Who is eligible for Hot Cooked Meal?,কারা গরম রান্না করা খাবারের জন্য যোগ্য?,eng.org Siapa yang layak untuk makanan yang dipanaskan panas?
Identifying and preventing Severe Acute Malnutrition,গুরুতর তীব্র অপুষ্টি সনাক্তকরণ এবং প্রতিরোধ করা,engnProblems for detecting and preventing severe acute malnutrition
Children who are identified as deficit on nutrition are eligible for additional food supplements.,যেসব শিশুদের মধ্যে পুষ্টির ঘাটতি চিহ্নিত করা হযেছে তারা অতিরিক্ত খাদ্য সম্পূরক পাওযার যোগ্য।,eng.org - Those children who have been diagnosed with malnutrition are eligible for supplemental nutrition.
Who is eligible for additional supplementary food.,কারা অতিরিক্ত সম্পূরক খাদ্য পাওযার জন্য যোগ্য।,eng.org Carabn is eligible for supplemental nutrition.
"Uploading of Data of Anganwadi Services Schemes in Poshan Tracker (24 May, 2021)","পোশন ট্র্যাকারে অঙ্গনওযাডি পরিষেবা প্রকল্পের ডেটা আপলোড করা হচ্ছে (২৪ মে, ২০২১)","eng.bn Position Tracker uploading data from the AnganWayadi service project (May 24, 2021)"
Children between 6 months - 3 years,৬ মাস থেকে ৩ বছরের মধ্যে শিশুদের, 6 months to 3 years old babies
"Ministry of Women and Child Development, Government of India, Shastri Bhawan, New Delhi","মহিলা ও শিশু উন্নযন মন্ত্রনালয, ভারত সরকার, শাস্ত্রী ভবন, নতুন দিল্লি","eng Ministry of Women and Child Development, Government of India, Shastri Bhavan, New Delhi"
Care of the weak newborn baby - How many weak babies are we missing?,দুর্বল নবজাতক শিশুর যত্ন - আমরা কতগুলি দুর্বল শিশুকে হারাচ্ছি?,engengengengengengengengengengengengengengengengengengengengengengengengengengengengengengengengengengengengengengengengengengengengengengengengengengengengengengengengengengengengengengengengengengengengengengengengengengengengengengengengengengengengengengengengengengengengengengengengengengengengengengengengengengengengengengengengengengengengengengengengengengengengengengengengengengengengengengengengengengengengengengengengengengengengengengengengengengengengengengengengengengengengengengengengengengengengengengengengengengengengengengengengengengengengengengengengengengengengengengeng
Underweight children who received Supplementary Nutrition,কম ওজনের শিশু যারা সম্পূরক পুষ্টি পেযেছে,eng bayi yg kurang berat badan yg sudah diberi supplements
This defense and indemnification obligation will survive this Agreement and your use of the Service and Website/App.,এই প্রতিরক্ষা এবং ক্ষতিপূরণের বাধ্যবাধকতা এই চুক্তি এবং আপনার পরিষেবা এবং ওযেবসাইট/অ্যাপের ব্যবহার থেকে বেঁচে থাকবে।, This defense and indemnity obligation will be exempt from this agreement and your use of the service and website/app.
Identification and care of a Weak Newborn baby,একটি দুর্বল নবজাতক শিশুর সনাক্তকরণ এবং যত্ন,eng.info Identifying and caring for a weak newborn baby
1.2. Information from use of services.,1.2. পরিষেবার ব্যবহার থেকে তথ্য।,eng.1.2bn data from service usage.
Please contact your respective Anganwadi Centre.,অনুগ্রহ করে আপনার নিজ নিজ অঙ্গনওযাডি কেন্দ্রে যোগাযোগ করুন।,eng please contact your respective yard yard yard center.
GOBARDANGA I. C. D. S PROJECT(U),গোবরডাঙ্গা আইসিডিএস প্রকল্প (ইউ),eng Gobardanga ICDS Project (EU)
Please fill in the form below to create a new ticket.,একটি নতুন টিকিট তৈরি করতে নীচের ফর্মটি পূরণ করুন।," To create a new ticket, fill out the form below."
Anganwadi Worker will reach out to you within 48 hours.,অঙ্গনওযাডি কর্মীরা 48 ঘন্টার মধ্যে আপনার সাথে যোগাযোগ করবে।,engonwadi staff will contact you within 48 hours.
Please note down the ticket number for future reference.,ভবিষ্যতে রেফারেন্সের জন্য টিকিট নম্বর নিচে নোট করুন., Please note the ticket number below for future reference.
Poshan Tracker is a project of Ministry of Women and Child Development.,পোশান ট্র্যাকার হল মহিলা ও শিশু উন্নযন মন্ত্রকের একটি প্রকল্প।,eng.bn PUSHAN TRACKER is a project of the Ministry of Women and Child Development.
Digital India Corporation is the technical partner of MoWCD.,ডিজিটাল ইন্ডিযা কর্পোরেশন MoWCD-এর প্রযুক্তিগত অংশীদার।,eng.bn Digital India Corporation is a technical partner of MoWCD.
Poshan Tracker focuses on eradication of malnutrition from India.,পোশান ট্র্যাকার ভারত থেকে অপুষ্টি দূরীকরণের উপর দৃষ্টি নিবদ্ধ করে।,eng.bn Dress Tracker focuses on eliminating malnutrition from India.
It serves as a mechanism to monitor and improvise on the service delivery under Poshan Abhiyaan,এটি পোশান অভিযানের অধীনে পরিষেবা সরবরাহের উপর নজরদারি এবং তার তাৎক্ষণিক উন্নযনের লক্ষ্যে একটি প্রক্রিযা হিসাবে কাজ করে,.au.au.au.au.au.au.au.au.au.au.au.au.au.au.au.au.au.au.au.au.au.au.au.au.au.au.au.au.au.au.au.au.au.au.au.au.au.au.au.au.au.au.au.au.au.au.au.au.au.au.au.au.au.au.au.au.au.au.au.au.au.au.au.au.au.au.au.au.au.au.au.au.au.au.au.au.au.au.au.au.au.au.au.au.au.au.au.au.au.au.au.au.au.au.au.au.au.au
Is poshan trackers app available over Apple I Store also?,অ্যাপল আই স্টোরের উপরেও কি পশান ট্র্যাকস অ্যাপ পাওযা যায?,eng.bn Can the pushon tracks app be found on the Apple iStore too?
Number of records becoming inactive and number of records migrating from one category to another,নিষ্ক্রিয হওযা রেকর্ডের সংখ্যা এবং এক বিভাগ থেকে অন্য বিভাগে স্থানান্তরিত রেকর্ডের সংখ্যা,eng.bn Number of records that are deleted and number of records that are transferred from one category to another.
In How many languages the Poshan Tracker App is available?,কত ভাষায পশান ট্র্যাকার অ্যাপ্লিকেশন উপলব্ধ?, How many languages are there?
AWWs are requested to enter their mobile numbers in the Login screen.,AWW দের লগইন স্ক্রিনে তাদের মোবাইল নম্বর এন্টার করার জন্য অনুরোধ করা হয।,.au.au.au.au.au.au.au.au.au.au.au.au.au.au.au.au.au.au.au.au.au.au.au.au.au.au.au.au.au.au.au.au.au.au.au.au.au.au.au.au.au.au.au.au.au.au.au.au.au.au.au.au.au.au.au.au.au.au.au.au.au.au.au.au.au.au.au.au.au.au.au.au.au.au.au.au.au.au.au.au.au.au.au.au.au.au.au.au.au.au.au.au.au.au.au.au.au.au
"An OTP will be sent to your registered mobile number, post which you are required too set your MPIN.","আপনার নিবন্ধিত মোবাইল নম্বরে একটি ওটিপি পাঠানো হবে, এর পর আপনাকে আপনার MPIN সেট করতে হবে।"," An OTP will be sent to your registered mobile number, after which you will need to set your MPIN."
Measles Containing vaccine (MCV)/MR-2JE-2**DiphtheriaPertussis & Tetanus (DPT)-Booster-1OPV –Booster,হামের ভ্যাকসিন (MCV)/MR-2JE-2**ডিপথিরিযাপারটুসিস এবং টিটেনাস্ (DPT)-বুস্টার-1OPV - বুস্টার,eng.bn Hamer Vaccine (MCV)/MR-2JE-2**Diptheriapartuosis and Titenas (DPT) -Booster-1OPV - Booster
The Poshan Tracker enables real-time monitoring and tracking of all AWCs and beneficiaries on defined indicators.,পোশান ট্র্যাকার সমস্ত AWC এবং সংজ্ঞাযিত সূচকে সুবিধাভোগীদের রিযেল-টাইম পর্যবেক্ষণ এবং ট্র্যাকিং সক্ষম করে।,eng.bn Dress Tracker enables real-time monitoring and tracking of beneficiaries in all AWC and defined indexes.
It is built using centralized data architecture that also aligns with the digital technology systems of other ministries and programs.,এটি কেন্দ্রীভূত ডেটা আর্কিটেকচার ব্যবহার করে তৈরি করা হযেছে যা অন্যান্য মন্ত্রণালয এবং প্রোগ্রামগুলির ডিজিটাল প্রযুক্তি সিস্টেমের সাথে সারিবদ্ধ।, It is created using a centralized data architecture that is aligned with the digital technology systems of other ministries and programs.
The public dashboard helps to impart transparency on services delivered to beneficiaries,পাবলিক ড্যাশবোর্ড সুবিধাভোগীদের প্রদান করা পরিষেবাগুলিতে স্বচ্ছতা প্রদানে সহাযতা করে,engrass Public Dashboard helps to provide transparency in the services provided to the beneficiaries.
Translations on the Poshan Tracker Portal & App Chabot are done by third party translators.,পোশান ট্র্যাকার পোর্টাল এবং অ্যাপ চ্যাটবটের অনুবাদগুলি তৃতীয পক্ষের অনুবাদকদের দ্বারা করা হয।, The translation of the Dress Tracker portal and the App Chatbot are done by third-party translators.
"While the translations are done on a best effort basis, some of the parts may be incorrect.","যদিও অনুবাদগুলি সর্বোত্তম প্রচেষ্টার ভিত্তিতে করা হয, তবে কিছু অংশ ভুল হতে পারে।"," Although translations are done with the best of efforts, some parts may be wrong."
Certain files and other items on the website cannot be translated.,ওযেবসাইটের কিছু ফাইল এবং অন্যান্য আইটেম অনুবাদ করা যাবে না।, Some files and other items on the web site cannot be translated.
"In addition, on translation, some applications and/or services may not function as expected, due to language barriers.","উপরন্তু, অনুবাদ করলে, কিছু অ্যাপ্লিকেশন এবং/অথবা পরিষেবাগুলি প্রত্যাশিতভাবে কাজ নাও করতে পারে, ভাষার বাধার কারণে।","eng.org - If translated, some applications and/or services may not work as expected, due to language disruption."
"We are working constantly to rectify any errors, omissions, or ambiguities in the translations provided on this portal.","এই পোর্টালে প্রদত্ত অনুবাদগুলিতে যেকোন ত্রুটি, বাদ পডা বা অস্পষ্টতা সংশোধন করার জন্য আমরা ক্রমাগত কাজ করছি।"," We are continually working to correct any errors, omissions or ambiguities in the translations provided on this portal."
"The MGRS collected primary growth data and related information from approximately 8500 children from widely different ethnic backgrounds and cultural settings (Brazil, Ghana, India, Norway, Oman and the USA)","MGRS ব্যাপকভাবে বিভিন্ন জাতিগত পটভূমি এবং সাংস্কৃতিক সেটিং (ব্রাজিল, ঘানা, ভারত, নরওযে, ওমান এবং মার্কিন যুক্তরাষ্ট্র) থেকে আনুমানিক 8500 শিশুর প্রাথমিক বৃদ্ধির তথ্য এবং সম্পর্কিত তথ্য সংগ্রহ করেছে।","eng.org MGRSbn has extensively collected data and related data on the early development of approximately 8500 infants from various ethnic backgrounds and cultural settings (Brazil, Ghana, India, Norway, Oman and the United States)"
Children of different age groups are monitored on monthly basis by AWWs.,AWWs দ্বারা মাসিক ভিত্তিতে বিভিন্ন বযসের শিশুদের পর্যবেক্ষণ করা হয।, AWbnWs monitor children of different ages on a monthly basis.
"Health indicators like Stunting, Wasting and Underweight prevalence are measured as per WHO standards.","স্বাস্থ্য সূচক যেমন স্টান্টিং, ওযেস্টিং এবং কম ওজনের প্রাদুর্ভাব WHO-এর মান অনুযাযী পরিমাপ করা হয।","eng, weighting, and low-weight outbreaks are measured according to WHO standards."
Regular growth monitoring helps AWWs to provide relevant and timely assistance to children,নিযমিত বৃদ্ধি পর্যবেক্ষণ AWW-কে শিশুদের প্রাসঙ্গিক এবং সমযমত সহাযতা প্রদান করতে সাহায্য করে,engengengengengengengengengengengengengengengengengengengengengengengengengengengengengengengengengengengengengengengengengengengengengengengengengengengengengengengengengengengengengengengengengengengengengengengengengengengengengengengengengengengengengengengengengengengengengengengengengengengengengengengengengengengengengengengengengengengengengengengengengengengengengengengengengengengengengengengengengengengengengengengengengengengengengengengengengengengengengengengengengengengengengengengengengengengengengengengengengengengengengengengengengengengengengengengengengengengengengengeng
"Awareness for Children Stunting, Wasting to prevent malnutrition in children","শিশুদের মধ্যে অপুষ্টি প্রতিরোধে শিশুদের বৃদ্ধিতে বাধা, অপুষ্টির ব্যাপারে সচেতনতা",engengengengengengengengengengengengengengengengengengengengengengengengengengengengengengengengengengengengengengengengengengengengengengengengengengengengengengengengengengengengengengengengengengengengengengengengengengengengengengengengengengengengengengengengengengengengengengengengengengengengengengengengengengengengengengengengengengengengengengengengengengengengengengengengengengengengengengengengengengengengengengengengengengengengengengengengengengengengengengengengengengengengengengengengengengengengengengengengengengengengengengengengengengengengengengengengengengengengengengeng
Poshan Tracker adds new application features,পোশান ট্র্যাকার নতুন অ্যাপ্লিকেশন বৈশিষ্ট্য যোগ করে,eng.bn Fashion Tracker adds new app features to the app
Making or Updating Home Visit Planner and Initiating home visits,হোম ভিজিট প্ল্যানার তৈরি বা আপডেট করা এবং হোম ভিজিট শুরু করা, Create or update a home visit planner and start a home visit.
Poshan Calculator is designed to measure growth of the child based on standards defined by World Health Organization (WHO),পোশান ক্যালকুলেটর বিশ্ব স্বাস্থ্য সংস্থা (WHO) দ্বারা সংজ্ঞাযিত মানগুলির উপর ভিত্তি করে শিশুদের বৃদ্ধি পরিমাপ করার জন্য ডিজাইন করা হযেছে।,eng.bn Clothing Calculator is designed to measure children's growth based on standards defined by the World Health Organization (WHO).
Migrated from one category to another,এক শ্রেণী থেকে অন্য শ্রেণীতে স্থানান্তরিত হযেছে,eng.bn. -Blooded from one class to another.
It usually occurs when a person has not had food of adequate quality and quantity and/or they have had frequent or prolonged illnesses,এটি সাধারণত তখনই ঘটে যখন একজন ব্যক্তি পর্যাপ্ত মানের এবং পরিমাণে খাবার না পায এবং/অথবা সে ঘন ঘন অসুস্থ হযে পরে বা দীর্ঘস্থাযী অসুস্থতা থাকে, This usually occurs when a person does not get enough quality and quantity of food and/or he is frequently ill after or with chronic illness.
"Poshan Abhiyaan is India’s flagship programme to improve nutritional outcomes for children, adolescents, pregnant women and lactating mothers by leveraging technology, a targeted approach and convergence.","পশান অভিযান হ'ল শিশু, কিশোর, গর্ভবতীদের পুষ্টির ফলাফল উন্নত করার জন্য ভারতের এক নিজস্ব কর্মসূচি।"," ""Pasha Bhan"" is India's own program to improve nutrition outcomes for children, teenagers, pregnant women."
Hot Cooked Meal (HCM) given in last 30 days,গত ৩০ দিনের মধ্যে দেওযা গরম রান্না করা খাবার (এইচসিএম), HCMs (hot cooked foods) - HCMs - Hot cooked foods (hot cooked foods) - HCMs - HCMs - Hot cooked foods - HCMs - Hot cooked foods - HCMs - Hot cooked foods - HCMs - Hot cooked foods - HCMs - Hot cooked foods - Hot cooked foods - Hot cooked foods - Hot cooked foods - Hot cooked foods - Hot cooked foods - Hot cooked foods - Hot cooked foods - Hot cooked foods - Hot cooked foods - Hot cooked foods - Hot cooked foods - Hot cooked foods - Hot cooked foods - Hot cooked foods - Hot cooked foods - Hot cooked foods - Hot cooked foods - Hot cooked foods - Hot cooked foods - Hot cooked foods - Hot cooked foods - Hot cooked foods - Hot cooked foods - Hot cooked foods - Hot
Uploading of Data of Anganwadi Services Schemes in Poshan Tracker,পোশান ট্র্যাকারে অঙ্গনওযাডি পরিষেবা প্রকল্পের ডেটা আপলোড করা,eng.bn Uploading data from the service project to the clothing tracker
The Poshan Tracker generates automated alerts to the critical last-mile beneficiaries.,পোশান ট্র্যাকার শেষ-মাইলের গুরুত্বপূর্ণ সুবিধাভোগীদের জন্য স্বযংক্রিয অ্যালার্ট তৈরী করে।,eng.bn Dress Tracker creates automated alerts for important end-mile beneficiaries.
It also ensures efficient audit of the delivery system by documenting real time attendance of beneficiaries and duty bearers.,এটি সুবিধাভোগী এবং দাযিত্ব বহনকারীদের রিযেল-টাইম উপস্থিতি নথিভুক্ত করে বিতরণ ব্যবস্থার একটি দক্ষ নিরীক্ষা নিশ্চিত করে।," It documents the real-time presence of the beneficiaries and liabilities, ensuring an efficient audit of the distribution system."
"This management information system will help the nutrition programme to scale efficiently, thereby generating and documenting positive impact","এই ম্যানেজমেন্ট ইনফরমেশন সিস্টেম পুষ্টি প্রোগ্রামকে দক্ষতার সাথে মাপতে সাহায্য করবে, যার ফলে একটি ইতিবাচক প্রভাব তৈরি এবং নথিভুক্ত করবে","eng.org - This management information system will help to efficiently measure nutrition programs, thereby creating and documenting a positive impact."
How can one Download Poshan Tracker App?,কীভাবে একজন পশান ট্র্যাকার অ্যাপ্লিকেশন ডাউনলোড করতে পারেন?,eng.bn A push tracker app can download a push tracker app?
"Clarification regarding Cost of Smart phones (03 June, 2021)","স্মার্ট ফোনের দাম সম্পর্কে ব্যাখ্যা (০৩ জুন, ২০২১)"," Explanation of the price of smartphones (June 03, 2021)"
along with status update once resolved,স্ট্যাটাস আপডেট সহ একবার সমাধান করা হযে গেছে,"eng.org - Once solved with the status update,"
"The Poshan Tracker system is regularly audited by auditors engaged by MWCD, for security and scalability of the system.",সিস্টেমের নিরাপত্তা এবং মাপযোগ্যতার জন্য MWCD দ্বারা নিযুক্ত অডিটরদের দ্বারা পোশান ট্র্যাকার সিস্টেমটি নিযমিতভাবে নিরীক্ষিত হয।,eng sistemat tracker sistemat sistemat sistemat sistemat sistemat sistemat sistemat sistemat sistemat sistemat sistemat sistemat sistemat sistemat sistemat sistemat sistemat sistemat sistemat sistemat sistemat sistemat sistemat sistemat sistemat sistemat sistemat sistemat sistemat sistemat sistemat sistemat sistemat sistemat sistemat sistemat sistemat sistemat sistemat sistemat sistemat sistemat sistemat sistemat sistemat sistemat sistemat sistemat sistemat sistemat sistemat sistemat sistemat sistemat sistemat sistemat sistemat sistemat sistemat sistemat sistemat sistemat sistemat sistemat sistemat sistemat sistemat sistemat sistemat sistemat sistemat sistemat sistemat sistemat sistemat sistemat sistemat sistemat sistemat sistemat sistemat sistemat sistemat sistemat sistemat sistemat sistemat sistemat sistemat sistemat sistemat sistemat sistemat sistemat sistemat sistemat sistemat
The records may be used for such audits.,এই ধরনের নিরীক্ষার জন্য রেকর্ড ব্যবহার করা যেতে পারে।,eng.org - Records can be used for this type of audit.
Poshan Tracker adds new Resources on Website,পোশান ট্র্যাকার ওযেবসাইট বৈশিষ্ট্যে নতুন সংস্থান যোগ করে,eng.bn Fashion Tracker adds new resource to the website feature
"Technology under Poshan Tracker is being leveraged for dynamic identification of stunting, wasting, under-weight prevalence among children and last mile tracking of nutrition service delivery","পোশান ট্র্যাকারের অধীনে প্রযুক্তিটি বৃদ্ধিতে বাধা, অপুষ্টি, শিশুদের মধ্যে কম ওজনের প্রাদুর্ভাব এবং পুষ্টি পরিষেবা সরবরাহের শেষ মাইল ট্র্যাকিংযের গতিশীল সনাক্তকরণের জন্য ব্যবহার করা হচ্ছে","eng.bn The technology under the clothing tracker is being used to dynamically detect growth barriers, malnutrition, low-weight outbreaks among children and last mile tracking of nutrition services delivery."
The System also takes feedback about system performance and experience.,সিস্টেমটি সিস্টেমের কর্মক্ষমতা এবং অভিজ্ঞতা সম্পর্কে মতামত নেয।,eng.bn The system takes feedback on the performance and experience of the system.
"Information on name, mobile number, date of registration and health status may be used for these purposes","নাম, মোবাইল নম্বর, নিবন্ধনের তারিখ এবং স্বাস্থ্যের স্থিতির তথ্য এই উদ্দেশ্যে ব্যবহার করা যেতে পারে","eng.name, mobile number, date of registration and health status information may be used for this purpose."
Tracking of services to the end beneficiary at a click of a button.,ব্যাস একটি বোতামের ক্লিকেই শেষ সুবিধাভোগী পর্যন্ত পরিষেবার ট্র্যাকিং।,eng.bnBase tracking of services to the last beneficiary with the click of a button.
"Services like Take Home Ration (THR) and Hot cooked Meal (HCM), vaccination for Infants and Pregnant Women","টেক হোম রেশন (THR) এবং গরম রান্না করা খাবার (HCM), শিশু এবং গর্ভবতী মহিলাদের জন্য টিকা প্রদানের মতো পরিষেবা","eng.bg Take home ration (THR) and hot cooked food (HCM), services like vaccination for babies and pregnant women"
"New Poshan Tracker App (13 January, 2021)","নতুন পশান ট্র্যাকার অ্যাপ (১৩ জানুযারী, ২০২১)","eng.bn new Passion Tracker app (January 13, 2021)"
Preventing illnesses to avert Malnutrition and Death,অপুষ্টি এবং মৃত্যু এডাতে অসুস্থতা প্রতিরোধ করা,eng.org - Preventing malnutrition and death.
Scan the QR Code to Download the App,অ্যাপটি ডাউনলোড করতে QR কোড স্ক্যান করুন, Scan the QR code to download the appbn.
Pregnant women who received Take Home Ration (THR),গর্ভবতী মহিলারা যারা টেক হোম রেশন (THR) পেযেছেন,engon wanita hamil yang telah mendapat rasio rumah tangga (THR)
General Awareness on SAM and MAM,SAM এবং MAM সম্পর্কে সাধারণ সচেতনতা, General awareness of SAMbn and MAM
"App can be accessed offline, currently daily tracking feature is available for offline data entry.Offline mode can store latest 3 days data.","না, কোনও বৈধ ইন্টারনেট সংযোগ ছাডা এই অ্যাপটি কাজ করে না।","eng, no valid internet connection shada This app does not work."
These organizations will not use the APIs/ No-code webpage integration to encourage or promote illegal activity or violation of third-party rights including these Terms with Poshan Tracker.,এই সংস্থাগুলি পোশান ট্র্যাকারের সাথে এই শর্তাদি সহ অবৈধ কার্যকলাপ বা তৃতীয পক্ষের অধিকার লঙ্ঘনকে উত্সাহিত বা প্রচার করতে APIs/ নো-কোড ওযেবপেজ ইন্টিগ্রেশন ব্যবহার করবে না।,eng.bnth These companies will not use API/no-code webpage integration to encourage or promote illegal activity or third party rights violation with clothing tracker including these terms.
"Pregnant Women, Lactating Mothers, Children from 6 months to 3 years and adolescent girls.","গর্ভবতী মহিলা, স্তন্যদানকারী মা, 6 মাস থেকে 3 বছর বযসী শিশু এবং কিশোরী মেযেরা।","eng, ibu hamil, bayi umur 6 bulan 3 tahun, dan remaja mayaera."
"New Poshan Tracker App : CSC-SPV Nodal Person (02 February, 2021)","নতুন পশান ট্র্যাকার অ্যাপঃ CSC-SPV নোডাল পারসান (০২ ফেব্রুযারি, ২০২১)", The new Passion Tracker app: CSC-SPV Nodal Person (02 February 2021)
An AWW can use ‘Migrate Beneficiary’ option to migrate a beneficiary from one AWC to another AWC basis their Aadhaar number.,একটি AWW একটি AWC থেকে অন্য AWC-তে তাদের আধার নম্বরের ভিত্তিতে স্থানান্তর করতে 'মাইগ্রেট বেনিফিশিযারি' বিকল্প ব্যবহার করতে পারেন।, An AWbnW can use the 'Migrat Beneficiary' option to transfer their AWCs from one AWC to another based on their Aadhaar number.
A beneficiary is eligible for HCM for at least 21 days in a month.,একজন সুবিধাভোগী মাসে অন্তত 21 দিনের জন্য HCM পাওযার যোগ্য।, A beneficiary is eligible for HCM for at least 21 days per month.
ABHA (Health ID) and its Benefits,ABHA (স্বাস্থ্য আইডি) এবং এর সুবিধা,eng (ABHAbn) and its benefits.
"We'ar sorry, the page you requested could not be found.","আমরা দুঃখিত, আপনি অনুরোধ করা পৃষ্ঠাটি পাওযা যাযনি।","eng, tapi tidak bisa menemukan halaman yang anda minta."
Dadra & Nagar Haveli - Daman & Diu,দাদরা ও নগর হাভেলি - দমন ও দিউ,eng Dadra and Nagar Haveli - Daman and Diu
Download Mobile App from Play Store,প্লে স্টোর থেকে মোবাইল অ্যাপ ডাউনলোড করুন, Download mobile app from the Playbn Store
"Further, whenever you change or access your account on the System or any information relating to it, we offer the use of a secure server.","উপরন্তু, যখনই আপনি সিস্টেমে আপনার অ্যাকাউন্ট বা এটি সম্পর্কিত কোনো তথ্য পরিবর্তন করেন বা অ্যাক্সেস করেন, আমরা একটি সুরক্ষিত সার্ভার ব্যবহারের প্রস্তাব দিই।","eng, kapan saja anda mengubah atau mengakses akun anda atau informasi yang berkaitan dengan akun tersebut, kami sarankan anda menggunakan server yang aman."
General Awareness on the Delivery of the child,সন্তান প্রসবের বিষযে সাধারণ সচেতনতা, General awareness of childbirth
"We also use the data to operate our services, which includes analyzing our performance, meeting our legal obligations, developing our workforce, and doing research.","এছাডাও আমরা আমাদের পরিষেবাগুলি পরিচালনা করার জন্য ডেটা ব্যবহার করি, যার মধ্যে রযেছে আমাদের কর্মক্ষমতা বিশ্লেষণ করা, আমাদের আইনি বাধ্যবাধকতা পূরণ করা, আমাদের কর্মশক্তির বিকাশ করা এবং গবেষণা করা।"," We also use data to run our services, including analyzing our performance, meeting our legal obligations, developing and researching our workforce."
Where can I enquire about Hot Cooked Meal?,আমি কোথায গরম রান্না করা খাবার সম্পর্কে জিজ্ঞাসা করতে পারি?,eng. - Kepiye carane bisa takon babagan masakan panas?
In how many languages AWW can enter the data while filling up the form?,ফরম পূরণের সময কতগুলি ভাষায AWW বা AWC তথ্য দেওযা যাবে ?,eng.jpg Kepiye carane bisa menehi informasi AWW utawa AWC ?
Children who are identified as deficit on nutrition are eligible for additional food supplements.,যেসব শিশুদের মধ্যে পুষ্টির ঘাটতি চিহ্নিত করা হযেছে তারা অতিরিক্ত খাদ্য সম্পূরক পাওযার যোগ্য।,eng.org - Those children who have been diagnosed with malnutrition are eligible for supplemental nutrition.
An underweight person is a person whose body weight is considered too low to be healthy,একজন কম ওজনের ব্যক্তি হল সে যার শরীরের ওজন স্বাস্থ্যকর হওযার জন্য খুব কম বলে মনে করা হয,eng = orang yang berat badannya terlalu kecil untuk menjadi sehat.
When and how to use MPIN?,MPIN কখন এবং কীভাবে ব্যবহার করবেন?, When and how do you use MPINbn?
Ensuring that complementary feeding improves over time,পরিপূরক খাওযানো যাতে সমযের সাথে সাথে উন্নত হয তা নিশ্চিত করা,eng.org Supplemental feeding to ensure that it improves over time.
Using ABHA (Health ID) is the first step towards creating safer and efficient digital health records for you and your family.,ABHA (স্বাস্থ্য আইডি) ব্যবহার করা আপনার এবং আপনার পরিবারের জন্য নিরাপদ এবং এটি দক্ষ ডিজিটাল স্বাস্থ্য রেকর্ড তৈরি করার জন্য প্রথম পদক্ষেপ।, Using ABHAbn (Health ID) is safe for you and your family and is the first step to creating an efficient digital health record.
ABHA (earlier known as Health ID) is an acronym for Ayushman Bharat Health Account.,ABHA (যা আগে স্বাস্থ্য আইডি নামে পরিচিত ছিল) হল আযুষ্মান ভারত স্বাস্থ্য অ্যাকাউন্টের সংক্ষিপ্ত রূপ।,eng (formerly known as Health ID) is the acronym for Ayushman Bharat Health Account.
AWW/AWCs can only be added by nodal level official.Anybody in the above rank in the hierarchy.,"AWW/AWCs কেবল নোডাল স্তরের কর্মকর্তা দ্বারা যুক্ত করা যেতে পারে।উপরের রাইনে যে কেউ হাযারায আছে জাতীয স্তরের ব্যবহারকারীরা যেমন রাজ্য, জেলা, প্রকল্প এবং খাত স্তরের ব্যবহারকারী তৈরি করতে পারে।রাজ্য স্তরের ব্যবহারকারীরা জেলা, প্রকল্প এবং খাত স্তরের ব্যবহারকারী তৈরি করতে পারে, জেলা স্তরের ব্যবহারকারী প্রকল্প এবং খাত স্তরের ব্যবহারকারী তৈরি করতে পারে, প্রকল্প স্তরের ব্যবহারকারী সেক্টর স্তরের ব্যবহারকারী তৈরি করতে পারবেন।","eng AWW/AWCs can only be added by a node-level official.Anyone on the upper Rhine who has a high-level can create user-level nationalities such as state, district, project and sector-level users.bn State-level users can create user-level users at district, project and sector level users can create user-level projects and sector-level users can create user-level projects and sector-level users can create user-level projects.bn"
Where can I enquire about take home ration?,বাডিতে নিযে যাওযার জন্য রেশনের ব্যাপারে আমি কোথায জিজ্ঞাসা করতে পারি?, Ke mana saya bisa tanya soal rasion untuk dibawa ke Badibun?
We use the information we collect from all our services for the following purposes:,আমরা নিম্নলিখিত উদ্দেশ্যে আমাদের সমস্ত পরিষেবা থেকে সংগ্রহ করা তথ্য ব্যবহার করিঃ, We use the information we collect from all our services for the following purposes:
Identification & Referral of Sick Newborn,অসুস্থ নবজাতকের সনাক্তকরণ ও রেফারেল,eng.net - Identification and referral of a sick newborn.net
 XIV. CORRECTNESS OF DATA PROVIDED BY THIRD PARTY SYSTEMS, XIV. তৃতীয পক্ষের সিস্টেম দ্বারা প্রদত্ত ডেটার সঠিকতা,eng.XIV.bn The accuracy of data provided by third party systems
Who is eligible for Take Home Ration?,কে বাডিতে নিযে যাওযার জন্য রেশনের পাওযার যোগ্য?,eng.org Siapa yang layak mendapat rasion untuk dibawa ke BADI?
Supporting mothers with issues in Breastfeeding,স্তন্যপান করানোযে সমস্যা আছে এমন মাযেদের জন্য সহাযতা,engebnpenyusuyangyangyangyangyangyangyangyangyangyangyangyangyangyangyangyangyangyangyangyangyangyangyangyangyangyangyangyangyangyangyangyangyangyangyangyangyangyangyangyangyangyangyangyangyangyangyangyangyangyangyangyangyangyangyangyangyangyangyangyangyangyangyangyangyangyangyangyangyangyangyangyangyangyangyangyangyangyangyangyangyangyangyangyangyangyangyangyangyangyangyangyangyangyangyangyangyangyangyangyangyangyangyangyangyangyangyangyangyangyangyangyangyangyangyangyangyangyangyangyangyangyangyangyangyangyangyangyangyangyangyangyangyangyangyangyangyangyangyangyangyangyangyangyangyangyangyangyangyangyangyangyangyangyangyangyangyangyangyangyangyangyangyangyangyangyangyangyangyangyangyangyangyangyangyangyangyangyangyangyangyangyangyangyangyangyangyangyangyangyangyangyangyang
"The proposed system should enable real-time monitoring and tracking of all AWCs, AWWs and beneficiaries on the defined indicators.","প্রস্তাবিত সিস্টেমে নির্ধারিত সূচকগুলিতে সমস্ত AWC, AWW এবং সুবিধাভোগীদের রিযেল-টাইম মনিটরিং এবং ট্র্যাকিং সক্ষম করতে হবে।"," All AWC, AWW and beneficiaries must be enabled to real-time monitoring and tracking at the indices specified in the proposed system."
Above standards are defined as per given above mentioned age brackets,উপরের মানগুলি উপরে উল্লিখিত বযস বন্ধনী অনুসারে সংজ্ঞাযিত করা হযেছে,eng.bn The values above are defined according to the above-mentioned age bracket.
"If a person is underweight, their body may not be getting the nutrients it needs to build healthy bones, skin and hair","যদি একজন ব্যক্তির ওজন কম হয, তবে তার শরীর স্বাস্থ্যকর হাড, ত্বক এবং চুল গঠনের জন্য প্রযোজনীয পুষ্টি নাও পেতে পারে","eng, body may not receive the nutrients needed to produce healthy bones, skin, and hair."
MPIN can be set by respective Anganwadi worker by requesting an OTP against his/her mobile number.,MPIN-টি মোবাইল নম্বরটির জন্য একটি OTP অনুরোধের মাধ্যমে সংশ্লিষ্ট আঙ্গনবাদী কর্মী দ্বারা সেট করা যেতে পারে।,eng.mpin-bn-t-t-t-t-t-t-t-t-t-t-t-t-t-t-t-t-t-t-t-t-t-t-t-t-t-t-t-t-t-t-t-t-t-t-t-t-t-t-t-t-t-t-t-t-t-t-t-t-t-t-t-t-t-t-t-t-t-t-t-t-t-t-t-t-t-t-t-t-t-t-t-t-t-t-t-t-t-t-t-t-t-t-t-t-t-t-t-t-t-t-t-t-t-t-t-t-
"If Mobile number is already present in the database, the respective Anganwadi person will receive 4 digits OTP on registered mobile number.",যদি মোবাইল নম্বরটি ইতিমধ্যে ডেটাবেজে উপস্থিত থাকে তবে সংশ্লিষ্ট অঙ্গনওযাদী ব্যক্তি নিবন্ধিত মোবাইল নম্বরে ৪ ডিজিট OTP পাবেন।," If the mobile number is already in the database, the person concerned will receive a 4-digit OTP on the registered mobile number."
"Post entering the OTP, AWW can easily set customized MPIN.",OTP এন্টার করার পর AWW সহজেই কাস্টমাইজড MPIN সেট করতে পারেন।, AWW can easily set custom MPIN after entering OTPbn.
"It enables your interaction with participating healthcare providers, and allows you to receive your digital lab reports, prescriptions and diagnosis seamlessly from verified healthcare professionals and health service providers.","এটি অংশগ্রহণকারী স্বাস্থ্যসেবা প্রদানকারীদের সাথে আপনার মিথস্ক্রিযাকে সক্ষম করে এবং আপনাকে আপনার ডিজিটাল ল্যাব রিপোর্ট, প্রেসক্রিপশন এবং নির্ণযের যাচাইকৃত স্বাস্থ্যসেবা পেশাদার এবং স্বাস্থ্য পরিষেবা প্রদানকারীদের কাছ থেকে নির্বিঘ্নে পেতে অনুমতি দেয।"," Enables your interaction with participating healthcare providers and allows you to receive your digital lab reports, prescriptions and diagnoses seamlessly from certified healthcare professionals and healthcare providers."
Our System provides API to Third – Party Sites that may collect your personal information.,আমাদের সিস্টেম তৃতীয পক্ষের সাইটগুলিকে API প্রদান করে যা আপনার ব্যক্তিগত তথ্য সংগ্রহ করতে পারে।,eng.bn system provides third party sites with API that may collect your personal information.
Poshan Tracker is not in any manner responsible for the security of such information or their privacy practices or content of those Third – Party Sites.,পোশান ট্র্যাকার এই ধরনের তথ্য বা তাদের গোপনীযতা অনুশীলন বা ঐ তৃতীয পক্ষের সাইটের বিষযবস্তুর নিরাপত্তার জন্য কোনোভাবেই দাযী নয।, ClothingTracker is in no way responsible for the security of such information or their privacy practices or the toxic content of those third party sites.
These third-party service providers and Third-Party Sites may have their own privacy policies governing the storage and retention of your information that you may be subject to.,এই তৃতীয পক্ষের পরিষেবা প্রদানকারী এবং তৃতীয পক্ষের সাইটগুলির নিজস্ব গোপনীযতা নীতি থাকতে পারে যা আপনার তথ্যের সঞ্চযস্থান এবং রক্ষা করা নিযন্ত্রণ করে যা আপনার সাপেক্ষে হতে পারে।, These third-party service providers and third-party sites may have their own privacy policies that control the storage and protection of your information that may be subject to your control.
"This Privacy Policy does not govern any information provided to, stored on, or used by these third-party providers and Third-Party Sites.","এই গোপনীযতা নীতি এই তৃতীয-পক্ষ প্রদানকারী এবং তৃতীয পক্ষের সাইটগুলিতে সরবরাহ করা, সংরক্ষণ করা বা ব্যবহার করা কোনো তথ্য নিযন্ত্রণ করে না।"," This Privacy Policy does not control any information provided, stored or used on these third-party providers and third-party sites."
"We recommend that when you enter a Third-Party Site, you review the Third Party Site’s privacy policy as it relates to safeguarding of your information.","আমরা সুপারিশ করি যে যখন আপনি একটি তৃতীয পক্ষের সাইটে প্রবেশ করেন, তখন আপনি তৃতীয পক্ষের সাইটের গোপনীযতা নীতি পর্যালোচনা করুন কারণ এটি আপনার তথ্যের সুরক্ষার সাথে সম্পর্কিত।"," We recommend that when you access a third party site, you review the third party site's privacy policy as it relates to the protection of your information."
You agree and acknowledge that Poshan Tracker will not be liable for the information published in search results or by any Third-Party Sites.,আপনি সম্মত এবং স্বীকার করছেন যে অনুসন্ধান ফলাফলে বা কোনো তৃতীয পক্ষের সাইট দ্বারা প্রকাশিত তথ্যের জন্য পোশান ট্র্যাকার দাযী হবে না।, You agree and acknowledge that DressTracker will not be liable for any information posted by any third party site in search results or any third party site.
Your Reference ID (Mobile number) will only be co-related with your personal information in order to communicate to you through SMS as per the clause 1 above.,আপনার রেফারেন্স আইডি (মোবাইল নম্বর) উপরের ধারা 1 অনুযাযী SMS এর মাধ্যমে আপনার সাথে যোগাযোগ করার জন্য শুধুমাত্র আপনার ব্যক্তিগত তথ্যের সাথে সহ-সম্পর্কিত হবে।,eng.id (nomor handphone) Reference ID (nomor handphone) will only be co-linked with your personal information to contact you via the above Section 1 Subsidized SMS.
"By visiting or using the Site, you expressly agree to these Terms, as updated from time to time.","সাইট পরিদর্শন বা ব্যবহার করে, আপনি স্পষ্টত এই শর্তাবলীতে সম্মত হন, যা সমযে সমযে আপডেট করা হয।"," By visiting or using the site, you expressly agree to these terms and conditions, which are updated from time to time."
"If you do not agree with any part of these terms, do not use the site.",আপনি যদি এই শর্তাবলীর কোন অংশের সাথে সম্মত না হন তবে সাইটটি ব্যবহার করবেন না।," If you do not agree to any part of these terms, do not use the site."
You may not use the Site in any manner and may not accept the Terms if you are not of legal age to form a binding contract.,আপনি কোনোভাবেই সাইটটি ব্যবহার করতে পারবেন না এবং শর্তাবলী গ্রহণ করতে পারবেন না যদি আপনি একটি বাধ্যতামূলক চুক্তি গঠনের জন্য আইনসম্মত বযসের না হন।, You cannot use the site in any way and accept the terms unless you are of legal age to enter into a binding agreement.
Bacillus Calmette Guerin (BCG)Oral Polio Vaccine (OPV)-0 dose Hepatitis B birth dose OPV-1 T,ব্যাসিলাস ক্যালমেট গুযেরিন (বিসিজি)ওরাল পোলিও ভ্যাকসিন (OPV)-0 ডোজ হেপাটাইটিস B বার্থ ডোজ OPV-1 T,eng (BCG)Oral polio vaccine (OPV)-0 dose of hepatitis B Birth dose OPV-1 Tbn
"The information collected under Clause 1, shall be used for the purpose of facilitating the health of the beneficiaries.","ধারা 1 এর অধীনে সংগৃহীত তথ্য, সুবিধাভোগীদের স্বাস্থ্য সুবিধার উদ্দেশ্যে ব্যবহার করা হবে।","eng artikel 1bn, data yang dikumpulkan akan digunakan untuk tujuan kesehatan pemegang manfaat."
"We provide our products, which includes updating, securing, and troubleshooting the information/data/ materials and contents of the System, as well as providing support.","আমরা আমাদের পণ্যগুলি সরবরাহ করি, যার মধ্যে সিস্টেমের তথ্য/ডেটা/ সামগ্রী এবং বিষযবস্তু আপডেট করা, সুরক্ষিত করা এবং সমস্যা সমাধান করা, সেইসাথে সহাযতা প্রদান করা অন্তর্ভুক্ত থাকে।","eng.co.uk - We provide our products, including system information/data/content and toxicity updating, securing and troubleshooting, as well as providing assistance."
"When you register on Poshan Tracker, the Mobile number with which you registered, will be used to locate your record from the database.","আপনি যখন পোশান ট্র্যাকার-এ রেজিস্টার করবেন, যে মোবাইল নম্বর দিযে আপনি রেজিস্টার করেছেন, সেটি ডাটাবেস থেকে আপনার রেকর্ড সনাক্ত করতে ব্যবহার করা হবে।","eng.bnWhen you register in a garment tracker, the mobile number you've registered will be used to identify your records from the database."
These can also be used to assess the health status as recorded in the Poshan Tracker system.,এগুলি পোশান ট্র্যাকার সিস্টেমে নথিভুক্ত হেল্থ স্ট্যাটাস মূল্যাযন করতেও ব্যবহার করা যেতে পারে।,eng.org/>Even they can be used to assess the health status of the clothing tracker system.
Training on ICT Platform under POSHAN Abhiyaan,পোশান অভিযানের অধীনে আইসিটি প্ল্যাটফর্মে প্রশিক্ষণ,eng.cn Training in the ICT Platform under the Dress Campaign
"Know more about stunting, wasting and underweight","বৃদ্ধিতে বাধা, অপুষ্টি এবং কম ওজন সম্পর্কে আরও জানুন","eng, malnutrition, and weight loss."
What information to be added in AWC forms?,AWC ফর্মগুলিতে কোন তথ্য যুক্ত করতে হবে?, What information do I need to add to AWCbn forms?
How to revive your health if you are Moderately Wasted (MAM),আপনি যদি পরিমিতভাবে অপুষ্টির শিকার হযে থাকেন (MAM) তাহলে কীভাবে আপনার স্বাস্থ্যকে পুনরুজ্জীবিত করবেন," ""If you're moderately malnourished (MAM), how can you restore your health?"""
AWC Workers Registered In Last 30 Days,শেষ ৩০ দিনে এডাব্লুসি ওযার্কার্স রেজিস্ট্রেশন করা হযেছে," Over the past 30 billion days, there have been registered AWS Workers."
Click on above button to get this App,এই অ্যাপটি পেতে উপরের বোতামটিতে ক্লিক করুন,eng.exe Click on the button above to get this app.
Beneficiaries Registered In Last 30 Days,গত ৩০ দিনে নিবন্ধিত সুবিধাভোগী, The last 30 billion registered beneficiaries in the last 30 days.
Specifications of Smart phone and Technical Compatibility Testing,স্মার্টফোনের স্পেসিফিকেশন এবং প্রযুক্তিগত সামঞ্জস্য পরীক্ষা,eng.bn Smartphone specifications and technical compatibility testing
Preparation During Pregnancy - For NewBorn Care & Family Planning,গর্ভাবস্থায প্রস্তুতি - নবজাতকের যত্ন ও পরিবার পরিকল্পনার জন্য,engorganapreparation - for newborn care and family planning
Stunting is the impaired growth and development that children experience from poor nutrition,স্টান্টিং হল বৃদ্ধি এবং বিকাশে বাধা অপুষ্টির কারণে শিশুরা যার শিকার হয,eng = Stunting is the practice of growing and developing children who are victims of malnutrition due to developmental disabilities.
Children in the age group of 3 years to 6 years,3 বছর থেকে 6 বছর বযসী শিশুরা,eng.org - 3 - 6 - 6 - 6 - 6 - 6 - 6 - 6 - 6 - 6 - 6 - 6 - 6 - 6 - 6 - 6 - 6 - 6 - 6 - 6 - 6 - 6 - 6 - 6 - 6 - 6 - 6 - 6 - 6 - 6 - 6 - 6 - 6 - 6 - 6 - 6 - 6 - 6 - 6 - 6 - 6 - 6 - 6 - 6 - 6 - 6 - 6 - 6 - 6 - 6 - 6 - 6 - 6 - 6 - 6 - 6 - 6 - 6 - 6 - 6 - 6 - 6 - 6 - 6 - 6 - 6 - 6 - 6 - 6 - 6 - 6 - 6 - 6 - 6 - 6 - 6 - 6 - 6 - 6 - 6 - 6 - 6 - 6 - 6 - 6 - 6 - 6 - 6 - 6 - 6 - 6 - 6 - 6 - 6 - 6 - 6 - 6 - 6
What is the eligibility of a beneficiary?,একজন সুবিধাভোগীর কি যোগ্যতা থাকতে হবে?,eng.co.id - A beneficiary must be qualified?
Who are the target userbase of Poshan Tracker App?,পশান ট্র্যাকার অ্যাপের টার্গেট ব্যবহারকারী বেস কারা?,eng.bnPushTracker App's target user base is who?
"It often indicates recent and severe weight loss, although it can also persist for a long time","এটা সাম্প্রতিক এবং গুরুতর ওজন হ্রাস নির্দেশ করে, যদিও এটি দীর্ঘ সমযের জন্যও চলতে পারে"," This indicates recent and serious weight loss, although it can last for a long time."
What is the minimum requirement to install Poshan Tracker App in mobile?,মোবাইলে পশান ট্র্যাকার অ্যাপটি ইনস্টল করার জন্য ন্যূনতম প্রযোজনীযতা কী?,eng.bn What is the minimum productivity to install the Passion Tracker app on mobile?
You will only access (or attempt to access) the Site by the means described in the Documentation and will comply with the terms and conditions of this Agreement.,আপনি শুধুমাত্র ডকুমেন্টেশনে বর্ণিত উপাযে সাইটটি অ্যাক্সেস (বা অ্যাক্সেস করার চেষ্টা) করবেন এবং এই চুক্তির শর্তাবলী মেনে চলবেন।,eng.org - You will only access (or attempt to access) the site in the manner described in the documentation and will be bound by the terms of this agreement.
"You will comply with all Central and State laws, rules and regulations applicable to you and your use of the Site and affecting any third-party rights.","আপনি সমস্ত কেন্দ্রীয ও রাজ্য আইন, আপনার এবং আপনার সাইটের ব্যবহার এবং কোনও তৃতীয পক্ষের অধিকারকে প্রভাবিত করার জন্য প্রযোজ্য নিযম এবং প্রবিধানগুলি মেনে চলবেন।"," You must comply with all federal and state laws, applicable rules and regulations to affect your and your site use, and any third party rights."
You can participate in Swastha Balak Balika Spardha by registering through the website https://poshantracker.,You can participate in Swastha Balak Balika Spardha by registering through the website https://poshantracker.,eng.org - You can participate in Swastha Balak Balika Spardha by registering through the website https://poshantracker.
in or by downloading ‘Poshan Tracker’ App from Google Play Store.,in or by downloading 'Poshan Tracker' App from Google Play Store., or by downloading 'Poshan Tracker' App from Google Play Store.
Clarification regarding Cost of Smart phones,স্মার্ট ফোনের খরচ সংক্রান্ত ব্যাখ্যা, Smartphone cost explanation
Measles Containing vaccine (MCV)/Measles & Rubella (MR)-1Japanese Encephalitis(JE)-1**PCV-Booster,হামের ভ্যাকসিন (MCV)/হাম ও রুবেলা (MR)-1জাপানিজ এনসেফালাইটিস (জেই)-1**PCV-বুস্টার,eng.bn Hamer Vaccine (MCV)/Ham and Rubella (MR)-1Japanese Encephalitis (JE)-1**PCV-Booster
Mobile number need to be validated within a week,মোবাইল নম্বরটি এক সপ্তাহের মধ্যে যাচাই করতে হবে, The mobile number must be verified within a week.
Currently a beneficiary can register by the help of an AWW,বর্তমানে একজন সুবিধাভোগী AWW এর সাহায্যে নিবন্ধন করতে পারেন," Currently, a billionaire beneficiary can register using AWW."
Awareness for Lactating Mother Complimentary Feeding for Children,শিশুদের জন্য স্তন্যদানকারী মাযেদের পরিপূরক খাওযানোর বিষযে সচেতনতা,eng.org - Awareness of supplemental feeding of breastfeeding mothers for infants
New Poshan Tracker App - CSC-SPV Nodal Person,নতুন পোশান ট্র্যাকার অ্যাপ - CSC-SPV নোডাল ব্যক্তি,eng.bn new clothing tracker app - CSC-SPV nodal person
1.1. Information you provide to us.,1.1. যে তথ্য আপনি আমাদের প্রদান করেন।,eng.1.1bn of the information you provide us.
How can one access Poshan Tracker Dashboard?,কীভাবে কেউ পশান ট্র্যাকার ড্যাশবোর্ড অ্যাক্সেস করতে পারে?, How can anyone access the Push Tracker dashboard?
Prevention of Anemia in children and adolescents girls,শিশু এবং কিশোরী মেযেদের মধ্যে রক্তাল্পতা প্রতিরোধ,eng.bn Preventing blood clots in children and teenagers
Gangarampur Addl. I. C. D. S Project,গঙ্গারামপুর অ্যাডিশনাল  আই. সি. ডি. এস. প্রকল্প,engrampur additional icds project
Can a beneficiary register directly using application.,একজন সুবিধাভোগী কি অ্যাপ্লিকেশনটি ব্যবহার করে সরাসরি নিবন্ধন করতে পারেন।,eng.org - A beneficiary can register directly using the application using the application.
The Ministry of Women and Child Development has rolled out Poshan Tracker application.,মহিলা ও শিশু উন্নযন মন্ত্রণালয পশান ট্র্যাকার আবেদনটি কার্যকর করেছে।,"eng.co.uk, Ministry of Women and Child Development, has implemented the Pashan Tracker application."
"The goal is to follow nutrition systems strengthening approach for improving maternal and child undernutrition, focused on strengthening implementation bottlenecks at all levels.","লক্ষ্যটি হ'ল মাতৃ এবং শিশুদের অপুষ্টি বৃদ্ধির উন্নযনের জন্য পুষ্টি ব্যবস্থা জোরদার করার পদ্ধতি অনুসরণ করা, যা সমস্ত স্তরে বাস্তবাযনের বাধা জোরদার করার দিকে দৃষ্টি নিবদ্ধ করে।","eng.bn The goal is to follow a methodology to strengthen nutrition to promote maternal and child malnutrition growth, which focuses on strengthening the barriers to implementation at all levels."
"The Poshan Tracker is built using centralized data architecture, that also aligns with the digital technology systems of other ministries and programs.","পোশান ট্র্যাকারটি কেন্দ্রীযভাবে ডেটা আর্কিটেকচার ব্যবহার করে নির্মিত হযেছে, যা অন্যান্য মন্ত্রক এবং প্রোগ্রামগুলির ডিজিটাল প্রযুক্তি সিস্টেমগুলির সাথে একত্রিত হয।","eng.bn The Dress Tracker is built using a centralized data architecture, which is integrated with digital technology systems of other ministries and programs."
"The system provides a digital identity to each beneficiary through a digital card, and allows convergence of call centre with the technology platform.",সিস্টেমটি প্রতিটি উপকারভোগীকে ডিজিটাল কার্ডের মাধ্যমে একটি ডিজিটাল পরিচয সরবরাহ করে এবং প্রযুক্তি প্ল্যাটফর্মের মাধ্যমে কল সেন্টারের রূপান্তরকে অনুমতি দেয।,eng.bn System provides each beneficiary with a digital identity via a digital card and allows the conversion of the call center through the technology platform.
The system generates automated alerts to the critical last-mile beneficiaries.,সিস্টেমটি সমালোচনামূলকভাবে শেষ মাইল সুবিধাভোগীদের জন্য স্বযংক্রিয সতর্কতা তৈরি করে।,eng.bn system creates critical automated alerts for last mile beneficiaries.
"It also ensures efficient audit of the delivery system, by documenting real time attendance of beneficiaries and duty bearers.",এটি সুবিধাভোগী ও দাযিত্বশীলদের সত্যিকারের উপস্থিতি দলিল করে ডেলিভারি সিস্টেমের দক্ষ নিরীক্ষণ নিশ্চিত করে।, This documents the actual presence of the beneficiaries and liability holders and ensures efficient monitoring of the delivery system.
"Such a robust digital technology platform and management information system, will help the mission to scale efficiently, thereby generating and documenting significant positive impact.","এই জাতীয একটি শক্তিশালী ডিজিটাল প্রযুক্তি প্ল্যাটফর্ম এবং পরিচালনা তথ্য সিস্টেম মিশনটিকে দক্ষতার সাথে স্কেল করতে সহাযতা করবে, যার ফলে উল্লেখযোগ্য ইতিবাচক প্রভাব উত্পন্ন এবং ডকুমেন্টিং করা সম্ভব।"," A powerful digital technology platform and management information system that will help to scale the mission efficiently, thus generating significant positive impact and documenting."
Weight should be between 0.90 to 58,ওজন 0.90 থেকে 58-এর মধ্যে হওযা উচিত, Weight should be between 0.90 and 58 billion.
We own the intellectual property rights in the Site and Content.,সাইট এবং বিষযবস্তুর বৌদ্ধিক সম্পত্তির উপর আমাদের অধিকার রযেছে।, We have rights to the intellectual property of the site and its contents.
We may change the Content and features of the Site at any time.,আমরা যে কোনো সময সাইটের বিষযবস্তু এবং বৈশিষ্ট্য পরিবর্তন করতে পারি।, We may change the content and features of the site at any time.
"The registered and unregistered trademarks, logos, and service marks displayed on the Site are owned by us or our licensors.","সাইটে প্রদর্শিত নিবন্ধিত এবং অনিবন্ধিত ট্রেডমার্ক, লোগো এবং পরিষেবা চিহ্নগুলি আমাদের বা আমাদের লাইসেন্সকারীদের মালিকানাধীন।"," The registered and unregistered trademarks, logos and service marks displayed on the site are our or our licensors' own."
"You may not use our trademarks, logos, and service marks in any way without our prior written permission.","আপনি আমাদের পূর্ব লিখিত অনুমতি ছাডা কোনোভাবেই আপনার ট্রেডমার্ক, লোগো এবং পরিষেবা চিহ্ন ব্যবহার করতে পারবেন না।","eng.bn You can't use our pre-written permission tab in any way your trademark, logo, and service mark."
Material featured on this website may be reproduced free of charge.,এই ওযেবসাইটে বৈশিষ্ট্যযুক্ত উপাদান বিনামূল্যে পুনরুৎপাদন করা যেতে পারে।," ""The material featured on this website can be reproduced for free."
"Wherever the material is being published or issued to others, the source must be prominently acknowledged.","যেখানেই উপাদানটি প্রকাশ করা হবে বা অন্যদের কাছে জারি করা হবে, উৎসটি অবশ্যই স্পষ্টভাবে স্বীকার করতে হবে।","eng wherever thebn material is to be disclosed or released to others, the source must be clearly acknowledged."
"However, the permission to reproduce this material shall not extend to any material which is identified as being copyright of a third party.","যাইহোক, এই উপাদানটি পুনরুত্পাদন করার অনুমতি এমন কোনও উপাদানে প্রসারিত হবে না যা তৃতীয পক্ষের কপিরাইট হিসাবে চিহ্নিত করা যেতে পারে।","eng, izin untuk memulangkan materi ini tidak akan diperluas ke materi yang dapat diidentifikasi sebagai hak cipta pihak ketiga."
MPIN can be easily reset by any AWW/AWC user.,MPIN যে কোনও AWW/AWC ব্যবহারকারী সহজেই রিসেট করতে পারে।, MPINbn can be easily reset by any AWW/AWC user.
"You are required to click on Forgot MPIN, and enter your registered mobile number.",আপনাকে ভুলে যাওযা MPIN- এ ক্লিক করতে হবে এবং আপনার নিবন্ধিত মোবাইল নম্বর লিখতে হবে।,"engren, you need to click on forgotten MPIN and enter your registered mobile number."
You will receive and OTP on your registered mobile number and you can ealily reset your MPIN,আপনি আপনার নিবন্ধিত মোবাইল নম্বরে পাবেন এবং OTP পাবেন এবং আপনি খুব সহজেই আপনার MPIN পুনরায সেট করতে পারবেন।,eng.org - You will receive your registered mobile number and OTP and you will be able to easily reset your MPIN.
The Poshan Tracker is a job-aid to the Anganwadi worker for efficient delivery of services along with reflection of their efforts.,পোশান ট্র্যাকার হল অঙ্গনওযাডি কর্মীদের তাদের প্রচেষ্টার প্রতিফলন সহ দক্ষতার সাথে পরিষেবা প্রদানের জন্য একটি জব এড।,"eng.bn Fashion Tracker is a job ad for providing service to employees of AngonWyadi efficiently, reflecting their efforts."
It is a critical and beneficiary-centric service delivery Application under POSHAN Abhiyaan which will promote real time data with analytics,এটি পোশান অভিযানের অধীনে একটি গুরুত্বপূর্ণ এবং সুবিধাভোগী-কেন্দ্রিক পরিষেবা সরবরাহের অ্যাপ্লিকেশন যা বিশ্লেষণ করে রিযেল টাইম ডেটা প্রোমোট করবে,eng.it is an important and beneficiary-centric service delivery application under the clothing campaign that will promote real-time data by analyzing it.
Please enter valid Date of Birth,অনুগ্রহ করে বৈধ জন্ম তারিখ লিখুন,"eng.bn, please enter a valid date of birth"
Who is eligible for additional supplementary food?,কে অতিরিক্ত সম্পূরক খাদ্য পাওযার যোগ্য?,engkg.org.org. - Am I eligible for the additional dietary supplement?
"We reserve the unconditional right to change, modify, add, or remove any part of these Terms at any time, without specifically notifying you of such changes.","আমরা এই ধরনের পরিবর্তনগুলি সম্পর্কে আপনাকে নির্দিষ্টভাবে অবহিত না করে যেকোন সমযে এই শর্তাবলীর যেকোনো অংশ পরিবর্তন, সংশোধন, যোগ বা অপসারণ করার নিঃশর্ত অধিকার সংরক্ষণ করি।"," We reserve the unconditional right to modify, amend, add or remove any part of these Terms at any time without specifically notifying you of such changes."
Any changes or updates will be effective immediately.,যেকোনো পরিবর্তন বা আপডেট অবিলম্বে কার্যকর হবে।,eng.bn.bb.b.b.b.b.b.b.b.b.b.b.b.b.b.b.b.b.b.b.b.b.b.b.b.b.b.b.b.b.b.b.b.b.b.b.b.b.b.b.b.b.b.b.b.b.b.b.b.b.b.b.b.b.b.b.b.b.b.b.b.b.b.b.b.b.b.b.b.b.b.b.b.b.b.b.b.b.b.b.b.b.b.b.b.b.b.b.b.b.b.b.b.b.b.b.b.b.
You take the responsibility to check these Terms of Use periodically for changes.,আপনি পরিবর্তনের জন্য পর্যাযক্রমে এই ব্যবহারের শর্তাবলী চেক করার দাযিত্ব নেন।,eng.org - You assume the responsibility of checking these Terms of Use from time to time for changes.
Your continued use of the platform post such revision shall constitute acceptance of the modified Terms.,এই ধরনের পুনর্বিবেচনার পর আপনার ক্রমাগত এই প্ল্যাটফর্মের ব্যবহার পরিবর্তিত শর্তাবলীর স্বীকৃতি গঠন করবে।," Following such a rethink, your continued use of this platform will constitute a recognition of the changed terms and conditions."
How many different types of reports can be generated over Poshan Tracker Dashboard?,পশান ট্র্যাকার ড্যাশবোর্ডের মাধ্যমে কতগুলি বিভিন্ন ধরণের প্রতিবেদন তৈরি করা যায?,eng.bn Passion Tracker Dashboard How many different types of reports can be created?
How to revive your health if you are Severely Wasted (SAM),আপনি মারাত্মকভাবে অপুষ্টির শিকার হলে কীভাবে আপনার স্বাস্থ্যকে পুনরুজ্জীবিত করবেন (SAM)," ""How to revive your health"" (SAM) if you are severely malnourished."
"See assessment charts for Stunted, Wasted and Underweight parameters","বৃদ্ধিতে বাধা, অপুষ্টি এবং কম ওজনের পরিমাপের জন্য মূল্যাযন চার্ট দেখুন","eng, gizi, dan berat badan rendah, lihat chart penilaian"
Resources for growth monitoring and general awareness,বৃদ্ধি পর্যবেক্ষণ এবং সাধারণ সচেতনতা জন্য সম্পদ,engbn sumber daya untuk pengamatan dan kesadaran umum
AWW are required to enter details related to infrastructure present in a particular Anganwadi centre.,AWC একটি নির্দিষ্ট অঙ্গনওযাডি কেন্দ্রে উপস্থিত অবকাঠামো সম্পর্কিত বিশদ লিখতে হবে।, AWCbn must enter details of the infrastructure present in a specific yard.
"This includes structure, basic amenities, facilities, sanitization, drinking water etc.","এর মধ্যে কাঠামো, মৌলিক সুযোগ-সুবিধা, সুযোগ-সুবিধা, স্যানিটাইজেশন, পানীয জল ইত্যাদি রযেছে।","eng, fasilitas dasar, fasilitas, sanitasi, air water, dll."
Lactating mothers who received Take Home Ration (THR),স্তন্যদানকারী মাযেরা যারা টেক হোম রেশন (THR) পেযেছেন,engers who have received a Tech Home Ration (THR)
"Poshan Tracker reserve the unconditional right to change, modify, add, or remove any part of this Privacy Policy at any time, without specifically notifying you of such changes.","পোশান ট্র্যাকার এই গোপনীযতা নীতির যেকোনো অংশ পরিবর্তন, সংশোধন, যোগ বা অপসারণ করার নিঃশর্ত অধিকার সংরক্ষণ করে, বিশেষভাবে এই ধরনের পরিবর্তনের বিষযে আপনাকে অবহিত না করেই।"," DressTracker reserves the unconditional right to modify, amend, add or remove any part of this Privacy Policy, especially without informing you of such changes."
Any changes or updates will be effective immediately.,যেকোনো পরিবর্তন বা আপডেট অবিলম্বে কার্যকর হবে।,eng.bn.bb.b.b.b.b.b.b.b.b.b.b.b.b.b.b.b.b.b.b.b.b.b.b.b.b.b.b.b.b.b.b.b.b.b.b.b.b.b.b.b.b.b.b.b.b.b.b.b.b.b.b.b.b.b.b.b.b.b.b.b.b.b.b.b.b.b.b.b.b.b.b.b.b.b.b.b.b.b.b.b.b.b.b.b.b.b.b.b.b.b.b.b.b.b.b.b.b.
You should review this Privacy Policy regularly for changes.,পরিবর্তনের জন্য আপনার এই গোপনীযতা নীতি নিযমিত পর্যালোচনা করা উচিত।, You should review this privacy policy regularly to change it.
"We will use commercially reasonable efforts to generally notify all users of any material changes to this Privacy Policy, such as through a notice on the System.","আমরা বাণিজ্যিকভাবে যুক্তিসঙ্গত প্রচেষ্টা ব্যবহার করব সাধারণভাবে এই গোপনীযতা নীতিতে যেকোন উপাদান পরিবর্তনের সমস্ত ব্যবহারকারীকে অবহিত করার জন্য, যেমন সিস্টেমে একটি নোটিশের মাধ্যমে।"," We will use commercially reasonable efforts to inform all users of any material changes to this privacy policy in general, such as through a notice to the system."
"However, as a user of the System, you should regularly check the Privacy Policy for any changes.","যদিও, সিস্টেমের একজন ব্যবহারকারী হিসাবে, যেকোনো পরিবর্তনের জন্য আপনার নিযমিত গোপনীযতা নীতি দেখা উচিত।","eng, sebagai pengguna sistem, anda harus melihat kebijakan privasi yang wajar untuk perubahan apapun."
"We will also update the “Last Updated” date at the top of this Privacy Policy, which reflects the effective date of this Privacy Policy.","আমরা এই গোপনীযতা নীতির শীর্ষে ""শেষ আপডেট করা"" তারিখটিও আপডেট করে দেবো, যা এই গোপনীযতা নীতির কার্যকর তারিখকে প্রতিফলিত করে।"," We will also update the ""last updated"" date at the top of this Privacy Policy, which reflects the effective date of this Privacy Policy."
Your continued access or use of the System after the date of the new Privacy Policy constitutes your acceptance of the new Privacy Policy.,নতুন গোপনীযতা নীতির তারিখের পরে আপনার ক্রমাগত অ্যাক্সেস বা সিস্টেমের ব্যবহার নতুন গোপনীযতা নীতিতে আপনার গ্রহণযোগ্যতা তৈরী করে।, Your continued access to or use of the system after the date of the new privacy policy increases your acceptance of the new privacy policy.
"If you do not agree to the new Privacy Policy, you must stop accessing and/or using the System.",আপনি যদি নতুন গোপনীযতা নীতির ব্যাপারে সম্মত না হন তাহলে আপনাকে অবশ্যই সিস্টেম অ্যাক্সেস করা এবং/অথবা ব্যবহার করা বন্ধ করতে হবে।,"eng.co.uk - If you do not agree with the new privacy policy, you must stop accessing and/or using the system."
What is the eligibility of a beneficiary?,একজন সুবিধাভোগীর কি যোগ্যতা থাকতে হবে?,eng.co.id - A beneficiary must be qualified?
"No, Poshan Tracker is available only for Android version","না , পশান ট্র্যাকারস অ্যাপটি শুধুমাত্র অ্যান্ড্রযেড ভার্সানের জন্য উপলব্ধ।","eng, aplikasi PushTracker hanya tersedia untuk versi Android."
 XV. INDEMNITY AND LIMITATION OF LIABILITY, XV. ক্ষতিপূরণ এবং দাযবদ্ধতার সীমাবদ্ধতা,eng.bn.1500m.Defense and Benefit Limitation
Growth monitoring report for all health indicators,সমস্ত স্বাস্থ্য সূচকের জন্য বৃদ্ধি পর্যবেক্ষণ প্রতিবেদন,eng laporan pengamatan pertumbuhan untuk semua indeks kesehatanbn
Take Home Ration (THR) given in last 30 days,গত ৩০ দিনের মধ্যে দেওযা হোম রেশন (টিএইচআর) নিন, Take home ration (THR) given in the last 30 billion days.
Children are defined as stunted if their height-for-age is more than two standard deviations below the WHO Child Growth Standards median,শিশুদের স্টান্টেড হিসাবে তখনই সংজ্ঞাযিত করা হয যখন তাদের বযস অনুযাযী উচ্চতা WHO চাইল্ড গ্রোথ স্ট্যান্ডার্ড মিডিযানের নিচের দুটি স্ট্যান্ডার্ড বিচ্যুতির বেশি হয," ""Children are defined as stunted only when their age-appropriate height exceeds the two standard deviations below WHO Child Growth Standard Median."
What is the purpose of Launching Poshan Tracker?,পশান ট্র্যাকার চালু করার উদ্দেশ্য কী?, What is the purpose of launching the pushbn tracker?
"As a registered user, you have the right to access your profile at any time.","একজন নিবন্ধিত ব্যবহারকারী হিসাবে, আপনার কাছে যেকোনো সময আপনার প্রোফাইল অ্যাক্সেস করার অধিকার রযেছে।"," As a registered user, you have the right to access your profile at any time."
"Although, the changes can only be done as prescribed by the Poshan Tracker system from time to time.","যদিও, পরিবর্তনগুলি শুধুমাত্র সমযে সমযে পোশান ট্র্যাকার সিস্টেম দ্বারা নির্ধারিত অনুসারেই করা যেতে পারে।","eng, perubahan hanya dapat dilakukan sesuai dengan ketentuan sistem pengesan pakaian secara berkala."
You cannot manage the communications that you receive from us or how you receive them.,আপনি আমাদের কাছ থেকে যে যোগাযোগগুলি পান আপনি সেগুলি কীভাবে গ্রহণ করবেন আপনি তা পরিচালনা করতে পারবেন না।,eng.uk: You cannot manage how you will receive the communications you receive from us.
" XIII. COMPLIANCE WITH LAW, THIRD PARTY RIGHTS, AND OTHER TERMS OF SERVICE"," XIII. আইনের সাথে সম্মতি, তৃতীয পক্ষের অধিকার, এবং পরিষেবার অন্যান্য শর্তাবলী",", rights of third parties, and other terms of service."
"repeated infection, and inadequate psychosocial stimulation","বারবার সংক্রমণ, এবং অপর্যাপ্ত মনোসামাজিক উদ্দীপনা","eng repeated transmission, and insufficient psychosocial stimulation."
Beneficiary migration from one AWC to another AWC,এক এডাব্লুসি (AWC) থেকে অন্য এডাব্লুসি (AWC)-তে সুবিধাভোগী স্থানান্তর,eng transfer beneficiary from one AWS to another AWS
"Training on ICT Platform under POSHAN Abhiyaan (02 February, 2021)","পশান অভিযানের আওতায আইসিটি প্ল্যাটফর্মে প্রশিক্ষণ (২২ ফেব্রুযারি, ২০২১)",eng.bn Phashan Mission's Outtaay ICT Platform Training (22 February 2021)
You may browse the Site without registering for an account.,একটি অ্যাকাউন্ট রেজিস্টার না করেই আপনি সাইটটি ব্রাউজ করতে পারেন।,eng.co.uk - You can browse the site without registering an account.
"You will be required to register for an account with your mobile number, if you intent to use certain features or services offered by the Site.",আপনি যদি সাইট দ্বারা অফার করা নির্দিষ্ট বৈশিষ্ট্য বা পরিষেবাগুলি ব্যবহার করতে চান তবে আপনাকে আপনার মোবাইল নম্বর দিযে একটি অ্যাকাউন্ট রেজিস্টার করতে হবে।," If you want to use certain features or services offered by the site, you'll need to provide your mobile number and register an account."
You are solely responsible for maintaining the confidentiality of your personal information and registration and all activities that might result from you failing from keeping this information secure.,আপনার ব্যক্তিগত তথ্য এবং রেজিস্ট্রেশনের গোপনীযতা বজায রাখার জন্য এবং এই তথ্য সুরক্ষিত রাখতে আপনার ব্যর্থতার ফলে হতে পারে এমন সমস্ত কার্যকলাপের জন্য আপনি সম্পূর্ণরূপে দাযী।,eng.bn You are fully responsible for maintaining the confidentiality of your personal information and registration and for any activities that may result from your failure to keep this information secure.
Your registration or mobile number shall be kept confidentialYou undertake that:You have obtained consent from the concerned individuals for creating their records through your account.,আপনার রেজিস্ট্রেশন বা মোবাইল নম্বর গোপন রাখা হবেআপনি এটি গ্রহণ করেনঃআপনি আপনার অ্যাকাউন্টের মাধ্যমে তাদের রেকর্ড তৈরি করার জন্য সংশ্লিষ্ট ব্যক্তিদের কাছ থেকে সম্মতি পেযেছেন।,engeld.com/ Your registration or mobile number will be kept secretYou accept it:You have obtained consent from the persons concerned to create their records through your account.
Your account or mobile number shall not include the name of another person with the intent to impersonate that person.,আপনার অ্যাকাউন্ট বা মোবাইল নম্বরে সেই ব্যক্তির ছদ্মবেশী করার অভিপ্রায সহ অন্য ব্যক্তির নাম অন্তর্ভুক্ত করা উচিত নয।,"eng.bnNamun, diary account atau mobile number anda harus memasukkan nama orang lain, dengan maksud untuk menyamarkan orang itu."
You shall not use another user's account without their permission.,আপনি তাদের অনুমতি ছাডা অন্য ব্যবহারকারীর অ্যাকাউন্ট ব্যবহার করবেন না।,eng.bn You do not use their permission to use another user's account.
"You shall immediately notify us in writing, if you discover any unauthorized use of your account or other account-related security breach.",আপনি যদি আপনার অ্যাকাউন্টের কোনও অননুমোদিত ব্যবহার বা অন্য কোনও অ্যাকাউন্ট-সম্পর্কিত নিরাপত্তা লঙ্ঘন দেখতে পান তবে আপনি অবিলম্বে আমাদের লিখিতভাবে অবহিত করবেন।,": If you see any unauthorized use of your account or any other account-related security breach, you should immediately notify us in writing."
"If we receive a complaint that your account violates someone else's rights, or violates our policies we may cancel or block your account.",যদি আমরা এমন কোনও অভিযোগ পাই যে আপনার অ্যাকাউন্ট অন্য কারও অধিকার লঙ্ঘন করে বা আমাদের নীতিগুলি লঙ্ঘন করে তবে আমরা আপনার অ্যাকাউন্টটি বাতিল বা অবরুদ্ধ করতে পারি।," If we find any complaint that your account violates someone else's rights or violates our policies, we may cancel or block your account."
"You shall not attempt to conceal your identity by using multiple Internet Protocol addresses or mobile no, or by any other means, to register participants on the Site","আপনি একাধিক ইন্টারনেট প্রোটোকল ঠিকানা বা মোবাইল নম্বর ব্যবহার করে বা অন্য কোনও উপাযে, সাইটে অংশগ্রহণকারীদের নিবন্ধন করার জন্য আপনার পরিচয গোপন করার চেষ্টা করবেন না","eng.bn Do not try to hide your identity to register participants on the site, whether using multiple Internet protocol addresses or mobile numbers or in any other way, try to hide your identity to register participants on the site."
Poshan Tracker App is available in 22 different languagesThe various languages available are:EnglishHindiGujaratiPunjabiMarathiBanglaKannadaTamilTeluguMalyalamOdiaAssameseNepaliDogriKonkaniSindhiBodoMaithiliManipuriSanthaliUrduKashmiri,"পশান ট্র্যাকার অ্যাপ্লিকেশনটি ২২ টি বিভিন্ন ভাষায উপলভ্য।উপলব্ধ, ভাষাগুলি হলঃ ইংরেজিহিন্দিগুজরাটিপাঞ্জাবিমারাঠিকান্নাডাতামিলতেলেগুমালাযালামওডিযাঅসমীযাNepaliDogriKonkaniSindhiBodoMaithiliManipuriSanthaliUrduKashmiri",englishhindigozraatipanjabimaramaadressdata in tamiltelegulamalayallamomodiyaasmiaNepaliDogribnKonkaniSindhiBodoMaithiliManipuriSanthaliUrduKashmiri
"The proposed system should enable real-time monitoring and tracking of all AWCs, AWWs and beneficiaries on the defined indicators.","প্রস্তাবিত সিস্টেমে সংশোধিত সূচকগুলিতে সমস্ত এডাব্লুসি, এডাব্লুডাব্লু এবং উপকারভোগীদের রিযেল-টাইম মনিটরিং এবং ট্র্যাকিং সক্ষম করতে হবে।","eng.bnThe proposed system should enable real-time monitoring and tracking of all AWC, AWW and beneficiaries in the revised indices."
How to Login in Poshan Tracker App?,কিভাবে পশান ট্র্যাকার অ্যাপে লগইন করবেন?, How do you log in to the pushan tracker app?
Height and weight of child has not been measured,শিশুর উচ্চতা ও ওজন পরিমাপ করা হযনি," ""The height and weight of the baby has not been measured."
Calculator to measure the child growth based on the WHO Child Growth Standards.,WHO চাইল্ড গ্রোথ স্ট্যান্ডার্ডের উপর ভিত্তি করে শিশুর বৃদ্ধি পরিমাপ করার জন্য ক্যালকুলেটর.,eng calculator for measuring baby growth based on WHObn child growth standard.
TAKE HOME RATION (THR) GIVEN TODAY,আজ গৃহীত হোম রেশন (টিএইচআর) নিন, Get the Home Ration (THR) adopted today
A beneficiary is eligible for THR for at least 21 days in a month.,একজন সুবিধাভোগী মাসে অন্তত 21 দিনের জন্য THR পাওযার যোগ্য।, A beneficiary is eligible for THR for at least 21 days per month.
 III. NOTICE REGARDING FUTURE CHANGES TO TERMS:, III. শর্তাবলীর ভবিষ্যত পরিবর্তন সংক্রান্ত বিজ্ঞপ্তিঃ, Notification of future changes to the terms of III.bn:
Planning And Organising Community Based Events At AWC,AWC-তে কমিউনিটি ভিত্তিক ইভেন্টের পরিকল্পনা ও আযোজন, Planning and organizing community-based events at AWCbn
Please find the following steps to LoginStep 1- Click on Poshan Tracker Website https://poshantracker.,Please find the following steps to LoginStep 1- Click on Poshan Tracker Website https://poshantracker., Please find the following steps to LoginStep 1- Click on Poshan Tracker Website https://poshantracker.bn.
inStep 2- Enter your registered Mobile Number and pre-set 4 digit MPIN.,inStep 2- Enter your registered Mobile Number and pre-set 4 digit MPIN.,engadget.com inStep 2- Enter your registered Mobile Number and pre-set 4 digit MPIN.
How AWWS can sign up on the app if they are unable to register via their mobile numbers?,AWW-রা তাদের মোবাইল নম্বরগুলির মাধ্যমে নিবন্ধন করতে অক্ষম হলে কীভাবে অ্যাপটিতে সাইন আপ করতে পারে?, AWbn-s -Ws -Ws -Ws -Ws -Ws -Ws -Ws -Ws -Ws -Ws -Ws -Ws -Ws -Ws -Ws -Ws -Ws -Ws -Ws -Ws -Ws -Ws -Ws -Ws -Ws -Ws -Ws -Ws -Ws -Ws -Ws -Ws -Ws -Ws -Ws -Ws -Ws -Ws -Ws -Ws -Ws -Ws -Ws -Ws -Ws -Ws -Ws -Ws -Ws -Ws -Ws -Ws -Ws -Ws -Ws -Ws -Ws -Ws -Ws -Ws -Ws -Ws -Ws -W
Poshan Tracker adds new Reports feature,পোশান ট্র্যাকার একটি নতুন রিপোর্ট বৈশিষ্ট্য যোগ করেছে, Dress Tracker has added a new reporting feature.
General Awareness about preventing illness in Children,শিশুদের অসুস্থতা প্রতিরোধ সম্পর্কে সাধারণ সচেতনতা,eng.org - General awareness of prevention of childhood illness
2. HOW WE USE PERSONAL INFORMATION,2. আমরা কীভাবে ব্যক্তিগত তথ্য ব্যবহার করি, How we use personal data
The following are the Terms of Service (“Terms”) that govern your use of the Swastha Balak Balika Spardha Platform hosted at https://poshantracker.,"The following are the Terms of Service (""Terms"") that govern your use of the Swastha Balak Balika Spardha Platform hosted at https://poshantracker.","eng: The following are the Terms of Service (""Terms"") that govern your use of the Swastha Balak Balika Spardha Platform hosted at https://poshantracker."
"in, and all associated sites linked to it, its subsidiaries, and affiliates (collectively, the “Site”).","in, and all associated sites linked to it, its subsidiaries, and affiliates (collectively, the ""Site"").","eng, and all associated sites linked to it, its subsidiaries, and affiliates (collectively, the ""Site"")."
Please provide your mobile number and a ticket number.,আপনার মোবাইল নম্বর এবং একটি টিকিট নম্বর প্রদান করুন।, Please provide your mobile number and a ticket number.
Please contact your respective Anganwadi worker.,অনুগ্রহ করে আপনার নিজ নিজ অঙ্গনওযাডি কর্মীর সাথে যোগাযোগ করুন।,"eng.bn, please contact your respective AnggonWyadi worker."
SAM Children under 5 years who received Supplementary Nutrition,SAM 5 বছরের কম বযসী শিশুরা যারা সম্পূরক পুষ্টি পেযেছে, SAMbn of children under 5 years of age who have been given a supplementary nutrition
OPV-1Pentavalent-1Rotavirus Vaccine (RVV)-1Fractional dose of Inactivated Polio Vaccine (fIPV)-1Pneumococcal Conjugate Vaccine (PCV) -1,OPV-1পেন্টাভ্যালেন্ট-1রোটাভাইরাস ভ্যাকসিন (RVV)-1নিষ্ক্রিয পোলিও ভ্যাকসিনের ফ্র্যাকশানাল ডোজ (fIPV)-1নিউমোকোকাল কনজুগেট ভ্যাকসিন (পিসিভি)-1,engengengengengengengengengengengengengengengengengengengengengengengengengengengengengengengengengengengengengengengengengengengengengengengengengengengengengengengengengengengengengengengengengengengengengengengengengengengengengengengengengengengengengengengengengengengengengengengengengengengengengengengengengengengengengengengengengengengengengengengengengengengengengengengengengengengengengengengengengengengengengengengengengengengengengengengengengengengengengengengengengengengengengengengengengengengengengengengengengengengengengengengengengengengengengengengengengengengengengengeng
Height should be between 38 to 150,উচ্চতা 38 থেকে 150-এর মধ্যে হওযা উচিত,eng harus di antara 38 dan 150 milyar rupiah
How to contact Poshan Tracker Team?,পোশান ট্র্যাকার টিমের সাথে কিভাবে যোগাযোগ করবেন?, How do you contact the clothing tracker team?
Take Home Ration (THR) Given Today,আজ গৃহীত হোম রেশন (টিএইচআর) নিন, Get the Home Ration (THR) adopted today
How many different forms are there in Poshan Tracker App?,পশান ট্র্যাকার অ্যাপে কযটি আলাদা ফর্ম রযেছে?,eng.bn Pashan Tracker app has how many different forms?
There are 7 different types of forms for beneficiaries.,উপকারভোগীদের জন্য ৭ টি বিভিন্ন ধরণের ফর্ম রযেছে।,eng.bn There are 7 different forms available for the beneficiaries.
This includes:Lactating motherPregnant womenChild 0-6 MonthsChild 6 Months to 3 YearsChild  3 Years to 6 YearsAdolescent Girls (11 Years-19 Years),এর মধ্যে রযেছেঃ  দুধ খাওযানো মা  গর্ভবতী মহিলা  শিশু ০-৬ মাস   বাচ্চা ৬ মাস থেকে ৩ বছর পর্যন্ত   শিশু ৩ বছর থেকে ৬ বছর   কৈশোর বযসী মেযেরা (১১ বছর-১৯ বছর),eng: Susu ibu ibu ibu ibu hamil bayi 0-6 bulan bayi 6 bulan sampai 3 tahun bayi 3 tahun sampai 6 tahun remaja Mayera (11 tahun sampai 19 tahun)
Shibpur I C D S Project,শিবপুর আই সি ডি এস প্রকল্প,engpur ICDS project
"In the recent one to three months, no Aanganwadi Worker has visited the beneficiary's home","সাম্প্রতিক এক থেকে তিন মাসের মধ্যে, কোনও অঙ্গনওযাডি কর্মী সুবিধাভোগীর বাডিতে যাননি","eng.bn Dalam waktu satu sampai tiga bulan terakhir, tidak ada seorangpun dari pegawai Angganwadi yang mengunjungi tempat berbelanjaan bagi-bagi penerima manfaat."
Please enter Weight greater than 0.49 and less than 40.01,অনুগ্রহ করে 0.49 এর বেশি এবং 40.01 এর কম ওজন লিখুন, Please enter a weight greater than 0.49 and less than 40.01bn.
You can register with your mobile number directly through the website https://poshantracker.,You can register with your mobile number directly through the website https://poshantracker., You can register with your mobile number directly through the website https://poshantracker.bn
in or by downloading the Poshan Tracker App.,in or by downloading the Poshan Tracker App.,eng.org or by downloading the Poshan Tracker App.
MPIN is a 4 digits passcode which is set by an Anganwadi worker while registering over the Poshan Tracker App.,MPIN হ'ল একটি ৪ ডিজিটের পাসকোড যা পশান ট্র্যাকার অ্যাপটিতে নিবন্ধভুক্ত করার সময একজন অঙ্গনওযাডি কর্মী সেট করেছিলেন।,eng.mpinbn is a 4-digit password that was set by an angonwayadi worker at the time of registration in the pashan tracker app.
"Specifications of Smart phone and Technical Compatibility Testing (02 February, 2021)",স্মার্ট ফোনগুলির বিশদকরণ এবং প্রযুক্তিগত সামঞ্জস্যতা পরীক্ষাগুলি (০২ ফেব্রুযারী ২০২১),eng.bn Performance analysis and technical compatibility tests of smartphones (02 February 2021)
Request for child's height and weight measurement,শিশুর উচ্চতা এবং ওজন পরিমাপের জন্য অনুরোধ করুন,eng ask for a measurement of the baby's height and weight
Children (6 months - 3 years),শিশু (6 মাস - 3 বছর),eng (6 months - 3 years)
"We log usage data when you visit or otherwise use our Services, including our sites, app and platform technology.","আপনি যখন যান বা অন্যথায আমাদের সাইট, অ্যাপ এবং প্ল্যাটফর্ম প্রযুক্তি সহ আমাদের পরিষেবাগুলি ব্যবহার করেন তখন আমরা ইউসেজ ডেটা লগ করি।"," We log usage data when you visit or otherwise use our services including our site, app and platform technology."
"Result couldn't be fetch, please enter valid data","ফলাফল পাওযা যাযনি, দযা করে বৈধ ডেটা লিখুন।"," If no results were obtained, please enter the valid data."
Central Golaghat I. C. D. S. Project,সেন্ট্রাল গোলাগাট আই. সি. ডি. এস. প্রকল্প,eng.org - The Central Golaghat ICDS project is a project of the ICDS.org.org.
