eng,kn,mBART600M
The Site is directed to the people residing in India.,ಭಾರತದಲ್ಲಿ ವಾಸಿಸುವ ಜನರಿಗೆ ಸೈಟ್ ಅನ್ನು ನಿರ್ದೇಶಿಸಲಾಗಿದೆ.,The site is directed to people living in India.
We do not represent that Content available on or through the Site is appropriate or available in other locations.,ಸೈಟ್ನಲ್ಲಿ ಅಥವಾ ಅದರ ಮೂಲಕ ಲಭ್ಯವಿರುವ ವಸ್ತುವು ಇತರ ಸ್ಥಳಗಳಲ್ಲಿ ಸೂಕ್ತವಾಗಿದೆ ಅಥವಾ ಲಭ್ಯವಿದೆ ಎಂದು ನಾವು ಪ್ರತಿನಿಧಿಸುವುದಿಲ್ಲ.,We do not represent that material available on or through the site is appropriate or available elsewhere.
We may limit the availability of the Site or any service or product described on the Site to any person or geographic area at any time.,ನಾವು ಯಾವುದೇ ಸಮಯದಲ್ಲಿ ಯಾವುದೇ ವ್ಯಕ್ತಿ ಅಥವಾ ಭೌಗೋಳಿಕ ಪ್ರದೇಶಕ್ಕೆ ಸೈಟ್ ಅಥವಾ ಸೈಟ್ನಲ್ಲಿ ವಿವರಿಸಿದ ಯಾವುದೇ ಸೇವೆ ಅಥವಾ ಉತ್ಪನ್ನದ ಲಭ್ಯತೆಯನ್ನು ಮಿತಿಗೊಳಿಸಬಹುದು.,We may at any time restrict the availability of any service or product described on the site to any person or geographic area.
"If you choose to access the Site from outside India, you do so at your own risk.","ನೀವು ಭಾರತದ ಹೊರಗಿನಿಂದ ಸೈಟ್ ಅನ್ನು ಪ್ರವೇಶಿಸಲು ಆಯ್ಕೆಮಾಡಿದರೆ, ನೀವು ಅದನ್ನು ನಿಮ್ಮ ಸ್ವಂತ ಜವಾಬ್ದಾರಿಯಲ್ಲಿ ಮಾಡುತ್ತೀರಿ.","If you choose to access the site from outside India, you will do so on your own responsibility."
Please go back to the homepage,ದಯವಿಟ್ಟು ಮುಖಪುಟಕ್ಕೆ ಹಿಂತಿರುಗಿ,Please return to the homepage.
Please enter Height greater than 29.99 and less than 140.01,ದಯವಿಟ್ಟು 29.99 ಕ್ಕಿಂತ ಹೆಚ್ಚು ಮತ್ತು 140.01 ಕ್ಕಿಂತ ಕಡಿಮೆ ಎತ್ತರವನ್ನು ನಮೂದಿಸಿ,Please enter a height above 29.99 and below 140.01.
How to ensure timely initiation of complementary feeding,ಪೂರಕ ಆಹಾರದ  ಸಕಾಲಿಕ  ಆರಂಭವನ್ನು ಹೇಗೆ ಖಚಿತಪಡಿಸಿಕೊಳ್ಳುವುದು,How to ensure timely start of supplementation?
Poshan Tracker App can only be installed in Android Phone with Android version 6.0 and above.,ಪೋಷಣ್ ಟ್ರ್ಯಾಕರ್ ಆಪ್ಪ್ ಅನ್ನು ಆಂಡ್ರೊಯಿಡ್ ೬.೦ ಆವ್ರಿತ್ತಿ ಅಥವಾ ಅದಕ್ಕಿಂತ ಮೇಲಿನ ಆವ್ರಿತ್ತಿಗಳಿರುವ ಅಂಡ್ರೊಯಿಡ್ ಫೋನ್ನಲ್ಲಿ ಸ್ಥಾಪಿಸಬಹುದು.,The Nutrition Tracker app can be installed on Android phones with Android 6.0 or higher frequencies.
General Awareness about Growth Monitoring of Children,ಮಕ್ಕಳ ಬೆಳವಣಿಗೆಯನ್ನು ಗಮನಿಸುವ ಬಗ್ಗೆ ಸಾಮಾನ್ಯ ಅರಿವು,A general awareness of monitoring children's development is not enough.
Wasting is defined as low weight-for-height,ವೇಸ್ಟಿಂಗ್ ಅನ್ನು ಕಡಿಮೆ ತೂಕ ಮತ್ತು ಎತ್ತರದ ಅನುಪಾತ ಎಂದು ವ್ಯಾಖ್ಯಾನಿಸಲಾಗಿದೆ,Waste is defined as the ratio of low weight to high altitude.
Hot Cooked Meal (HCM) Given Today,ಈವತ್ತು ಕೊಟ್ಟ ಬೇಯಿಸಿದ ಬಿಸಿಯೂಟ(ಎಚ್. ಸಿ. ಎಮ್),The cooked hot meal I gave you today (HCM)
There are 6 categories for beneficiariesPregnant WomenLactating MotherChildren from 0 to 6 monthsChildren from 6 months to 3 yearsChildren from 3 years to 6 yearsAdolescent girls,ಫಲಾನುಭವಿಗಳಿಗೆ 6 ವಿಭಾಗಗಳಿವೆಗರ್ಭಿಣಿಯರುಹಾಲುಣಿಸುವ ತಾಯಿ0 ರಿಂದ 6 ತಿಂಗಳ ಮಗು6 ತಿಂಗಳಿಂದ 3 ವರ್ಷಗಳವರೆಗೆ ಮಕ್ಕಳು3 ವರ್ಷದಿಂದ 6 ವರ್ಷಗಳವರೆಗೆ ಮಕ್ಕಳುಹದಿಹರೆಯದ ಹುಡುಗಿಯರು,There are 6 categories for beneficiaries: Pregnant women: Breastfeeding mother 0 to 6 months child 6 months to 3 years children 3 years to 6 years children teenage girls
"Data Plan for Mobile Application (01 March, 2021)","ಮೊಬೈಲ್ ಆಪ್ಲಿಕೇಶನ್ ನ ಡೇಟ ಯೋಜನೆ(೦೧ ಮಾರ್ಚ್, ೨೦೨೧)","The data project of a mobile application (March 01, 2021)"
 VIII. LIMITATIONS OF MULTI- LINGUAL INTERFACE, VIII. ಬಹುಭಾಷಾ ಇಂಟರ್ಫೇಸ್ಗಳ ಮಿತಿಗಳು,VIII.kn. Limits of multilingual interfaces are limited.
Srijangram I. C. D. S. Project,ಸೃಜನ್ಗ್ರಾಮ್ ಐ. ಸಿ. ಡಿ. ಎಸ್. ಯೋಜನೆ,The Srijangram ICDS project is being implemented by the Srijangram ICDS.
"We may investigate any violation of these Terms, including unauthorized use of the Site.",ಸೈಟ್ನ ಅನಧಿಕೃತ ಬಳಕೆ ಸೇರಿದಂತೆ ಈ ನಿಯಮಗಳ ಯಾವುದೇ ಉಲ್ಲಂಘನೆಯನ್ನು ನಾವು ತನಿಖೆ ಮಾಡಬಹುದು.,"We may investigate any violation of these Terms, including unauthorized use of the site."
We may provide law enforcement with information you provide to us related to your transactions to assist in any investigation or prosecution of you.,ನಿಮ್ಮ ಯಾವುದೇ ತನಿಖೆ ಅಥವಾ ಕಾನೂನು ಕ್ರಮದಲ್ಲಿ ಸಹಾಯ ಮಾಡಲು ನಿಮ್ಮ ವಹಿವಾಟುಗಳಿಗೆ ಸಂಬಂಧಿಸಿದ ಮಾಹಿತಿಯನ್ನು ನಾವು ಕಾನೂನಿಗೆ ಒದಗಿಸಬಹುದು.,We may provide the law with information related to your transactions to assist you in any investigation or legal proceedings.
We may take legal action that we feel is appropriate.,ನಾವು ಸೂಕ್ತವೆನಿಸಿದ ಕಾನೂನು ಕ್ರಮ ತೆಗೆದುಕೊಳ್ಳಬಹುದು.,We can take legal action as we see fit.
Poshan Calculator helps to identify various health conditions of the child as per World Health Organization (WHO) standards,ವಿಶ್ವ ಆರೋಗ್ಯ ಸಂಸ್ಥೆ (WHO) ಮಾನದಂಡಗಳ ಪ್ರಕಾರ ಮಗುವಿನ ವಿವಿಧ ಆರೋಗ್ಯ ಪರಿಸ್ಥಿತಿಗಳನ್ನು ಗುರುತಿಸಲು ನ್ಯೂಟ್ರಿಷನ್ ಕ್ಯಾಲ್ಕುಲೇಟರ್ ಸಹಾಯ ಮಾಡುತ್ತದೆ,"According to the World Health Organization (WHO) standards, a nutrition calculator helps identify the various health conditions of a child."
How to take care of weak newborn with the help of Kangaroo Mother Care,ಕಾಂಗರೂ ತಾಯಿ ಆರೈಕೆಯ ಸಹಾಯದಿಂದ ದುರ್ಬಲ ನವಜಾತ ಶಿಶುಗಳನ್ನು ಹೇಗೆ ಆರೈಕೆ ಮಾಡುವುದು,How to care for vulnerable newborns with the help of kangaroo mother care
"Any liabilities civil or criminal, arising out of any incorrect data, shall solely lie with the concerned ASP.",ಯಾವುದೇ ತಪ್ಪಾದ ದತ್ತಾಂಶದಿಂದ ಉಂಟಾಗುವ ಸಿವಿಲ್ ಅಥವಾ ಕ್ರಿಮಿನಲ್ ಹೊಣೆಗಾರಿಕೆಗಳು ಸಂಪೂರ್ಣವಾಗಿ ಸಂಬಂಧಪಟ್ಟ ASP ಯ ಬಳಿ ಇರುತ್ತವೆ.,Any civil or criminal liability arising from any misrepresentation will be entirely with the relevant ASP.
Poshan Tracker App is available over Google playstore https://play. google. com/store/apps/details?,ಪೋಷಣ್ ಟ್ರ್ಯಾಕರ್ ಆಪ್ಪ್ ಗೂಗ್ಲ್ ಪ್ಲೇಸ್ಟೋರ್ ನಲ್ಲಿ ಲಭ್ಯವಿದೆ https://play. google. com/store/apps/details?,The Nutrition Tracker app is available on the Google Play Store at https://play.google.com/store/apps/details?
Can App be accessed without internet?,ಇಂಟರ್ನೆಟ್ ಇಲ್ಲದೆ ಈ ಆಪ್ಪ್ ಅನ್ನು ಪ್ರವೇಶಿಸಬಹುದೇ?,Is it possible to access this app without internet access?
The Government has taken several initiatives to break the intergenerational cycle of malnutrition in children.,ಮಕ್ಕಳಲ್ಲಿ ಅಪೌಷ್ಟಿಕತೆಯ ಅಂತರಜನಕ ಚಕ್ರವನ್ನು ಮುರಿಯಲು ಸರ್ಕಾರ ಹಲವಾರು ಉಪಕ್ರಮಗಳನ್ನು ಕೈಗೊಂಡಿದೆ.,The government has taken several initiatives to break the intergenic cycle of malnutrition in children.
"Adopting a life-cycle approach, interventions have been designed to meet the nutritional requirement of adolescent girls and boys, pregnant women, lactating mothers and children.","ಜೀವನ ಚಕ್ರ ವಿಧಾನವನ್ನು ಅಳವಡಿಸಿಕೊಂಡು, ಹದಿಹರೆಯದ ಹುಡುಗಿಯರು ಮತ್ತು ಹುಡುಗರು, ಗರ್ಭಿಣಿಯರು, ಹಾಲುಣಿಸುವ ತಾಯಂದಿರು ಮತ್ತು ಮಕ್ಕಳ ಪೌಷ್ಠಿಕಾಂಶದ ಅಗತ್ಯವನ್ನು ಪೂರೈಸಲು ಮಧ್ಯಸ್ಥಿಕೆಗಳನ್ನು ವಿನ್ಯಾಸಗೊಳಿಸಲಾಗಿದೆ.","Adopting a lifecycle approach, interventions are designed to meet the nutritional needs of teenage girls and boys, pregnant women, nursing mothers and children."
Awareness for Pregnancy in Preventing Anemia,ರಕ್ತಹೀನತೆಯನ್ನು ತಡೆಗಟ್ಟುವಲ್ಲಿ ಗರ್ಭಾವಸ್ಥೆಯ ಬಗ್ಗೆ ಜಾಗೃತಿ,Raising awareness about pregnancy in the prevention of anaemia
"Howrah North (U) I. C. D. S. Project, Howrah","ಹೌರಾ ಉತ್ತರ (ಯು) ಐ. ಸಿ. ಡಿ. ಎಸ್. ಯೋಜನೆ, ಹೌರಾ","Howrah North (U) ICDS project, Howrah"
Birth Preparedness- For Institutional and Home Delivery,ಜನನಕ್ಕಾಗಿ ಸಿದ್ದತೆ ಸಾಂಸ್ಥಿಕ ಮತ್ತು ಮನೆ ಹೆರಿಗೆಗಾಗಿ,Preparation for birth is corporate and home delivery.
New beneficiary addition with skip OTP option,ಸ್ಕಿಪ್ OTP ಆಯ್ಕೆಯೊಂದಿಗೆ ಹೊಸ ಫಲಾನುಭವಿ ಸೇರ್ಪಡೆ,The addition of a new beneficiary with the Skynet OTP option.
We are now available on Video Conference,ನಾವು ಈಗ ವೀಡಿಯೊ ಕಾನ್ಫರೆನ್ಸ್ ನಲ್ಲಿ ಲಭ್ಯ,We are now available via videoconferencing.
"Poshan Tracker App is meant for Aanganwadi workers, Anganwadi centers to enter beneficiaries data in the forms.","ಅಂಗನವಾಡಿ ಕಾರ್ಮಿಕರು, ಅಂಗನವಾಡಿ ಕೇಂದ್ರಗಳು ಫಲಾನುಭವಿಗಳ ಡೇಟಾವನ್ನು ನಮೂನೆಗಳಲ್ಲಿ ನಮೂದಿಸಲು ಪೋಶನ್ ಟ್ರ್ಯಾಕರ್ ಅಪ್ಲಿಕೇಶನ್ ಸ್ರಿಷ್ಟಿಸಲಾಗಿದೆ.","An angnwadi worker, angnwadi centers and the position tracker app has been set up to enter the data of the beneficiaries in the forms."
It is not at all developed for general public.,ಇದು ಸಾಮಾನ್ಯ ಜನರಿಗೆ ಅಭಿವೃದ್ಧಿ ಹೊಂದಿಲ್ಲ.,It is not developed by the common people.
Swastha Balak/Balika Spardha Mission is about celebrating the health of children in India.,Swastha Balak/Balika Spardha Mission is about celebrating the health of children in India.,Swastha Balak/Balika Spardha Mission is about celebrating the health of children in India.
It entails identification and awareness of health conditions and providing necessary support wherever required.,It entails identification and awareness of health conditions and providing necessary support wherever required.,It involves identifying and raising awareness of health conditions and providing the necessary support wherever needed.
”Our Privacy Policy applies when you use our Services (described below).,"""Our Privacy Policy applies when you use our Services (described below).","""Our Privacy Policy applies when you use our Services (described below)."
"This Privacy Policy is meant to help you understand what information we collect, why we collect it, and how it is used and shared.","This Privacy Policy is meant to help you understand what information we collect, why we collect it, and how it is used and shared.","This Privacy Policy is intended to help you understand what information we collect, why we collect it, and how it is used and shared."
The collecting and retaining agency in respect of your information is Ministry of Women and Child Development.,The collecting and retaining agency in respect of your information is Ministry of Women and Child Development.,The agency that collects and retains your information is the Ministry of Women and Child Development.
We are committed to protecting the security of your personal information and safeguarding your privacy.,We are committed to protecting the security of your personal information and safeguarding your privacy.,We are committed to protecting the security of your personal information and safeguarding your privacy.
How to revive your health if you are Underweight,ನೀವು ಕಡಿಮೆ ತೂಕ ಹೊಂದಿದ್ದರೆ ನಿಮ್ಮ ಆರೋಗ್ಯವನ್ನು ಹೇಗೆ ಪುನರುಜ್ಜೀವನಗೊಳಿಸುವುದು,"If you are underweight, how can you restore your health?"
Can a beneficiary change his/her AWC?,ಒಬ್ಬ ಫಲಾನುಭವಿ ಅವನ/ಅವಳ AWC ಬದಲಾಯಿಸಬಹುದೇ?,Can a beneficiary replace his/her AWC?
"We use the information we have, to help verify accounts.",ನಾವು ನಮ್ಮ ಬಳಿ ಇರುವ ಮಾಹಿತಿಯನ್ನು ಖಾತೆಗಳನ್ನು ಪರಿಶೀಲಿಸಲು ಬಳಸುತ್ತೇವೆ.,We use the information we have to verify accounts.
The records may be used for verification of health status for the purposes of Poshan Tracker control and response.,ಪೋಷನ್ ಟ್ರ್ಯಾಕರ್ ನಿಯಂತ್ರಣ ಮತ್ತು ಪ್ರತಿಕ್ರಿಯೆಯ ಉದ್ದೇಶಗಳಿಗಾಗಿ ಆರೋಗ್ಯ ಸ್ಥಿತಿಯನ್ನು ಪರಿಶೀಲಿಸಲು ದಾಖಲೆಗಳನ್ನು ಬಳಸಬಹುದು.,Nutrition tracker can use records to check health status for control and response purposes.
Scan the QR Code to Download the App,ಅಪ್ಲಿಕೇಶನ್ ಡೌನ್ ಲೋಡ್ ಮಾಡಲು ಕ್ಯೂಆರ್ ಕೋಡ್ ಸ್ಕ್ಯಾನ್ ಮಾಡಿ,Scan the QR code to download the application.
Who is eligible for Hot Cooked Meal?,ಬಿಸಿ ಊಟಕ್ಕೆ ಯಾರು ಅರ್ಹರು?,Who deserves a hot meal?
Identifying and preventing Severe Acute Malnutrition,ತೀವ್ರ ಅಪೌಷ್ಟಿಕತೆಯನ್ನು ಗುರುತಿಸುವುದು ಮತ್ತು ತಡೆಗಟ್ಟುವುದು,Identifying and preventing acute malnutrition
Children who are identified as deficit on nutrition are eligible for additional food supplements.,ಪೌಷ್ಟಿಕಾಂಶದ ಕೊರತೆಯಿರುವ ಮಕ್ಕಳು ಹೆಚ್ಚುವರಿ ಆಹಾರ ಪಡೆಯಲು ಅರ್ಹರಾಗಿರುತ್ತಾರೆ.,Children who are malnourished are entitled to extra food.
Who is eligible for additional supplementary food.,ಹೆಚ್ಚುವರಿ ಪೂರಕ ಆಹಾರಕ್ಕಾಗಿ ಯಾರು ಅರ್ಹರು.,Who is eligible for supplemental nutrition?
"Uploading of Data of Anganwadi Services Schemes in Poshan Tracker (24 May, 2021)","ಅಂಗನವಾಡಿ ಸೇವೆಗಳ ಯೋಜನೆಗಳ ದತ್ತಾಂಶವನ್ನು ಪೋಷಣ್ ಟ್ರ್ಯಾಕರ್ ನಲ್ಲಿ ಅಪ್ ಲೋಡ್ ಮಾಡಲಾಗುತ್ತಿದೆ.(೨೪ ಮೇ, ೨೦೨೧)",The data on the projects of the Anganwadi services is being uploaded to the Nutrition Tracker.
Children between 6 months - 3 years,೬ ತಿಂಗಳ -೩ ವರ್ಷದ ನಡುವೆ ಮಕ್ಕಳು,Children between 6 months and 3 years old
"Ministry of Women and Child Development, Government of India, Shastri Bhawan, New Delhi","ಮಹಿಳಾ ಮತ್ತು ಮಕ್ಕಳ ಅಭಿವೃದ್ಧಿ ಸಚಿವಾಲಯ, ಭಾರತ ಸರ್ಕಾರ, ಶಾಸ್ತ್ರಿ ಭವನ, ನವದೆಹಲಿ","Ministry of Women and Child Development, Government of India, Shastri Bhavan, New Delhi"
Care of the weak newborn baby - How many weak babies are we missing?,ದುರ್ಬಲ ನವಜಾತ ಶಿಶುವಿನ ಆರೈಕೆ - ನಾವು ಎಷ್ಟು ದರ್ಬಲ ಮಕ್ಕಳನ್ನು ಕಳೆದುಕೊಳ್ಳುತ್ತಿದ್ದೇವೆ?,Weakness-based newborn care - how many vulnerable children are we losing?
Underweight children who received Supplementary Nutrition,ಪೂರಕ ಆಹಾರವನ್ನು ಪಡೆದಿರುವ ಕಡಿಮೆ ತೂಕದ ಮಕ್ಕಳು,Children with low weight who have been given supplemental nutrition
Identification and care of a Weak Newborn baby,ದುರ್ಬಲ ನವಜಾತ ಶಿಶುವಿನ ಗುರುತಿಸುವಿಕೆ ಮತ್ತು ಆರೈಕೆ,Identification and care of a weak newborn baby.
1.2. Information from use of services.,1.2. ಸೇವೆಗಳ ಬಳಕೆಯಿಂದ ಬರುವ ಮಾಹಿತಿ.,1.2.kn Information from the use of services.
Please contact your respective Anganwadi Centre.,ದಯವಿಟ್ಟು ನಿಮ್ಮ ಅಂಗನವಾಡಿ ಕೇಂದ್ರವನ್ನು ಸಂಪರ್ಕಿಸಿ.,Please contact your Anganwadi Centre.
GOBARDANGA I. C. D. S PROJECT(U),ಗೋಬರ್ದಂಗ ಐಸಿಡಿಎಸ್ ಪ್ರಾಜೆಕ್ಟ್(ಯು),Goberdanga is the ICDS project (U)
Please fill in the form below to create a new ticket.,ಹೊಸ ಟಿಕೆಟ್ ರಚಿಸಲು ಕೆಳಗಿನ ಫಾರ್ಮ್ ಅನ್ನು ಭರ್ತಿ ಮಾಡಿ.,"To create a new ticket, please fill out the form below."
Anganwadi Worker will reach out to you within 48 hours.,AWW 48 ಗಂಟೆಗಳ ಒಳಗೆ ನಿಮ್ಮನ್ನು ಸಂಪರ್ಕಿಸುತ್ತಾರೆ.,AWknW will contact you within 48 hours.
Please note down the ticket number for future reference.,ಭವಿಷ್ಯದ ಉಲ್ಲೇಖಕ್ಕಾಗಿ ದಯವಿಟ್ಟು ಟಿಕೆಟ್ ಸಂಖ್ಯೆ ಬರೆದಿಟ್ಟುಕೊಳ್ಳಿ.,Please note the ticket number for future reference.
Poshan Tracker is a project of Ministry of Women and Child Development.,ಪೋಶನ್ ಟ್ರ್ಯಾಕರ್ ಮಹಿಳಾ ಮತ್ತು ಮಕ್ಕಳ ಅಭಿವೃದ್ಧಿ ಸಚಿವಾಲಯದ ಒಂದು ಯೋಜನೆಯಾಗಿದೆ.,The position tracker is a project of the Ministry of Women and Child Development.
Digital India Corporation is the technical partner of MoWCD.,ಡಿಜಿಟಲ್ ಇಂಡಿಯಾ ಕಾರ್ಪೊರೇಷನ್ MoWCD ಯ ತಾಂತ್ರಿಕ ಪಾಲುದಾರ.,Digital India Corporation is a technical partner of MoWCD.
Poshan Tracker focuses on eradication of malnutrition from India.,ಭಾರತದಿಂದ ಅಪೌಷ್ಟಿಕತೆಯ ನಿರ್ಮೂಲನೆ ಬಗ್ಗೆ ಪೋಶನ್ ಟ್ರ್ಯಾಕರ್ ಗಮನಹರಿಸುತ್ತದೆ.,Position Tracker focuses on India's elimination of malnutrition from the world.
It serves as a mechanism to monitor and improvise on the service delivery under Poshan Abhiyaan,ಪೋಶನ್ ಅಭಿಯಾನದ ಅಡಿಯಲ್ಲಿ ಸೇವೆಯ ನೀಡುವ ಬಗ್ಗೆ ಮೇಲ್ವಿಚಾರಣೆ ಮಾಡಲು ಮತ್ತು ಸುಧಾರಿಸಲು ಇದು ಕಾರ್ಯವಿಧಾನವಾಗಿ ಕಾರ್ಯನಿರ್ವಹಿಸುತ್ತದೆ,It serves as a mechanism for monitoring and improving service delivery under the NPCK Positions campaign.
Is poshan trackers app available over Apple I Store also?,ಪೋಷಣ್ ಟ್ರ್ಯಾಕರ್ ಆಪ್ಪ್ ಆಪ್ಪಲ್ ಐ ಸ್ಟೋರ್ ನಲ್ಲೂ ಲಭ್ಯವಿದೆಯೇ?,Is the Nutrition Tracker app also available on the Apple Apple Store?
Number of records becoming inactive and number of records migrating from one category to another,ನಿಷ್ಕ್ರಿಯವಾಗುತ್ತಿರುವ ದಾಖಲೆಗಳ ಸಂಖ್ಯೆ ಮತ್ತು ಒಂದು ವರ್ಗದಿಂದ ಇನ್ನೊಂದಕ್ಕೆ ಸ್ಥಳಾಂತರಗೊಳ್ಳುವ ದಾಖಲೆಗಳ ಸಂಖ್ಯೆ,The number of records that are being deactivated and the number of records that are being moved from one class to another.
In How many languages the Poshan Tracker App is available?,ಪೋಷಣ್ ಟ್ರ್ಯಾಕರ್ ಅಪ್ಲಿಕೇಶನ್ ಎಷ್ಟು ಭಾಷೆಗಳಲ್ಲಿ ಲಭ್ಯವಿದೆ?,How many languages is the Nutrition Tracker app available?
AWWs are requested to enter their mobile numbers in the Login screen.,ತಮ್ಮ ಮೊಬೈಲ್ ಸಂಖ್ಯೆಯನ್ನು ಎಡಬ್ಯುಡಬ್ಲ್ಯು ಗಳು ಲಾಗಿನ್ ಪರದೆಯಲ್ಲಿ ನಮೂದಿಸಲು ವಿನಂತಿಸಲಾಗಿದೆ.,They are asked to enter their mobile number on the AWK's login screen.
"An OTP will be sent to your registered mobile number, post which you are required too set your MPIN.","ನಿಮ್ಮ ನೋಂದಾಯಿತ ಮೊಬೈಲ್ ಸಂಖ್ಯೆಗೆ ಒಟಿಪಿ ಕಳುಹಿಸಲಾಗುವುದು, ತದನಂತರ ನೀವು ನಿಮ್ಮ ಎಮ್. ಪಿನ್ ಗೊತ್ತುಪಡಿಸಬೇಕು.","An OTP will be sent to your registered mobile number, and you must then assign your M.P.N."
Measles Containing vaccine (MCV)/MR-2JE-2**DiphtheriaPertussis & Tetanus (DPT)-Booster-1OPV –Booster,ದಡಾರ ಲಸಿಕೆ (MCV)/MR-2JE-2**ಡಿಫ್ತೀರಿಯಾಪೆರ್ಟುಸಿಸ್ ಮತ್ತು ಟೆಟನಸ್ (DPT)-ಬೂಸ್ಟರ್-1OPV-ಬೂಸ್ಟರ್,The MR-2JE-2**diphtheriapertuosis and tetanus (DPT) - booster-1OPV-booster is a vaccine against the disease.
The Poshan Tracker enables real-time monitoring and tracking of all AWCs and beneficiaries on defined indicators.,ಪೋಶನ್ ಟ್ರ್ಯಾಕರ್ ಎಲ್ಲಾ AWCಗಳು ಮತ್ತು ಫಲಾನುಭವಿಗಳನ್ನು ವ್ಯಾಖ್ಯಾನಿಸಲಾದ ಸೂಚಕಗಳಲ್ಲಿ ನೈಜ-ಸಮಯದ ಮೇಲ್ವಿಚಾರಣೆ ಮತ್ತು ಟ್ರ್ಯಾಕಿಂಗ್ ಅನ್ನು ಸಕ್ರಿಯಗೊಳಿಸುತ್ತದೆ.,The position tracker enables real-time monitoring and tracking of all AWCs and beneficiaries across defined indicators.
It is built using centralized data architecture that also aligns with the digital technology systems of other ministries and programs.,"ಇದು ಕೇಂದ್ರೀಕೃತ ಡೇಟಾ ಆರ್ಕಿಟೆಕ್ಚರ್ ಅನ್ನು ಬಳಸಿಕೊಂಡು ನಿರ್ಮಿಸಲಾಗಿದೆ, ಇದು ಇತರ ಸಚಿವಾಲಯಗಳು ಮತ್ತು ವಿನ್ಯಾಸ ಕಾರ್ಯಕ್ರಮಗಳ ಡಿಜಿಟಲ್ ತಂತ್ರಜ್ಞಾನ ವ್ಯವಸ್ಥೆಗಳೊಂದಿಗೆ ಹೊಂದಾಣಿಕೆಯಾಗುತ್ತದೆ.","It is built using a centralized data architecture, which is compatible with digital technology systems of other ministries and design programs."
The public dashboard helps to impart transparency on services delivered to beneficiaries,ಸಾರ್ವಜನಿಕ ಡ್ಯಾಶ್ಬೋರ್ಡ್ ಫಲಾನುಭವಿಗಳಿಗೆ ನೀಡುವ ಸೇವೆಗಳಲ್ಲಿ ಪಾರದರ್ಶಕತೆಯನ್ನು ಒದಗಿಸಲು ಸಹಾಯ ಮಾಡುತ್ತದೆ,The public dashboard helps to provide transparency in the services provided to the beneficiaries.
Translations on the Poshan Tracker Portal & App Chabot are done by third party translators.,ಪೋಷನ್ ಟ್ರ್ಯಾಕರ್ ಪೋರ್ಟಲ್ ಮತ್ತು ಚಾಬೊಟ್ ಅಪ್ಲಿಕೇಶನ್ ಅನ್ನು ಥರ್ಡ್ ಪಾರ್ಟಿ ಅನುವಾದಕರು ಅನುವಾದಿಸಿದ್ದಾರೆ.,The Pouskn Tracker portal and the Chabot app have been translated by third party translators.
"While the translations are done on a best effort basis, some of the parts may be incorrect.","ಅನುವಾದಗಳನ್ನು ಅತ್ಯುತ್ತಮ ಪ್ರಯತ್ನದ ಆಧಾರದ ಮೇಲೆ ಮಾಡಲಾಗಿದ್ದರೂ, ಕೆಲವು ಭಾಗಗಳು ತಪ್ಪಾಗಿರಬಹುದು.","Although the best efforts have been made to translate the text, some parts may be wrong."
Certain files and other items on the website cannot be translated.,ವೆಬ್ಸೈಟ್ನಲ್ಲಿರುವ ಕೆಲವು ಫೈಲ್ಗಳು ಮತ್ತು ಇತರ ಐಟಂಗಳನ್ನು ಅನುವಾದಿಸಲಾಗುವುದಿಲ್ಲ.,Some files and other items on the website cannot be translated.
"In addition, on translation, some applications and/or services may not function as expected, due to language barriers.","ಹೆಚ್ಚುವರಿಯಾಗಿ, ಅನುವಾದದ ನಂತರ, ಭಾಷೆಯ ನಿರ್ಬಂಧಗಳ ಕಾರಣದಿಂದಾಗಿ ಕೆಲವು ಅಪ್ಲಿಕೇಶನ್ಗಳು ಮತ್ತು/ಅಥವಾ ಸೇವೆಗಳು ನಿರೀಕ್ಷೆಯಂತೆ ಕಾರ್ಯನಿರ್ವಹಿಸುವುದಿಲ್ಲ.","In addition, after translation, some applications and/or services may not work as expected due to language restrictions."
"We are working constantly to rectify any errors, omissions, or ambiguities in the translations provided on this portal.","ಈ ಪೋರ್ಟಲ್ನಲ್ಲಿ ಒದಗಿಸಲಾದ ಅನುವಾದಗಳಲ್ಲಿನ ಯಾವುದೇ ದೋಷಗಳು, ಲೋಪಗಳು ಅಥವಾ ಅಸ್ಪಷ್ಟತೆಗಳನ್ನು ಸರಿಪಡಿಸಲು ನಾವು ನಿರಂತರವಾಗಿ ಕಾರ್ಯನಿರ್ವಹಿಸುತ್ತಿದ್ದೇವೆ.","We are continuously working to correct any errors, gaps or ambiguities in the translations provided on this portal."
"The MGRS collected primary growth data and related information from approximately 8500 children from widely different ethnic backgrounds and cultural settings (Brazil, Ghana, India, Norway, Oman and the USA)","MGRS ವಿವಿಧ ಜನಾಂಗೀಯ ಹಿನ್ನೆಲೆಗಳು ಮತ್ತು ಸಾಂಸ್ಕೃತಿಕ ಸೆಟ್ಟಿಂಗ್ಗಳಿಂದ (ಬ್ರೆಜಿಲ್, ಘಾನಾ, ಭಾರತ, ನಾರ್ವೆ, ಓಮನ್ ಮತ್ತು USA) ಸುಮಾರು 8500 ಮಕ್ಕಳಿಂದ ಪ್ರಾಥಮಿಕ ಬೆಳವಣಿಗೆಯ ಡೇಟಾ ಮತ್ತು ಸಂಬಂಧಿತ ಮಾಹಿತಿಯನ್ನು ಸಂಗ್ರಹಿಸಿದೆ","MGknRS has collected primary development data and related information from about 8,500 children from various racial backgrounds and cultural settings (Brazil, Ghana, India, Norway, Oman and the USA) from around 8,500 children."
Children of different age groups are monitored on monthly basis by AWWs.,ವಿವಿಧ ವಯೋಮಾನದ ಮಕ್ಕಳನ್ನು AWW ಮಾಸಿಕವಾಗಿ ಮೇಲ್ವಿಚಾರಣೆ ಮಾಡುತ್ತಾರೆ.,AWW monitors children of all ages monthly.
"Health indicators like Stunting, Wasting and Underweight prevalence are measured as per WHO standards.","ಕುಂಠಿತವಾಗುವಿಕೆ, ಕ್ಷೀಣಿಸುವಿಕೆ ಮತ್ತು ಕಡಿಮೆ ತೂಕದಂತಹ ಆರೋಗ್ಯ ಸೂಚಕಗಳನ್ನು WHO ಮಾನದಂಡಗಳ ಪ್ರಕಾರ ಅಳೆಯಲಾಗುತ್ತದೆ.","Health indicators such as constipation, decline and low weight are measured according to WHO standards."
Regular growth monitoring helps AWWs to provide relevant and timely assistance to children,"ನಿಯಮಿತ ಬೆಳವಣಿಗೆಯ ಮೇಲ್ವಿಚಾರಣೆಯು AWW, ಮಕ್ಕಳಿಗೆ ಸೂಕ್ತ ಮತ್ತು ಸಮಯೋಚಿತ ಸಹಾಯವನ್ನು ಒದಗಿಸಲು ಸಹಾಯ ಮಾಡುತ್ತದೆ","Regular growth monitoring helps AWW, children to provide appropriate and timely assistance."
"Awareness for Children Stunting, Wasting to prevent malnutrition in children",ಮಕ್ಕಳಲ್ಲಿನ ಅಪೌಷ್ಟಿಕತೆ ತಡೆಗಟ್ಟಲು ಕುಂಠಿತ ಸ್ಥಿತಿಯ ಬಗ್ಗೆ ಜಾಗೃತಿ,"To prevent malnutrition in children, awareness of the condition is needed."
Poshan Tracker adds new application features,ಪೋಶನ್ ಟ್ರ್ಯಾಕರ್ ಹೊಸ ಅಪ್ಲಿಕೇಶನ್ ವೈಶಿಷ್ಟ್ಯಗಳನ್ನು ಸೇರಿಸುತ್ತದೆ,Position tracker adds new app features to the package.
Making or Updating Home Visit Planner and Initiating home visits,ಮನೆ ಭೇಟಿ ಯೋಜಕವನ್ನು ರಚಿಸಸುವುದು ಅಥವಾ ನವೀಕರಿಸುವುದು ಮತ್ತು ಮನೆ ಭೇಟಿಯನ್ನು ಪ್ರಾರಂಭಿಸುವುದು,Create or update a home visit planning and start a home visit.
Poshan Calculator is designed to measure growth of the child based on standards defined by World Health Organization (WHO),ಪೋಷನ್ ಕ್ಯಾಲ್ಕುಲೇಟರ್ ಅನ್ನು ವಿಶ್ವ ಆರೋಗ್ಯ(WHO) ಸಂಸ್ಥೆ ನಿಗದಿಪಡಿಸಿದ ಮಾನದಂಡದ ಪ್ರಕಾರ ಮಗುವಿನ ಬೆಳವಣಿಗೆಯನ್ನು ಅಳೆಯಲು ವಿನ್ಯಾಸಗೊಳಿಸಲಾಗಿದೆ,The nutrition calculator is designed to measure the growth of a child according to a standard set by the World Health Organization (WHO).
Migrated from one category to another,ಒಂದು ವರ್ಗದಿಂದ ಇನ್ನೊಂದು ವರ್ಗಕ್ಕೆ ವಲಸೆ ಹೋಗಿದ್ದಾರೆ,They have migrated from one class to another.
It usually occurs when a person has not had food of adequate quality and quantity and/or they have had frequent or prolonged illnesses,ಒಬ್ಬ ವ್ಯಕ್ತಿಯು ಸಾಕಷ್ಟು ಗುಣಮಟ್ಟದ ಮತ್ತು ಪ್ರಮಾಣದ ಆಹಾರವನ್ನು ಸೇವಿಸದಿದ್ದಾಗ ಮತ್ತು/ಅಥವಾ ಅವರು ಮರುಕಳಿಸುವ ಅಥವಾ ದೀರ್ಘಕಾಲದ ಅನಾರೋಗ್ಯವನ್ನು ಹೊಂದಿರುವಾಗ ಇದು ಸಾಮಾನ್ಯವಾಗಿ ಸಂಭವಿಸುತ್ತದೆ,This usually occurs when a person does not consume enough quality and quantity of food and/or he or she has a recurrent or chronic illness.
Malnutrition is one of the most important challenges facing contemporary India.,ಸಮಕಾಲೀನ ಭಾರತ ಎದುರಿಸುತ್ತಿರುವ ಪ್ರಮುಖ ಸವಾಲುಗಳಲ್ಲಿ ಅಪೌಷ್ಟಿಕತೆ ಒಂದು.,Malnutrition is one of the major challenges facing modern India.
Nutrition is acknowledged as central to the achievement of National and Global Sustainable Development Goals.,ಪೌಷ್ಠಿಕಾಂಶವನ್ನು ರಾಷ್ಟ್ರೀಯ ಮತ್ತು ಜಾಗತಿಕ ಸುಸ್ಥಿರ ಅಭಿವೃದ್ಧಿ ಗುರಿಗಳ ಸಾಧನೆಗೆ ಕೇಂದ್ರವೆಂದು ಒಪ್ಪಿಕೊಳ್ಳಲಾಗಿದೆ.,Nutrition is recognized as a key component in achieving the national and global Sustainable Development Goals.
"Optimum and appropriate nutrition is essential for women and children to survive, thrive and break the intergenerational cycle of poor health and poverty in the community.","ಸಮುದಾಯದಲ್ಲಿ ಕಳಪೆ ಆರೋಗ್ಯ ಮತ್ತು ಬಡತನದ ಅಂತರಜನಾಂಗೀಯ ಚಕ್ರವನ್ನು ಬದುಕಲು, ಅಭಿವೃದ್ಧಿ ಹೊಂದಲು ಮತ್ತು ಮುರಿಯಲು ಮಹಿಳೆಯರು ಮತ್ತು ಮಕ್ಕಳು ಅತ್ಯುತ್ತಮ ಮತ್ತು ಸೂಕ್ತವಾದ ಪೋಷಣೆ ಅಗತ್ಯ.","To survive, thrive and break the interracial cycle of poor health and poverty in the community, women and children need optimal and adequate nutrition."
"Poshan Abhiyaan is India’s flagship programme to improve nutritional outcomes for children, adolescents, pregnant women and lactating mothers by leveraging technology, a targeted approach and convergence.","ಪೋಷಣ್ ಅಭ್ಯಾನ್ ಭಾರತದಲ್ಲಿ, ಮಕ್ಕಳ, ಹದಿಹರೆಯದವರ, ಗರ್ಭ್ಹಿಣಿಯರ ಹಾಗೂ ಹಾಲುಣಿಸುವ ತಾಯಂದಿರ ಪೋಷಣೆಯ ಫಲಿತಾಂಶವನ್ನು ಸುಧಾರಿಸಲು, ತಾಂತ್ರಿಕವಾಗಿ, ಒಂದು ಉದ್ದೇಶಿತ ವಿಧಾನ ಹಾಗೂ ಒಮ್ಮುಖದಿಂದ ಪ್ರಾರಂಭಿಸಿದ ಒಂದು ಪ್ರಮುಖ ಕಾರ್ಯಕ್ರಮ.","The Passion Abhiyan is a major programme launched in India, in a technical, a targeted and joint approach, to improve the nutrition outcome of children, adolescents, pregnant women and nursing mothers."
Hot Cooked Meal (HCM) given in last 30 days,ಕಳೆದ ೩೦ ದಿನಗಳಲ್ಲಿ ಕೊಟ್ಟ ಬೇಯಿಸಿದ ಬಿಸಿಯೂಟ(ಎಚ್. ಸಿ. ಎಮ್),Cooked hot food given in the last 30 days (HCM)
Uploading of Data of Anganwadi Services Schemes in Poshan Tracker,ಪೋಶನ್ ಟ್ರ್ಯಾಕರ್ನಲ್ಲಿ ಅಂಗನವಾಡಿ ಸೇವಾ ಯೋಜನೆಗಳ ಡೇಟಾವನ್ನು ಅಪ್ಲೋಡ್ ಮಾಡಲಾಗುತ್ತಿದೆ,The data of the Anganwadi service projects is being uploaded to the Position Tracker.
The Poshan Tracker generates automated alerts to the critical last-mile beneficiaries.,ಪೋಶನ್ ಟ್ರ್ಯಾಕರ್ ಆ್ಯಪ್   ಫಲಾನುಭವಿಗಳಿಗೆ ಸ್ವಯಂಚಾಲಿತ ಸೂಚನೆಗಳನ್ನು ನೀಡುತ್ತದೆ.,The Position Trackers app provides automatic notifications to the beneficiaries.
It also ensures efficient audit of the delivery system by documenting real time attendance of beneficiaries and duty bearers.,ಇದು ಫಲಾನುಭವಿಗಳು ಮತ್ತು ಕರ್ತವ್ಯ ಹೊಂದಿರುವವರ ನೈಜ ಸಮಯದ ಹಾಜರಾತಿಯನ್ನು ದಾಖಲಿಸುವ ಮೂಲಕ ವಿತರಣಾ ವ್ಯವಸ್ಥೆಯ ಸಮರ್ಥ ಲೆಕ್ಕಪರಿಶೋಧನೆಯನ್ನು ಖಚಿತಪಡಿಸುತ್ತದೆ.,This ensures efficient auditing of the distribution system by recording the real-time attendance of the beneficiaries and the debtors.
"This management information system will help the nutrition programme to scale efficiently, thereby generating and documenting positive impact","ಈ ನಿರ್ವಹಣಾ ಮಾಹಿತಿ ವ್ಯವಸ್ಥೆಯು ಪೌಷ್ಠಿಕಾಂಶ ಕಾರ್ಯಕ್ರಮವನ್ನು ಪರಿಣಾಮಕಾರಿಯಾಗಿ ಅಳೆಯುವಲ್ಲಿ ಸಹಾಯ ಮಾಡುತ್ತದೆ, ಇದರಿಂದ ಧನಾತ್ಮಕ ಪರಿಣಾಮವನ್ನು ಉಂಟುಮಾಡುತ್ತದೆ ಮತ್ತು ದಾಖಲಿಸುತ್ತದೆ","This management information system helps to effectively measure the nutrition program, thereby producing and documenting a positive impact."
How can one Download Poshan Tracker App?,ಪೋಷಣ್ ತ್ರ್ಯಾಕರ್ ಆಪ್ಪನ್ನು ಹೇಗೆ ಡೌನ್ಲೋಡ್ ಮಾಡಬಹುದು?,How can I download the Poshn Trakkar app?
"Clarification regarding Cost of Smart phones (03 June, 2021)","ಸ್ಮಾರ್ಟ್ ಫೋನ್ ಬೆಲೆಯ ಕುರಿತು ಸ್ಲಷ್ಟೀಕರಣ (೦೩ ಜೂನ್, ೨೦೨೧)","The price of smartphones is not disclosed (June 03, 2021)"
along with status update once resolved,ಒಮ್ಮೆ ಪರಿಹರಿಸಿದ ಸ್ಥಿತಿಯ ನವೀಕರಣದೊಂದಿಗೆ,Once the condition is resolved with the update of the condition.
"The Poshan Tracker system is regularly audited by auditors engaged by MWCD, for security and scalability of the system.","ಪೋಷನ್ ಟ್ರಾಕರ್ ಸಿಸ್ಟಮ್ ಅನ್ನು, ಸಿಸ್ಟಮ್ ನ ಸುರಕ್ಷತೆ ಮತ್ತು ಸ್ಕೇಲೇಬಿಲಿಟಿಗಾಗಿ ಎಂಡಬ್ಲ್ಯೂ ಸಿಡಿ ಇಂದ ತೊಡಗಿಸಲ್ಪಟ್ಟ ಆಡಿಟರ್ ಗಳಿಂದ ನಿಯಮಿತವಾಗಿ ಆಡಿಟ್ ಮಾಡಲಾಗುತ್ತದೆ.",The Nutrition Trackers system is regularly audited by auditors involved in the system's safety and scalability from the MW CD.
The records may be used for such audits.,ದಾಖಲೆಗಳನ್ನು ಅಂತಹ ಆಡಿಟ್ ಗಳಿಗೆ ಬಳಸಬಹುದು.,The records can be used for such audits.
Poshan Tracker adds new Resources on Website,ಪೋಶನ್ ಟ್ರ್ಯಾಕರ್ ವೆಬ್ಸೈಟ್ ವೈಶಿಷ್ಟ್ಯದಲ್ಲಿ ಹೊಸ ಸಂಪನ್ಮೂಲಗಳನ್ನು ಸೇರಿಸುತ್ತದೆ,The position tracker will add new resources to the website feature.
"Technology under Poshan Tracker is being leveraged for dynamic identification of stunting, wasting, under-weight prevalence among children and last mile tracking of nutrition service delivery","ಪೋಷನ್ ಟ್ರ್ಯಾಕರ್ ಅಡಿಯಲ್ಲಿ ತಂತ್ರಜ್ಞಾನವು ಮಕ್ಕಳಲ್ಲಿ ಕುಂಠಿತ, ಕ್ಷೀಣಿಸುವಿಕೆ, ಕಡಿಮೆ ತೂಕದ ಹರಡುವಿಕೆ ಮತ್ತು ಪೌಷ್ಟಿಕಾಂಶ ಸೇವೆಯ ವಿತರಣೆಯ ಕೊನೆಯ ಟ್ರ್ಯಾಕಿಂಗ್ ಅನ್ನು ಕ್ರಿಯಾತ್ಮಕವಾಗಿ ಗುರುತಿಸಲು ಬಳಸಲಾಗುತ್ತಿದೆ","Under the Nutrition Tracker, technology is being used to dynamically identify the last tracking of constipation, impairment, low-weight transmission and delivery of nutrition services in children."
The System also takes feedback about system performance and experience.,ಸಿಸ್ಟಮ್ ಕಾರ್ಯಕ್ಷಮತೆ ಮತ್ತು ಅನುಭವದ ಬಗ್ಗೆ ಪ್ರತಿಕ್ರಿಯೆಯನ್ನು ಸಹ ಸಿಸ್ಟಮ್ ತೆಗೆದುಕೊಳ್ಳುತ್ತದೆ.,The system also takes feedback on the performance and experience of the system.
"Information on name, mobile number, date of registration and health status may be used for these purposes","ಹೆಸರು, ಮೊಬೈಲ್ ಸಂಖ್ಯೆ, ನೋಂದಣಿ ದಿನಾಂಕ ಮತ್ತು ಆರೋಗ್ಯ ಸ್ಥಿತಿ ಮಾಹಿತಿಯನ್ನು ಈ ಉದ್ದೇಶಗಳಿಗಾಗಿ ಬಳಸಬಹುದು","Name, mobile number, date of registration and health status information may be used for these purposes."
"We collect the content and other information that you provide when you use our Services, including when you sign up for an account.","ನೀವು ಖಾತೆಯನ್ನು ತೆರೆಯುವುದನ್ನು ಸೇರಿ, ನೀವು ನಮ್ಮ ಸೇವೆಗಳನ್ನು ಬಳಸಿದಾಗ ನಾವು ಈ ಮಾಹಿತಿಗಳನ್ನು ಸಂಗ್ರಹಿಸುತ್ತೇವೆ.","We collect this information when you use our services, including when you open an account."
"You may, however, choose not to share personal data where providing the data is optional.",ಡೇಟಾವನ್ನೂ ನೀಡುವುದು ಆಯ್ಕೆ ಆಗಿರುವುದರಿಂದ ನೀವು ನಿಮ್ಮ ವೈಯುಕ್ತಿಕ ಡೇಟಾವನ್ನು ಹಂಚದೆ ಇರುವ ಆಯ್ಕೆ ಆರಿಸಬಹುದು.,"Since there is also the option to provide data, you can choose not to share your personal data."
Tracking of services to the end beneficiary at a click of a button.,ಒಂದು ಬಟನ್ನ ಕ್ಲಿಕ್ನಲ್ಲಿ ಅಂತಿಮ ಫಲಾನುಭವಿಗೆ ಸೇವೆಗಳ ಟ್ರ್ಯಾಕಿಂಗ್.,Tracking services to the final beneficiary with the click of a button.
"Services like Take Home Ration (THR) and Hot cooked Meal (HCM), vaccination for Infants and Pregnant Women","ಟೇಕ್ ಹೋಮ್ ರೇಷನ್ (THR) ಮತ್ತು ಬಿಸಿ ಊಟ (HCM), ಶಿಶುಗಳು ಮತ್ತು ಗರ್ಭಿಣಿ ಮಹಿಳೆಯರಿಗೆ ವ್ಯಾಕ್ಸಿನೇಷನ್ನಂತಹ ಸೇವೆಗಳು","Take home rations (THR) and hot meals (HCM), vaccination for babies and pregnant women, and other services."
"New Poshan Tracker App (13 January, 2021)","ಹೊಸ ಪೋಷಣ್ ಟ್ರ್ಯಾಕರ್ ಆಪ್ಪ್ (೧೩, ಜನವರಿ,೨೦೨೧)","The new NutritionKn Tracker app (January 13, 2021) is also available."
Preventing illnesses to avert Malnutrition and Death,ಅಪೌಷ್ಠಿಕತೆ ಮತ್ತು ಸಾವನ್ನು ತಡೆಯಲು ರೋಗವನ್ನು ತಡೆಗಟ್ಟುವುದು,Preventing disease to prevent malnutrition and death.
Scan the QR Code to Download the App,ಅಪ್ಲಿಕೇಶನ್ ಡೌನ್ಲೋಡ್ ಮಾಡಲು ಕ್ಯೂಆರ್ ಕೋಡ್ ಸ್ಕ್ಯಾನ್ ಮಾಡಿ,Scan the QR code to download the app.
Pregnant women who received Take Home Ration (THR),ಟೇಕ್ ಹೋಮ್ ರೇಷನ್ (THR) ಪಡೆದಿರುವ ಗರ್ಭಿಣಿಯರು,Pregnant women who have received a Take Home Ration (THR)
General Awareness on SAM and MAM,SAM ಮತ್ತು MAM ಕುರಿತು ಸಾಮಾನ್ಯ ಅರಿವು,Common awareness of SAMkn and MAM
"App can be accessed offline, currently daily tracking feature is available for offline data entry.Offline mode can store latest 3 days data.","ಇಲ್ಲ, ಮಾನ್ಯವಾದ ಇಂಟರ್ನೆಟ್ ಇಲ್ಲದೆ ಈ ಆಪ್ಪ್ ಕೆಲಸ ಮಾಡುವುದಿಲ್ಲ.","No, this app won't work without a valid Internet connection."
These organizations will not use the APIs/ No-code webpage integration to encourage or promote illegal activity or violation of third-party rights including these Terms with Poshan Tracker.,ಕಾನೂನುಬಾಹಿರ ಚಟುವಟಿಕೆಗಳನ್ನು ಪ್ರೋತ್ಸಾಹಿಸಲು ಅಥವಾ ಪೋಷನ್ ಟ್ರಾಕರ್ ಜೊತೆ ಇರುವ ನೀತಿಗಳನ್ನು ಒಳಗೊಂಡು ಥರ್ಡ್ ಪಾರ್ಟಿ ಹಕ್ಕುಗಳ ಉಲ್ಲಂಘನೆಯನ್ನು ಉತ್ತೇಜಿಸಲು API/ನೋ-ಕೋಡ್ ವೆಬ್ಪುಟ ಏಕೀಕರಣವನ್ನು ಈ ಸಂಸ್ಥೆಗಳು ಬಳಸುವುದಿಲ್ಲ.,"These organizations do not use API/no-code webpage integration to encourage illegal activities or promote violations of third party rights, including policies with the Nutrition Tracker."
"Pregnant Women, Lactating Mothers, Children from 6 months to 3 years and adolescent girls.","ಗರ್ಭಿಣಿಯರು, ಹಾಲುಣಿಸುವ ತಾಯಂದಿರು, 6 ತಿಂಗಳಿಂದ 3 ವರ್ಷದ ಮಕ್ಕಳು ಮತ್ತು ಹದಿಹರೆಯದ ಹುಡುಗಿಯರು.","Pregnant women, nursing mothers, children from 6 months to 3 years old and teenage girls."
"New Poshan Tracker App : CSC-SPV Nodal Person (02 February, 2021)","ಪಿ ಎಸ್. ಸಿ. ವಿ ನೋಡಲ್ ವ್ಯಕ್ತಿ(೦೨ ಫ಼ೆಬ್ರವರಿ, ೨೦೨೧)","PSK is a no-noll person (February 02, 2021)"
An AWW can use ‘Migrate Beneficiary’ option to migrate a beneficiary from one AWC to another AWC basis their Aadhaar number.,ಒಬ್ಬ AWW ತನ್ನ ಆಧಾರ್ ಸಂಖ್ಯೆಯ ಆಧಾರದ ಮೇಲೆ ಫಲಾನುಭವಿಯನ್ನು ಒಂದು AWCದಿಂದ ಇನ್ನೊಂದಕ್ಕೆ ವರ್ಗಾಯಿಸಲು 'ವಲಸೆ ಫಲಾನುಭವಿ' ಆಯ್ಕೆಯನ್ನು ಬಳಸಬಹುದು.,An AWW can use the 'immigrant beneficiary' option to transfer the beneficiary from one AWC to another based on his or her Aadhaar number.
A beneficiary is eligible for HCM for at least 21 days in a month.,ಒಬ್ಬ ಫಲಾನುಭವಿಯು ತಿಂಗಳಲ್ಲಿ ಕನಿಷ್ಠ 21 ದಿನಗಳವರೆಗೆ HCM ಗೆ ಅರ್ಹನಾಗಿರುತ್ತಾನೆ.,A beneficiary is eligible for HCM for at least 21 days per month.
ABHA (Health ID) and its Benefits, ಎ. ಬಿ. ಹೆಚ್. ಎ (ಆರೋಗ್ಯ ಗುರುತಿನ ಚೀಟಿ) ಮತ್ತು ಅದರ ಲಾಭಗಳು,ABHA (Health ID) and its benefits.
"We'ar sorry, the page you requested could not be found.","ಕ್ಷಮಿಸಿ, ನೀವು ವಿನಂತಿಸಿದ ಪುಟವನ್ನು ಕಂಡುಹಿಡಿಯಲಾಗಲಿಲ್ಲ.","Sorry, but the page you requested could not be found."
Dadra & Nagar Haveli - Daman & Diu,ದಾದ್ರಾ ಮತ್ತು ನಗರ್ ಹವೇಲಿ - ದಮನ್ ಮತ್ತು ದಿಯು,Dadra and Nagar Haveli - Daman and Diu
Download Mobile App from Play Store,ಪ್ಲೇ ಸ್ಟೋರ್ ನಿಂದ ಮೊಬೈಲ್ ಅಪ್ಲಿಕೇಶನ್ ಡೌನ್ಲೋಡ್ ಮಾಡಿ,Download the mobile app from the Playkn Play Store.
"Further, whenever you change or access your account on the System or any information relating to it, we offer the use of a secure server.","ಹೆಚ್ಚುವರಿಯಾಗಿ, ನೀವು ಸಿಸ್ಟಮ್ನಲ್ಲಿ ನಿಮ್ಮ ಖಾತೆಯನ್ನು ಬದಲಾಯಿಸಿದಾಗ ಅಥವಾ ಪ್ರವೇಶಿಸಿದಾಗ ಅಥವಾ ಅದಕ್ಕೆ ಸಂಬಂಧಿಸಿದ ಯಾವುದೇ ಮಾಹಿತಿಯನ್ನು ಬದಲಾಯಿಸಿದಾಗ ಅಥವಾ ಪ್ರವೇಶಿಸಿದಾಗ, ನಾವು ಸುರಕ್ಷಿತ ಸರ್ವರ್ನ ಬಳಕೆಯನ್ನು ನೀಡುತ್ತೇವೆ.","In addition, when you change or access your account in the system or any related information, we offer the use of a secure server."
General Awareness on the Delivery of the child,ಶಿಶುವಿನ ಜನ್ಮದ ಬಗ್ಗೆ ಸಾಮಾನ್ಯ ಅರಿವು,General awareness of the birth of a baby.
"We also use the data to operate our services, which includes analyzing our performance, meeting our legal obligations, developing our workforce, and doing research.","ನಮ್ಮ ಕಾರ್ಯಕ್ಷಮತೆಯನ್ನು ವಿಶ್ಲೇಷಿಸಲು, ನಮ್ಮ ಕಾನೂನು ಬಾಧ್ಯತೆಗಳನ್ನು ಪೂರೈಸಲು, ನಮ್ಮ ಕಾರ್ಯಪಡೆಯನ್ನು ಅಭಿವೃದ್ಧಿಪಡಿಸಲು ಮತ್ತು ಸಂಶೋಧನೆ ನಡೆಸಲು ಸೇರಿದಂತೆ ನಮ್ಮ ಸೇವೆಗಳನ್ನು ನಡೆಸಲು ನಾವು ಡೇಟಾವನ್ನು ಬಳಸುತ್ತೇವೆ.","We use data to run our services, including to analyze our performance, meet our legal obligations, develop our workforce and conduct research."
Where can I enquire about Hot Cooked Meal?,ಬಿಸಿ ಬೇಯಿಸಿದ ಆಹಾರದ ಬಗ್ಗೆ ನಾನು ಎಲ್ಲಿ ಕೇಳಬಹುದು?,Where can I ask about hot-cooked food?
"The Site may contain links to other websites that may not be owned, maintained, or operated by us.","ಸೈಟ್ ನಮ್ಮ ಮಾಲೀಕತ್ವವನ್ನು ಹೊಂದಿರದ, ನಿರ್ವಹಿಸದಿರುವ ಇತರ ವೆಬ್ಸೈಟ್ಗಳಿಗೆ ಲಿಂಕ್ಗಳನ್ನು ಹೊಂದಿರಬಹುದು.",The site may contain links to other websites that are not owned or operated by us.
"The fact that these websites are linked, does not indicate any endorsement of these websites from us, since we do have any control over these websites.","ಈ ವೆಬ್ಸೈಟ್ಗಳನ್ನು ಲಿಂಕ್ ಮಾಡಲಾಗಿದೆ ಎಂಬ ಅಂಶವು ಈ ವೆಬ್ಸೈಟ್ಗಳ ಯಾವುದೇ ಅನುಮೋದನೆಯನ್ನು ಸೂಚಿಸುವುದಿಲ್ಲ, ಏಕೆಂದರೆ ಈ ವೆಬ್ಸೈಟ್ಗಳ ಮೇಲೆ ನಮಗೆ ಯಾವುದೇ ನಿಯಂತ್ರಣವಿಲ್ಲ.","The fact that these websites are linked does not imply any endorsement of these websites, as we have no control over these websites."
We are not responsible for these websites including any content or the privacy practices of these websites.,ಈ ವೆಬ್ಸೈಟ್ಗಳ ವಿಷಯ ಅಥವಾ ಗೌಪ್ಯತೆ ಅಭ್ಯಾಸಗಳು ಸೇರಿದಂತೆ ಈ ಯಾವುದೇ ವೆಬ್ಸೈಟ್ಗಳಿಗೆ ನಾವು ಜವಾಬ್ದಾರರಾಗಿರುವುದಿಲ್ಲ.,"We are not responsible for any of these websites, including the content or privacy practices of these websites."
We strongly encourage you to familiarize yourself with the terms of use of these websites.,ಈ ವೆಬ್ಸೈಟ್ಗಳ ಬಳಕೆಯ ನಿಯಮಗಳೊಂದಿಗೆ ನೀವೇ ಪರಿಚಿತರಾಗಲು ನಾವು ನಿಮ್ಮನ್ನು ಬಲವಾಗಿ ಪ್ರೋತ್ಸಾಹಿಸುತ್ತೇವೆ.,We strongly encourage you to familiarize yourself with the terms of use of these websites.
Your use of these websites is at your own risk and peril.,ನೀವು ನಿಮ್ಮ ಸ್ವಂತ ಅಪಾಯದ ಮೇಲೆ ಈ ವೆಬ್ಸೈಟ್ ಗಳ ಬಳಕೆಯನ್ನು ಮಾಡುತ್ತೀರಿ.,You use these websites at your own risk.
In how many languages AWW can enter the data while filling up the form?,ಫಾರ್ಮ್ ಅನ್ನು ಭರ್ತಿ ಮಾಡುವಾಗ ಎಡಬ್ಲ್ಯುಡಬ್ಲ್ಯು ಅಥವಾ ಎಡಬ್ಲ್ಯೂಸಿ ಎಷ್ಟು ಭಾಷೆಗಳಲ್ಲಿ ಡೇಟಾವನ್ನು ನಮೂದಿಸಬಹುದು?,How many languages can AWW or AWC enter data in when filling out the form?
Children who are identified as deficit on nutrition are eligible for additional food supplements.,ಪೌಷ್ಟಿಕಾಂಶದ ಕೊರತೆಯಿರುವ ಮಕ್ಕಳು ಹೆಚ್ಚುವರಿ ಆಹಾರಕ್ಕೆ  ಅರ್ಹರಾಗಿರುತ್ತಾರೆ.,Children who are malnourished are entitled to additional food.
An underweight person is a person whose body weight is considered too low to be healthy,ವ್ಯಕ್ತಿಯ ದೇಹದ ತೂಕ ಆರೋಗ್ಯಕರವಾಗಿರಲು ತುಂಬಾ ಕಡಿಮೆ ಇದ್ದರೆ ಕಡಿಮೆ ತೂಕದ ವ್ಯಕ್ತಿ ಎಂದು ಪರಿಗಣಿಸಲಾಗಿದೆ,"If a person's body weight is too low to be healthy, then a person is considered to be a low-weight person."
When and how to use MPIN?,ಯಾವಾಗ ಮತ್ತು ಹೇಗೆ ಎಂಪಿನ್ ಬಳಸಬಹುದು?,When and how can mpkn be used?
Ensuring that complementary feeding improves over time,ಕಾಲಾನಂತರದಲ್ಲಿ ಪೂರಕ ಪೋಷಣೆ ಸುಧಾರಿಸುವುದನ್ನು ಖಚಿತಪಡಿಸಿಕೊಳ್ಳಿ,Make sure that nutritional supplements improve over time.
Using ABHA (Health ID) is the first step towards creating safer and efficient digital health records for you and your family., ಎ. ಬಿ. ಹೆಚ್. ಎ ಬಳಸುವುದು ( ಆರೋಗ್ಯ ಗುರುತಿನ ಚೀಟಿ) ನಿಮ್ಮ ಮತ್ತು ನಿಮ್ಮ ಕುಟುಂಬಕ್ಕಾಗಿ ಸುರಕ್ಷಿತ ಮತ್ತು ಸಮರ್ಥ ಡಿಜಿಟಲ್ ದಾಖಲೆಗಳನ್ನು ನಿರ್ಮಿಸುವುದರಲ್ಲಿ ಮೊದಲನೇ ಹೆಜ್ಜೆಯಾಗಿದೆ.,Using an ABHA (Health ID) is the first step in building safe and efficient digital records for you and your family.
ABHA (earlier known as Health ID) is an acronym for Ayushman Bharat Health Account., ಎ. ಬಿ. ಹೆಚ್. ಎ ( ಮುಂಚಿನ ಹೆಸರು ಆರೋಗ್ಯ ಗುರುತಿನ ಚೀಟಿ ) ಪೂರ್ಣ ಹೆಸರು ಆಯುಷ್ಮಾನ್ ಭಾರತ್ ಹೆಲ್ತ್ ಅಕೌಂಟ್ ಆಗಿದೆ.,ABH (former name Health ID card) full name is Ayushman Bharat Health Account.
AWW/AWCs can only be added by nodal level official.Anybody in the above rank in the hierarchy.,"ಎಡಬ್ಲ್ಯುಡಬ್ಲ್ಯು / ಎಡಬ್ಲ್ಯೂಸಿ ಗಳನ್ನು ನೋಡಲ್ ಮಟ್ಟದ ಅಧಿಕಾರಿ ಮಾತ್ರ ಸೇರಿಸಬಹುದು.ಕ್ರಮಾನುಗತದಲ್ಲಿ ಮೇಲಿನ ಯಾರಾದರೂ ರಾಷ್ಟ್ರಮಟ್ಟದ ಬಳಕೆದಾರರು ರಾಜ್ಯ, ಜಿಲ್ಲೆ, ಯೋಜನೆ ಮತ್ತು ವಲಯ ಮಟ್ಟದ ಬಳಕೆದಾರರನ್ನು ರಚಿಸಬಹುದು.ರಾಜ್ಯ ಮಟ್ಟದ ಬಳಕೆದಾರರು ಜಿಲ್ಲೆ, ಯೋಜನೆ ಮತ್ತು ವಲಯ ಮಟ್ಟದ ಬಳಕೆದಾರರನ್ನು ರಚಿಸಬಹುದು, ಜಿಲ್ಲಾ ಮಟ್ಟದ ಬಳಕೆದಾರರು ಯೋಜನೆ ಮತ್ತು ವಲಯ ಮಟ್ಟದ ಬಳಕೆದಾರರನ್ನು ರಚಿಸಬಹುದು, ಪ್ರಾಜೆಕ್ಟ್ ಮಟ್ಟದ ಬಳಕೆದಾರರು ವಲಯ ಮಟ್ಟದ ಬಳಕೆದಾರರನ್ನು ರಚಿಸಬಹುದು.","AWW/AWCs can only be added by a node-level officer.Anyone above the sequence can create state, district, project and zone-level users at the national, county, and district level.State-level users can create county, project and zone-level users, district-level users can create project and zone-level users, project-level users can create zone-level users."
Where can I enquire about take home ration?,ಟೇಕ್ ಹೋಮ್ ಪಡಿತರ ಬಗ್ಗೆ ನಾನು ಎಲ್ಲಿ ಕೇಳಬಹುದು?,Where can I ask about take-home recipes?
We use the information we collect from all our services for the following purposes:,ನಾವು ನಮ್ಮ ಸೇವೆಗಳಿಂದ ಪಡೆದ ಎಲ್ಲಾ ಮಾಹಿತಿಗಳನ್ನು ಕೆಳಕಂಡ ಉದ್ದೇಶಗಳಿಗಾಗಿ ಬಳಸುತ್ತೇವೆಃ,We use all the information we obtain from our services for the following purposes:
Identification & Referral of Sick Newborn,ಅನಾರೋಗ್ಯ ನವಜಾತ ಶಿಶುವಿನ ಗುರುತಿಸುವಿಕೆ ಮತ್ತು ಉಲ್ಲೇಖ,Identification and reference of a sick newborn baby
 XIV. CORRECTNESS OF DATA PROVIDED BY THIRD PARTY SYSTEMS, XIV. ಥರ್ಡ್ ಪಾರ್ಟಿ ವ್ಯವಸ್ಥೆಗಳಿಂದ ಒದಗಿಸಲಾದ ಡೇಟಾದ ನಿಖರತೆ,XIV.kn. accuracy of data provided by third-party systems.
Who is eligible for Take Home Ration?,ಟೇಕ್ ಹೋಮ್ ರೇಷನ್ಗೆ ಯಾರು ಅರ್ಹರು?,Who is eligible for take-home ration?
Supporting mothers with issues in Breastfeeding,ಸ್ತನ್ಯಪಾನ ಸಮಸ್ಯೆಗಳಿರುವ ತಾಯಂದಿರಿಗೆ ಸಹಾಯ ಮಾಡುವುದು,Helping mothers with breastfeeding problems.
"The proposed system should enable real-time monitoring and tracking of all AWCs, AWWs and beneficiaries on the defined indicators.","ಈ ಪ್ರಸ್ತಾಪಿಸಿದ ವ್ಯವಸ್ತೆಯು ಎಲ್ಲಾ ಎ. ಡಬ್ಲ್ಯು. ಸಿ, ಎಡಬ್ಲ್ಯುಡಬ್ಲ್ಯು ಗಳು ಹಾಗೂ ಫಲಾನುಭವಿಗಳ, ವ್ಯಾಖ್ಯಾನಿಸಿದ ಸೂಚಕಗಳಲ್ಲಿ ನೈಜ ಸಮಯ ಉಸ್ತುವಾರಿ ಮತ್ತು ಜಾಡೀಕರಣವನ್ನು ಸಕ್ರೀಯಗೊಳಿಸಬೇಕು.","This proposed product should enable real-time charging and stabilization of all AWCs, AWWs and beneficiaries, defined indicators."
Above standards are defined as per given above mentioned age brackets,ಮೇಲಿನ ಮಾನದಂಡಗಳನ್ನು ಮೇಲೆ ನೀಡಲಾದ ವಯಸ್ಸಿನ ಪ್ರಕಾರವಾಗಿ ವ್ಯಾಖ್ಯಾನಿಸಲಾಗಿದೆ,The above criteria are defined according to the above age.
"If a person is underweight, their body may not be getting the nutrients it needs to build healthy bones, skin and hair","ಒಬ್ಬ ವ್ಯಕ್ತಿಯು ಕಡಿಮೆ ತೂಕವನ್ನು ಹೊಂದಿದ್ದರೆ, ಅವರ ದೇಹವು ಆರೋಗ್ಯಕರ ಮೂಳೆಗಳು, ಚರ್ಮ ಮತ್ತು ಕೂದಲನ್ನು ನಿರ್ಮಿಸಲು ಅಗತ್ಯವಾದ ಪೋಷಕಾಂಶಗಳನ್ನು ಪಡೆಯದಿರಬಹುದು","If a person is underweight, their body may not be getting the nutrients needed to build healthy bones, skin, and hair."
MPIN can be set by respective Anganwadi worker by requesting an OTP against his/her mobile number.,ಆಯಾ ಅಂಗನವಾಡಿ ಕೆಲಸಗಾರನು ಅವನ / ಅವಳ ಮೊಬೈಲ್ ಸಂಖ್ಯೆಯ ವಿರುದ್ಧ ಒಟಿಪಿಯನ್ನು ವಿನಂತಿಸುವ ಮೂಲಕ ಎಂಪಿನ್ ಅನ್ನು ಹೊಂದಿಸಬಹುದು.,The respective Antananarivo worker can set the MPIN by requesting an OTP against his/her mobile number.
"If Mobile number is already present in the database, the respective Anganwadi person will receive 4 digits OTP on registered mobile number.","ಮೊಬೈಲ್ ಸಂಖ್ಯೆ ಈಗಾಗಲೇ ಡೇಟಾಬೇಸ್ನಲ್ಲಿ ಇದ್ದರೆ, ಆಯಾ ಅಂಗನವಾಡಿ ವ್ಯಕ್ತಿಯು ನೋಂದಾಯಿತ ಮೊಬೈಲ್ ಸಂಖ್ಯೆಯಲ್ಲಿ ೪ ಅಂಕೆಗಳ ಒಟಿಪಿ ಸ್ವೀಕರಿಸುತ್ತಾರೆ.","If the mobile number is already in the database, then the person concerned will receive a 4-digit OTP from the registered mobile number."
"Post entering the OTP, AWW can easily set customized MPIN.","OTP ಯನ್ನು ನಮೂದಿಸಿದ ನಂತರ,ಎಡಬ್ಲ್ಯುಡಬ್ಲ್ಯು ಕಸ್ಟಮೈಸ್ ಮಾಡಿದ ಎಂಪಿನ್ ಅನ್ನು ಸುಲಭವಾಗಿ ಹೊಂದಿಸಬಹುದು.","Once you enter the OTP, the customized AMPIN can be easily set."
"It enables your interaction with participating healthcare providers, and allows you to receive your digital lab reports, prescriptions and diagnosis seamlessly from verified healthcare professionals and health service providers.","ಇದು ಭಾಗವಹಿಸುವ ಆರೋಗ್ಯ ಪೂರೈಕೆದಾರರೊಂದಿಗೆ ನಿಮ್ಮ ಸಂವಾದವನ್ನು ಸಕ್ರಿಯಗೊಳಿಸುತ್ತದೆ ಮತ್ತು ಅಧಿಕೃತ ಆರೋಗ್ಯ ವೃತ್ತಿಪರರು ಮತ್ತು ಆರೋಗ್ಯ ಪೂರೈಕೆದಾರರಿಂದ ನಿಮ್ಮ ಡಿಜಿಟಲ್ ಲ್ಯಾಬ್ ವರದಿಗಳು, ಪ್ರಿಸ್ಕ್ರಿಪ್ಷನ್ಗಳು ಮತ್ತು ರೋಗನಿರ್ಣಯಗಳನ್ನು ಪಡೆಯಲು ನಿಮಗೆ ಅನುಮತಿಸುತ್ತದೆ.","This enables your interaction with the participating healthcare providers and allows you to obtain your digital lab reports, prescriptions and diagnoses from authorized healthcare professionals and healthcare providers."
Our System provides API to Third – Party Sites that may collect your personal information.,ನಿಮ್ಮ ವೈಯಕ್ತಿಕ ಮಾಹಿತಿಯನ್ನು ಸಂಗ್ರಹಿಸಬಹುದಾದ ಥರ್ಡ್ ಪಾರ್ಟಿ ಸೈಟ್ಗಳಿಗೆ ನಮ್ಮ ಸಿಸ್ಟಂ API ಒದಗಿಸುತ್ತದೆ.,Our system provides API for third party sites that may collect your personal information.
Poshan Tracker is not in any manner responsible for the security of such information or their privacy practices or content of those Third – Party Sites.,ಪೋಷನ್ ಟ್ರ್ಯಾಕರ್ ಅಂತಹ ಮಾಹಿತಿಯ ಸುರಕ್ಷತೆ ಅಥವಾ ಅವರ ಗೌಪ್ಯತೆ ಅಭ್ಯಾಸಗಳು ಅಥವಾ ಥರ್ಡ್ ಪಾರ್ಟಿ ಸೈಟ್ಗಳ ಪರಿವಿಡಿಗೆ ಯಾವುದೇ ರೀತಿಯಲ್ಲಿ ಜವಾಬ್ದಾರನಾಗಿರುವುದಿಲ್ಲ.,Nutrition Trackers is not responsible for the security of such information or their privacy practices or content on third party sites in any way.
These third-party service providers and Third-Party Sites may have their own privacy policies governing the storage and retention of your information that you may be subject to.,"ಈ ಥರ್ಡ್-ಪಾರ್ಟಿ ಸೇವಾ ಪೂರೈಕೆದಾರರು ಮತ್ತು ಥರ್ಡ್-ಪಾರ್ಟಿ ಸೈಟ್ಗಳು ನಿಮ್ಮ ಮಾಹಿತಿಯ ಸಂಗ್ರಹಣೆ ಮತ್ತು ಧಾರಣವನ್ನು ನಿಯಂತ್ರಿಸುವ ತಮ್ಮದೇ ಆದ ಗೌಪ್ಯತೆ ನೀತಿಗಳನ್ನು ಹೊಂದಿರಬಹುದು, ಅದಕ್ಕೆ ನೀವು ಒಳಪಟ್ಟಿರಬಹುದು.","These third-party service providers and third-party sites may have their own privacy policies that govern the collection and retention of your information, which you may be subject to."
"This Privacy Policy does not govern any information provided to, stored on, or used by these third-party providers and Third-Party Sites.","ಈ ಗೌಪ್ಯತಾ ನೀತಿಯು ಈ ಥರ್ಡ್-ಪಾರ್ಟಿ ಪೂರೈಕೆದಾರರು ಮತ್ತು ಥರ್ಡ್-ಪಾರ್ಟಿ ಸೈಟ್ಗಳು ಒದಗಿಸಿದ, ಸಂಗ್ರಹಿಸಿದ ಅಥವಾ ಬಳಸಿದ ಯಾವುದೇ ಮಾಹಿತಿಯನ್ನು ನಿಯಂತ್ರಿಸುವುದಿಲ್ಲ.","This privacy policy does not govern any information provided, collected or used by these third-party providers or third-party sites."
"We recommend that when you enter a Third-Party Site, you review the Third Party Site’s privacy policy as it relates to safeguarding of your information.",ನಿಮ್ಮ ಮಾಹಿತಿಯ ಸುರಕ್ಷತೆಗೆ ಸಂಬಂಧಿಸಿದಂತೆ ಮೂರನೇ ವ್ಯಕ್ತಿಯ ಸೈಟ್ ಅನ್ನು ನೀವು ಪ್ರವೇಶಿಸಿದಾಗ ಥರ್ಡ್-ಪಾರ್ಟಿ ಸೈಟ್ನ ಗೌಪ್ಯತೆ ನೀತಿಯನ್ನು ಪರಿಶೀಲಿಸಲು ನಾವು ಶಿಫಾರಸು ಮಾಡುತ್ತೇವೆ.,"When you access a third-party site for the security of your information, we recommend that you review the privacy policy of the third-party site."
You agree and acknowledge that Poshan Tracker will not be liable for the information published in search results or by any Third-Party Sites.,ಹುಡುಕಾಟ ಫಲಿತಾಂಶಗಳಲ್ಲಿ ಅಥವಾ ಯಾವುದೇ ಥರ್ಡ್-ಪಾರ್ಟಿ ಸೈಟ್ಗಳಲ್ಲಿ ಪ್ರಕಟಿಸಲಾದ ಮಾಹಿತಿಗೆ ಪೋಶನ್ ಟ್ರ್ಯಾಕರ್ ಜವಾಬ್ದಾರನಾಗಿರುವುದಿಲ್ಲ ಎಂದು ನೀವು ಒಪ್ಪುತ್ತೀರಿ ಮತ್ತು ಅಂಗೀಕರಿಸಿದ್ದೀರಿ.,You agree and agree that PositionTracker is not responsible for any information posted in search results or on any third-party sites.
Your Reference ID (Mobile number) will only be co-related with your personal information in order to communicate to you through SMS as per the clause 1 above.,ಮೇಲಿನ ಷರತ್ತು 1 ರ ಪ್ರಕಾರ ನಿಮ್ಮೊಂದಿಗೆ SMS ಮೂಲಕ ಸಂವಹನ ನಡೆಸುವ ಉದ್ದೇಶದ ಸಲುವಾಗಿ ನಿಮ್ಮ ಉಲ್ಲೇಖ ID (ಮೊಬೈಲ್ ಸಂಖ್ಯೆ) ನಿಮ್ಮ ವೈಯಕ್ತಿಕ ಮಾಹಿತಿಯೊಂದಿಗೆ ಮಾತ್ರ ಸಹ-ಸಂಬಂಧಿತವಾಗಿರುತ್ತದೆ.,"According to clause 1 above, your reference ID (mobile number) will only be co-related with your personal information for the purpose of communicating with you via SMS."
"By visiting or using the Site, you expressly agree to these Terms, as updated from time to time.","ಸೈಟ್ಗೆ ಭೇಟಿ ನೀಡುವ ಮೂಲಕ ಅಥವಾ ಬಳಸುವ ಮೂಲಕ, ಕಾಲಕಾಲಕ್ಕೆ ನವೀಕರಿಸಿದ ಈ ನಿಯಮಗಳನ್ನು ನೀವು ಸ್ಪಷ್ಟವಾಗಿ ಒಪ್ಪುತ್ತೀರಿ.","By visiting or using the site, you expressly agree to these terms and conditions, as updated from time to time."
"If you do not agree with any part of these terms, do not use the site.","ಈ ನಿಯಮಗಳ ಯಾವುದೇ ಭಾಗವನ್ನು ನೀವು ಒಪ್ಪದಿದ್ದರೆ, ಸೈಟ್ ಅನ್ನು ಬಳಸಬೇಡಿ.","If you do not agree to any part of these terms, do not use the site."
You may not use the Site in any manner and may not accept the Terms if you are not of legal age to form a binding contract.,"ಬೈಂಡಿಂಗ್ ಒಪ್ಪಂದವನ್ನು ರೂಪಿಸಲು ನೀವು ಕಾನೂನುಬದ್ಧ ವಯಸ್ಸನ್ನು ಹೊಂದಿಲ್ಲದಿದ್ದರೆ, ನೀವು ಯಾವುದೇ ರೀತಿಯಲ್ಲಿ ಸೈಟ್ ಅನ್ನು ಬಳಸಬಾರದು ಮತ್ತು ನಿಯಮಗಳನ್ನು ಒಪ್ಪಿಕೊಳ್ಳಬಾರದು.","Unless you are of legal age to enter into a binding agreement, you must not use the site in any way and agree to the terms."
Bacillus Calmette Guerin (BCG)Oral Polio Vaccine (OPV)-0 dose Hepatitis B birth dose OPV-1 T,ಬ್ಯಾಸಿಲಸ್ ಕ್ಯಾಲ್ಮೆಟ್ ಗೆರಿನ್ (BCG)ಓರಲ್ ಪೋಲಿಯೊ ಲಸಿಕೆ (OPV)-0 ಡೋಸೇಜ್ ಹೆಪಟೈಟಿಸ್ ಬಿ ಬರ್ತ್ ಡೋಸ್ OPV-1T,Bacillus Calmette Gerin (BCG) Oral polio vaccine (OPV)-0 dose of hepatitis B at birth dose of OPV-1T
"The information collected under Clause 1, shall be used for the purpose of facilitating the health of the beneficiaries.",ಸೆಕ್ಷನ್ 1 ರ ಅಡಿಯಲ್ಲಿ ಸಂಗ್ರಹಿಸಲಾದ ಮಾಹಿತಿಯನ್ನು ಫಲಾನುಭವಿಗಳ ಆರೋಗ್ಯವನ್ನು ಸುಗಮಗೊಳಿಸುವ ಉದ್ದೇಶಕ್ಕಾಗಿ ಬಳಸಲಾಗುತ್ತದೆ.,The information collected under Section 1 of the NCA is used for the purpose of facilitating the health of beneficiaries.
"We provide our products, which includes updating, securing, and troubleshooting the information/data/ materials and contents of the System, as well as providing support.","ಸಿಸ್ಟಮ್ ಮಾಹಿತಿ/ಡೇಟಾ/ವಿಷಯ ಮತ್ತು ಸಾಮಗ್ರಿಗಳನ್ನು ನವೀಕರಿಸುವುದು, ಸುರಕ್ಷಿತಗೊಳಿಸುವುದು ಮತ್ತು ದೋಷನಿವಾರಣೆ ಮಾಡುವುದು ಸೇರಿದಂತೆ ಬೆಂಬಲ ನೀಡುವುದರ ಜೊತೆಗೆ ನಮ್ಮ ಉತ್ಪನ್ನಗಳನ್ನು ನಾವು ಒದಗಿಸುತ್ತೇವೆ.","Besides providing support for system information/data/content and materials, including updating, securing and troubleshooting, we also provide our products."
"When you register on Poshan Tracker, the Mobile number with which you registered, will be used to locate your record from the database.","ನೀವು ಪೋಷನ್ ಟ್ರಾಕರ್ ಸಿಸ್ಟಮ್ ನಲ್ಲಿ ನೋಂದಾಯಿಸಿದಾಗ, ನಿಮ್ಮ ನೊಂದಾಯಿತ ಮೊಬೈಲ್ ಸಂಖ್ಯೆಯನ್ನು ಡೇಟಾಬೇಸ್ ನಲ್ಲಿ ಇರುವ ನಿಮ್ಮ ದಾಖಲೆಯನ್ನು ಹುಡುಕಲು ಉಪಯೋಗಿಸಲಾಗುತ್ತದೆ.","When you register with the NutritionKn Tracker system, your registered mobile number will be used to find your record in the database."
These can also be used to assess the health status as recorded in the Poshan Tracker system.,ಪೋಷನ್ ಟ್ರಾಕರ್ ಸಿಸ್ಟಮ್ ನಲ್ಲಿ ದಾಖಲಾದ ಆರೋಗ್ಯ ಸ್ಥಿತಿಯನ್ನು ಪಡೆಯಲು ಕೂಡ ಇವುಗಳನ್ನು ಬಳಸಲಾಗುವುದು.,These will also be used to obtain a health status recorded in the Nutrition Tracker System.
Training on ICT Platform under POSHAN Abhiyaan,ಪೋಶನ್ ಅಭಿಯಾನದ ಅಡಿಯಲ್ಲಿ ಐಸಿಟಿ ವೇದಿಕೆಯಲ್ಲಿ ತರಬೇತಿ,Training in the ICT platform under the campaign of the newly formed KKK Postion.
"Know more about stunting, wasting and underweight","ಕುಂಠಿತ, ಕ್ಷೀಣಿಸುವಿಕೆ ಮತ್ತು ಕಡಿಮೆ ತೂಕದ ಬಗ್ಗೆ ಇನ್ನಷ್ಟು ತಿಳಿಯಿರಿ","Learn more about constipation, weight loss and weight loss."
What information to be added in AWC forms?,ಎಡಬ್ಲ್ಯೂಸಿ ನಮೂನೆಗಳಲ್ಲಿ ಯಾವ ಮಾಹಿತಿಯನ್ನು ಸೇರಿಸಬೇಕು?,What information should be included in AWC forms?
How to revive your health if you are Moderately Wasted (MAM),ನೀವು ಮಧ್ಯಮವಾಗಿ ತೂಕ ಹೊಂದಿದ್ದರೆ ನಿಮ್ಮ ಆರೋಗ್ಯವನ್ನು ಹೇಗೆ ಪುನರುತ್ಪಾದಿಸುವುದು (MAM),"If you are moderately overweight, how to restore your health (MAMkn)"
AWC Workers Registered In Last 30 Days,ಎಡಬ್ಲ್ಯೂಸಿ ಕಾರ್ಮಿಕರು ಕಳೆದ ೩೦ ದಿನಗಳಲ್ಲಿ ನೋಂದಾಯಿಸಲಾಗಿದೆ,AWC workers have been registered in the last 30 days.
Click on above button to get this App,ಈ ಅಪ್ಲಿಕೇಶನ್ ಪಡೆಯಲು ಮೇಲಿನ ಬಟನ್ ಕ್ಲಿಕ್ ಮಾಡಿ,"To get this app, click on the button above."
Beneficiaries Registered In Last 30 Days,ಕಳೆದ ೩೦ ದಿನಗಳಲ್ಲಿ ನೋಂದಾಯಿತ ಫಲಾನುಭವಿಗಳು,Beneficiaries registered in the last 30 days
Specifications of Smart phone and Technical Compatibility Testing,ಸ್ಮಾರ್ಟ್ ಫೋನ್ ವಿವರಣೆ ಮತ್ತು ತಾಂತ್ರಿಕ ಹೊಂದಾಣಿಕೆ ಪರೀಕ್ಷೆ,Smartphone description and technical compatibility test
Preparation During Pregnancy - For NewBorn Care & Family Planning,ಗರ್ಭಾವಸ್ಥೆಯ ಸಮಯದಲ್ಲಿ ಸಿದ್ದತೆ - ಶಿಶುಗಳ ಆರೈಕೆಗೆ ಮತ್ತು ಕುಟುಂಬ ಯೋಜನೆ,Pregnancy preparation - for baby care and family planning.
Stunting is the impaired growth and development that children experience from poor nutrition,ಕುಬ್ಜತೆಯು ಕುಠಿತ  ಪೋಷಣೆಯಿಂದ ಮಕ್ಕಳು ಅನುಭವಿಸುವ ದುರ್ಬಲ ಬೆಳವಣಿಗೆಯಾಗಿದೆ,Obesity is a weak development experienced by children who suffer from poor nutrition.
Children in the age group of 3 years to 6 years,3 ವರ್ಷದಿಂದ 6 ವರ್ಷ ವಯಸ್ಸಿನ ಮಕ್ಕಳು,Children between the ages of 3 and 6 years old
What is the eligibility of a beneficiary?,ಫಲಾನುಭವಿಯ ಅರ್ಹತೆ ಏನು?,What is the beneficiary's eligibility?
Who are the target userbase of Poshan Tracker App?,ಪೋಷಣ್ ಟ್ರ್ಯಾಕರ್ ಆಪ್ಪ್ ನ ಉದ್ದೇಶಿತ ಬಳಕೆದಾರರು ಯಾರು?,Who are the target users of the Nutritional Tracker app?
Panchayat Raj Institution (PRI) Member or Local Leader,PRI ಸದಸ್ಯ ಅಥವಾ ಸ್ಥಳೀಯ ನಾಯಕರು,PRI member or local leaders.
"It often indicates recent and severe weight loss, although it can also persist for a long time","ಇದು ಸಾಮಾನ್ಯವಾಗಿ ಇತ್ತೀಚಿನ ಮತ್ತು ತೀವ್ರ ತೂಕ ನಷ್ಟವನ್ನು ಸೂಚಿಸುತ್ತದೆ, ಆದರೂ ಇದು ದೀರ್ಘಕಾಲದವರೆಗೆ ಇರುತ್ತದೆ","This usually indicates recent and severe weight loss, although it can last for a long time."
What is the minimum requirement to install Poshan Tracker App in mobile?,ಪೋಷಣ್ ಟ್ರ್ಯಾಕರ್ ಆಪ್ಪ್ ಅನ್ನು ಮೊಬೈಲ್ನಲ್ಲಿ ಸ್ಥಾಪಿಸಲು ಕನಿಷ್ಟ ಅವಶ್ಯಕತೆಗಳೇನು?,What are the minimum requirements for installing the Nutrition Tracker app on mobile?
You will only access (or attempt to access) the Site by the means described in the Documentation and will comply with the terms and conditions of this Agreement.,ನೀವು ದಾಖಲೆಯಲ್ಲಿ ವಿವರಿಸಿದ ವಿಧಾನಗಳ ಮೂಲಕ ಮಾತ್ರ ಸೈಟ್ ಅನ್ನು ಪ್ರವೇಶಿಸುತ್ತೀರಿ (ಅಥವಾ ಪ್ರವೇಶಿಸಲು ಪ್ರಯತ್ನಿಸುತ್ತೀರಿ) ಮತ್ತು ಈ ಒಪ್ಪಂದದ ನಿಯಮಗಳು ಮತ್ತು ಷರತ್ತುಗಳನ್ನು ಅನುಸರಿಸುತ್ತೀರಿ.,You access (or attempt to access) the site only through the methods described in the document and you comply with the terms and conditions of this agreement.
"You will comply with all Central and State laws, rules and regulations applicable to you and your use of the Site and affecting any third-party rights.","ನಿಮಗೆ ಮತ್ತು ನಿಮ್ಮ ಸೈಟ್ನ ಬಳಕೆಗೆ ಅನ್ವಯಿಸುವ ಮತ್ತು ಯಾವುದೇ ಥರ್ಡ್ ಪಾರ್ಟಿ ಹಕ್ಕುಗಳ ಮೇಲೆ ಪರಿಣಾಮ ಬೀರುವ ಎಲ್ಲಾ ಕೇಂದ್ರ ಮತ್ತು ರಾಜ್ಯ ಕಾನೂನುಗಳು, ನಿಯಮಗಳು ಮತ್ತು ನಿಬಂಧನೆಗಳನ್ನು ನೀವು ಅನುಸರಿಸುತ್ತೀರಿ.","You will comply with all applicable federal and state laws, regulations and regulations that apply to you and your use of the site and affect any third party rights."
You can participate in Swastha Balak Balika Spardha by registering through the website https://poshantracker.,You can participate in Swastha Balak Balika Spardha by registering through the website https://poshantracker.,You can participate in Swastha Balak Balika Spardha by registering through the website https://poshantracker.
in or by downloading ‘Poshan Tracker’ App from Google Play Store.,in or by downloading 'Poshan Tracker' App from Google Play Store.,In or by downloading the 'Poshan Tracker' App from the Google Play Store.
The following are the Terms of Service (“Terms”) that govern your use of the Poshan Tracker Platform hosted at https://poshantracker.,ಕೆಳಗೆ ನೀಡಲಾದ ಲಿಂಕ್ https://poshantracker.,The link below is https://poshantracker.com.
"in, and all associated sites linked to it, its subsidiaries, and affiliates (collectively, the “Site”).","in ಮತ್ತು ಇದಕ್ಕೆ ಸಂಬಂಧಿಸಿದ ಎಲ್ಲ ಸೈಟ್ಗಳು, ಅವುಗಳ ಅಂಗಸಂಸ್ಥೆಗಳಲ್ಲಿ ನಿಮ್ಮ ಪೋಷನ್ ಟ್ರಾಕರ್ ಸಿಸ್ಟಮ್ ಕೆಳಕಂಡ ಸೇವಾ ನಿಯಮಗಳಿಗೆ ಒಳಪಟ್ಟಿರುತ್ತದೆ (ಒಟ್ಟಾರೆಯಾಗಿ, ""ಸೈಟ್"").","In addition to all related sites, your nutrition tracker system in their affiliates is subject to the following terms of service (collectively, ""site"")."
Clarification regarding Cost of Smart phones,ಸ್ಮಾರ್ಟ್ ಫೋನ್ ಬೆಲೆ ಬಗ್ಗೆ ಸ್ಪಷ್ಟನೆ,clarification on the price of smart phones.
Measles Containing vaccine (MCV)/Measles & Rubella (MR)-1Japanese Encephalitis(JE)-1**PCV-Booster,ದಡಾರ ಹೊಂದಿರುವ ಲಸಿಕೆ (MCV) / ದಡಾರ ಮತ್ತು ರುಬೆಲ್ಲಾ (MR)-1ಜಪಾನೀಸ್ ಎನ್ಸೆಫಾಲಿಟಿಸ್ (ಜೆಇ)-1**ಪಿಸಿವಿ-ಬೂಸ್ಟರ್,The vaccine (MCV) /dandruff and rubella (MR)-1 with a cough-like effect on Japanese encephalitis (JE)-1** is a PCV-booster.
Mobile number need to be validated within a week,ಒಂದು ವಾರದೊಳಗೆ ಮೊಬೈಲ್ ಸಂಖ್ಯೆಯನ್ನು ಮೌಲ್ಯೀಕರಿಸಬೇಕು,The mobile number must be validated within a week.
Currently a beneficiary can register by the help of an AWW,ಪ್ರಸ್ತುತ ಫಲಾನುಭವಿಯು AWW ಸಹಾಯದಿಂದ ನೋಂದಾಯಿಸಿಕೊಳ್ಳಬಹುದು,The current beneficiary can register with AWW.
Awareness for Lactating Mother Complimentary Feeding for Children,ಶಿಶುಗಳಿಗೆ ಹಾಲುಣಿಸುವ ತಾಯಿಯ ಆಹಾರ ಪೂರಕಗಳ ಬಗ್ಗೆ ಅರಿವು,Knowledge of supplements for infants from nursing mothers.
New Poshan Tracker App - CSC-SPV Nodal Person,ಹೊಸ ಪೋಶನ್ ಟ್ರ್ಯಾಕರ್ ಅಪ್ಲಿಕೇಶನ್ - CSC-SPV ನೋಡಲ್ ವ್ಯಕ್ತಿ,The new position tracker app - CSC-SPV nodal person - is not included.
1.1. Information you provide to us.,1.1. ನೀವು ನಮಗೆ ನೀಡುವ ಮಾಹಿತಿ.,1.1. the information you provide us.
How can one access Poshan Tracker Dashboard?,ಪೋಷಣ್ ಟ್ರ್ಯಾಕರ್ ಡ್ಯಾಶ್ ಬೋರ್ಡ್ ಅನ್ನು ಹೇಗೆ ಪ್ರವೇಶಿಸಬಹುದು?,How can I access the nutrition tracker dashboard?
Prevention of Anemia in children and adolescents girls,ಮಕ್ಕಳಲ್ಲಿ ಮತ್ತು ಹದಿಹರೆಯದ ಹೆಣ್ಣು ಮಕ್ಕಳಲ್ಲಿ ರಕ್ತ ಹೀನತೆ ತಡೆಗಟ್ಟುವುದು,Preventing blood clots in boys and teenage girls
Gangarampur Addl. I. C. D. S Project,ಗಂಗಾರಾಮಪುರ ಹೆಚ್ಚುವರಿ  ಐ. ಸಿ. ಡಿ. ಎಸ್. ಯೋಜನೆ,The Gangaurampur additional ICDS project is underway.
Can a beneficiary register directly using application.,ಅರ್ಜಿಯನ್ನು ಬಳಸಿಕೊಂಡು ಫಲಾನುಭವಿ ನೇರವಾಗಿ ನೋಂದಾಯಿಸಿಕೊಳ್ಳಬಹುದು.,The beneficiary can register directly using the application.
The Ministry of Women and Child Development has rolled out Poshan Tracker application.,ಮಹಿಳಾ ಮತ್ತು ಮಕ್ಕಳ ಅಭಿವೃದ್ಧಿ ಸಚಿವಾಲಯವು ಪೋಶನ್ ಟ್ರ್ಯಾಕರ್ ಅರ್ಜಿಯನ್ನು ಹೊರತಂದಿದೆ.,The Ministry of Women and Child Development has issued a position tracker application.
"The goal is to follow nutrition systems strengthening approach for improving maternal and child undernutrition, focused on strengthening implementation bottlenecks at all levels.","ತಾಯಿಯ ಮತ್ತು ಮಕ್ಕಳ ಅಪೌಷ್ಟಿಕತೆಯನ್ನು ಸುಧಾರಿಸಲು ಪೌಷ್ಠಿಕಾಂಶ ವ್ಯವಸ್ಥೆಯನ್ನು ಬಲಪಡಿಸುವ ವಿಧಾನವನ್ನು ಅನುಸರಿಸುವುದು ಇದರ ಗುರಿಯಾಗಿದೆ, ಎಲ್ಲಾ ಹಂತಗಳಲ್ಲಿ ಅನುಷ್ಠಾನದ ಅಡಚಣೆಗಳನ್ನು ಬಲಪಡಿಸುವತ್ತ ಗಮನಹರಿಸಲಾಗಿದೆ.","The aim is to follow a method of strengthening the nutrition system to improve the malnutrition of the mother and child, focusing on strengthening the barriers to implementation at all stages."
"The Poshan Tracker is built using centralized data architecture, that also aligns with the digital technology systems of other ministries and programs.","ಪೋಶನ್ ಟ್ರ್ಯಾಕರ್ ಅನ್ನು ಕೇಂದ್ರೀಕೃತ ದತ್ತಾಂಶ ವಾಸ್ತುಶಿಲ್ಪವನ್ನು ಬಳಸಿ ನಿರ್ಮಿಸಲಾಗಿದೆ, ಇದು ಇತರ ಸಚಿವಾಲಯಗಳು ಮತ್ತು ಕಾರ್ಯಕ್ರಮಗಳ ಡಿಜಿಟಲ್ ತಂತ್ರಜ್ಞಾನ ವ್ಯವಸ್ಥೆಗಳೊಂದಿಗೆ ಸಹ ಹೊಂದಿಕೊಳ್ಳುತ್ತದೆ.","The position tracker is built using a centralized data architecture, which is also compatible with digital technology systems of other ministries and programs."
"The system provides a digital identity to each beneficiary through a digital card, and allows convergence of call centre with the technology platform.","ಈ ವ್ಯವಸ್ಥೆಯು ಪ್ರತಿ ಫಲಾನುಭವಿಗಳಿಗೆ ಡಿಜಿಟಲ್ ಕಾರ್ಡ್ ಮೂಲಕ ಡಿಜಿಟಲ್ ಗುರುತನ್ನು ಒದಗಿಸುತ್ತದೆ, ಮತ್ತು ತಂತ್ರಜ್ಞಾನ ವೇದಿಕೆಯೊಂದಿಗೆ ಕಾಲ್ ಸೆಂಟರ್ ಅನ್ನು ಒಮ್ಮುಖಗೊಳಿಸಲು ಅನುವು ಮಾಡಿಕೊಡುತ್ತದೆ.","This system provides each beneficiary with digital identity via a digital card, and enables the call center to be integrated with a technology platform."
The system generates automated alerts to the critical last-mile beneficiaries.,ನಿರ್ಣಾಯಕ ಕೊನೆಯ ಮೈಲಿ ಫಲಾನುಭವಿಗಳಿಗೆ ಸಿಸ್ಟಮ್ ಸ್ವಯಂಚಾಲಿತ ಎಚ್ಚರಿಕೆಗಳನ್ನು ಉತ್ಪಾದಿಸುತ್ತದೆ.,The system generates automatic alerts to the final mile beneficiaries of the critical link.
"It also ensures efficient audit of the delivery system, by documenting real time attendance of beneficiaries and duty bearers.",ಫಲಾನುಭವಿಗಳು ಮತ್ತು ಕರ್ತವ್ಯ ನಿರ್ವಹಿಸುವವರ ನೈಜ ಸಮಯದ ಹಾಜರಾತಿಯನ್ನು ದಾಖಲಿಸುವ ಮೂಲಕ ವಿತರಣಾ ವ್ಯವಸ್ಥೆಯ ಸಮರ್ಥ ಲೆಕ್ಕಪರಿಶೋಧನೆಯನ್ನು ಇದು ಖಾತ್ರಿಗೊಳಿಸುತ್ತದೆ.,This ensures efficient auditing of the distribution system by recording real-time attendance of the beneficiaries and the performers.
"Such a robust digital technology platform and management information system, will help the mission to scale efficiently, thereby generating and documenting significant positive impact.","ಅಂತಹ ದೃ digital ವಾದ ಡಿಜಿಟಲ್ ತಂತ್ರಜ್ಞಾನ ವೇದಿಕೆ ಮತ್ತು ನಿರ್ವಹಣಾ ಮಾಹಿತಿ ವ್ಯವಸ್ಥೆಯು ಮಿಷನ್ ಅನ್ನು ಪರಿಣಾಮಕಾರಿಯಾಗಿ ಅಳೆಯಲು ಸಹಾಯ ಮಾಡುತ್ತದೆ, ಇದರಿಂದಾಗಿ ಗಮನಾರ್ಹವಾದ ಸಕಾರಾತ್ಮಕ ಪರಿಣಾಮವನ್ನು ಉಂಟುಮಾಡುತ್ತದೆ ಮತ್ತು ದಾಖಲಿಸುತ್ತದೆ.","Such a robust digital technology platform and management information system helps to effectively measure the mission, thereby producing and documenting a significant positive impact."
Weight should be between 0.90 to 58,ತೂಕವು 0.90 ರಿಂದ 58 ರ ನಡುವೆ ಇರಬೇಕು,The weight should be between 0.90 and 58.
We own the intellectual property rights in the Site and Content.,ನಾವು ಸೈಟ್ ಮತ್ತು ಪರಿವಿಡಿಯಲ್ಲಿ ಬೌದ್ಧಿಕ ಆಸ್ತಿ ಹಕ್ಕುಗಳನ್ನು ಹೊಂದಿದ್ದೇವೆ.,We have intellectual property rights in the site and content.
We may change the Content and features of the Site at any time.,ನಾವು ಯಾವುದೇ ಸಮಯದಲ್ಲಿ ಸೈಟ್ನ ವಿಷಯ ಮತ್ತು ವೈಶಿಷ್ಟ್ಯಗಳನ್ನು ಬದಲಾಯಿಸಬಹುದು.,We may change the content and features of the site at any time.
"The registered and unregistered trademarks, logos, and service marks displayed on the Site are owned by us or our licensors.","ಸೈಟ್ನಲ್ಲಿ ಪ್ರದರ್ಶಿಸಲಾದ ನೋಂದಾಯಿತ ಮತ್ತು ನೋಂದಾಯಿಸದ ಟ್ರೇಡ್ಮಾರ್ಕ್ಗಳು, ಲೋಗೊಗಳು ಮತ್ತು ಸೇವಾ ಗುರುತುಗಳು ನಮ್ಮ ಅಥವಾ ನಮ್ಮ ಪರವಾನಗಿದಾರರ ಒಡೆತನದಲ್ಲಿದೆ.","The registered and unregistered trademarks, logos and service marks displayed on the site are owned by us or our licensors."
"You may not use our trademarks, logos, and service marks in any way without our prior written permission.","ನಮ್ಮ ಪೂರ್ವ ಲಿಖಿತ ಅನುಮತಿಯಿಲ್ಲದೆ ನೀವು ನಮ್ಮ ಟ್ರೇಡ್ಮಾರ್ಕ್ಗಳು, ಲೋಗೋಗಳು ಮತ್ತು ಸೇವಾ ಗುರುತುಗಳನ್ನು ಯಾವುದೇ ರೀತಿಯಲ್ಲಿ ಬಳಸುವಂತಿಲ್ಲ.","You may not use our trademarks, logos, or service marks in any way without our prior written permission."
Material featured on this website may be reproduced free of charge.,ಈ ವೆಬ್ಸೈಟ್ನಲ್ಲಿ ಪ್ರದರ್ಶಿಸಲಾದ ವಿಷಯವನ್ನು ಉಚಿತವಾಗಿ ಮರು ಉತ್ಪಾದಿಸಬಹುದು.,The content displayed on this website can be reproduced for free.
"Wherever the material is being published or issued to others, the source must be prominently acknowledged.","ಎಲ್ಲೆಲ್ಲಿ ವಿಷಯವನ್ನು ಪ್ರಕಟಿಸಲಾಗುತ್ತಿದೆ ಅಥವಾ ಇತರರಿಗೆ ಬಿಡುಗಡೆ ಮಾಡಲಾಗುತ್ತಿದೆ, ಮೂಲವನ್ನು ಪ್ರಮುಖವಾಗಿ ಒಪ್ಪಿಕೊಳ್ಳಬೇಕು.","Wherever content is being published or released to others, the source must be acknowledged as the primary source."
"However, the permission to reproduce this material shall not extend to any material which is identified as being copyright of a third party.","ಆದಾಗ್ಯೂ, ಈ ವಸ್ತುವನ್ನು ಪುನರುತ್ಪಾದಿಸುವ ಅನುಮತಿಯು ಥರ್ಡ್ ಪಾರ್ಟಿ ಹಕ್ಕುಸ್ವಾಮ್ಯ ಎಂದು ಗುರುತಿಸಲಾದ ಯಾವುದೇ ವಸ್ತುಗಳಿಗೆ ವಿಸ್ತರಿಸುವುದಿಲ್ಲ.","However, permission to reproduce this material does not extend to any material that is marked as a third party copyright."
MPIN can be easily reset by any AWW/AWC user.,ಯಾವುದೇ ಎಡಬ್ಲ್ಯುಡಬ್ಲ್ಯು / ಎಡಬ್ಲ್ಯೂಸಿ ಬಳಕೆದಾರರಿಂದ ಎಂಪಿಐಎನ್ ಅನ್ನು ಸುಲಭವಾಗಿ ಮರುರಚಿಸಬಹುದು.,MPIN can be easily reconstructed by any AWW/AWC user.
"You are required to click on Forgot MPIN, and enter your registered mobile number.","ನೀವು ಮರೆತುಹೋದ ಎಂಪಿನ್ ಕ್ಲಿಕ್ ಮಾಡಬೇಕಾಗುತ್ತದೆ, ಮತ್ತು ನಿಮ್ಮ ನೋಂದಾಯಿತ ಮೊಬೈಲ್ ಸಂಖ್ಯೆಯನ್ನು ನಮೂದಿಸಿ.","You'll need to click on the forgotten mpin, and enter your registered mobile number."
You will receive and OTP on your registered mobile number and you can ealily reset your MPIN,ನಿಮ್ಮ ನೋಂದಾಯಿತ ಮೊಬೈಲ್ ಸಂಖ್ಯೆಯಲ್ಲಿ ನೀವು ಒಟಿಪಿ ಸ್ವೀಕರಿಸುತ್ತೀರಿ ಮತ್ತು ನಿಮ್ಮ ಎಂಪಿನ್ ಅನ್ನು ನೀವು ಸುಲಭವಾಗಿ ಮರುರಚಿಸಬಹುದು.,You will receive an OTP on your registered mobile number and you can easily reconfigure your mpin.
The Poshan Tracker is a job-aid to the Anganwadi worker for efficient delivery of services along with reflection of their efforts.,ಪೋಷನ್ ಟ್ರ್ಯಾಕರ್ ಅಂಗನವಾಡಿ ಕಾರ್ಯಕರ್ತೆಯರಿಗೆ ಅವರ ಶ್ರಮವನ್ನು ಪ್ರತಿಬಿಂಬಿಸಲು ಮತ್ತು ಸೇವೆಗಳ ಸಮರ್ಥ ವಿತರಣೆಗಾಗಿ ಕೆಲಸದ ಸಹಾಯಕವಾಗಿದೆ.,The Pooshan Tracker is a work assistant for Anganwadi workers to reflect their hard work and to deliver services efficiently.
It is a critical and beneficiary-centric service delivery Application under POSHAN Abhiyaan which will promote real time data with analytics,"ಇದು ಪೋಶನ್ ಅಭಿಯಾನದ ಅಡಿಯಲ್ಲಿ ಪ್ರಮುಖವಾದ ಮತ್ತು ಫಲಾನುಭವಿ-ಕೇಂದ್ರಿತ ಸೇವಾ ವಿತರಣಾ ಅಪ್ಲಿಕೇಶನ್ ಆಗಿದ್ದು, ಇದು ವಿಶ್ಲೇಷಣೆಯೊಂದಿಗೆ ನೈಜ ಸಮಯದ ಡೇಟಾವನ್ನು ಉತ್ತೇಜಿಸುತ್ತದೆ","It is a key and beneficiary-centric service delivery application under the Positionkn campaign, which promotes real-time data with analytics."
Please enter valid Date of Birth,ದಯವಿಟ್ಟು ಮಾನ್ಯವಾದ ಜನ್ಮ ದಿನಾಂಕವನ್ನು ನಮೂದಿಸಿ,Please enter a valid date of birth.
Who is eligible for additional supplementary food?,ಹೆಚ್ಚುವರಿ ಪೂರಕ ಆಹಾರಕ್ಕಾಗಿ ಯಾರು ಅರ್ಹರು?,Who is eligible for supplemental nutrition?
"We reserve the unconditional right to change, modify, add, or remove any part of these Terms at any time, without specifically notifying you of such changes.","ನಿಮಗೆ ನಿರ್ದಿಷ್ಟವಾಗಿ ಸೂಚಿಸದೆ ಯಾವುದೇ ಸಮಯದಲ್ಲಿ ಈ ನಿಯಮಗಳ ಯಾವುದೇ ಭಾಗವನ್ನು ಬದಲಾಯಿಸಲು, ಮಾರ್ಪಡಿಸಲು, ಸೇರಿಸಲು ಅಥವಾ ತೆಗೆದುಹಾಕಲು ನಾವು ಬೇಷರತ್ತಾದ ಹಕ್ಕನ್ನು ನಾವು ಕಾಯ್ದಿರಿಸಿದ್ದೇವೆ.","We reserve the unconditional right to change, modify, add or remove any part of these Terms at any time without specifically informing you."
Any changes or updates will be effective immediately.,ಯಾವುದೇ ಬದಲಾವಣೆಗಳು ಅಥವಾ ನವೀಕರಣಗಳು ತಕ್ಷಣವೇ ಜಾರಿಗೆ ಬರುತ್ತವೆ.,Any changes or updates will come into effect immediately.
You take the responsibility to check these Terms of Use periodically for changes.,ಬದಲಾವಣೆಗಳಿಗಾಗಿ ನಿಯತಕಾಲಿಕವಾಗಿ ಈ ಬಳಕೆಯ ನಿಯಮಗಳನ್ನು ಪರಿಶೀಲಿಸುವ ಜವಾಬ್ದಾರಿಯನ್ನು ನೀವು ಕೈಗೊಳ್ಳುತ್ತೀರಿ.,You are responsible for reviewing these Terms of Use from time to time for changes.
Your continued use of the platform post such revision shall constitute acceptance of the modified Terms.,ಮಾರ್ಪಾಡಿನ ನಂತರ ಪ್ಲಾಟ್ಫಾರ್ಮ್ನ ನಿಮ್ಮ ಮುಂದುವರಿದ ಬಳಕೆಯು ತಿದ್ದುಪಡಿ ಮಾಡಿದ ನಿಯಮಗಳ ಒಪ್ಪಿಗೆಯನ್ನು ಸೂಚಿಸುತ್ತದೆ.,Your continued use of the platform after the modification of thekn indicates your acceptance of the amended terms.
In both the above cases state nodal officers are empowered to add/ edit/Activate/Deactivate any of the AWW., ಡಬ್ಲ್ಯು. ಸಿ. ಡಿ ಗೆ ಒದಗಿಸಿಲ್ಲ ಮೇಲಿನ ಎರಡೂ ಸಂದರ್ಭ್ಹಗಳಲ್ಲಿ ಯಾವುದೇ ಅಡಬ್ಲ್ಯುಡಬ್ಲ್ಯು ಅನ್ನು ಸೇರಿಸಲು/ಸಂಪಾದಿಸಲು/ಸಕ್ರಿಯಗೊಳಿಸಲು/ನಿಷ್ಕ್ರಿಯಗೊಳಿಸಲು ರಾಜ್ಯ ನೋಡಲ್ ಅಧಿಕಾರಿಗಳಿಗೆ ಅಧಿಕಾರವಿದೆ.,"In both of the above cases, state nodal authorities are authorized to add/edit/enable/disable any AWW."
How many different types of reports can be generated over Poshan Tracker Dashboard?,ಪೋಷಣ್ ಟ್ರ್ಯಾಕರ್ ಡ್ಯಾಶ್ಬೋರ್ಡ್ನಲ್ಲಿ ಎಷ್ಟು ವಿಭಿನ್ನ ರೀತಿಯ ವರದಿಗಳನ್ನು ಉತ್ಪಾದಿಸಬಹುದು?,How many different types of reports can a nutrition tracker generate on its dashboard?
How to revive your health if you are Severely Wasted (SAM),ನೀವು ತೀವ್ರ ಕಡಿಮೆ ತೂಕ ಹೊಂದಿದ್ದರೆ ನಿಮ್ಮ ಆರೋಗ್ಯವನ್ನು ಹೇಗೆ ಪುನರುತ್ಪಾದಿಸುವುದು (SAM),"If you are extremely low in weight, how to restore your health (SAM)"
"See assessment charts for Stunted, Wasted and Underweight parameters","ಕುಂಠಿತ, ತೂಕ ಕಳೆದುಕೊಳ್ಳುವ ಮತ್ತು ಕಡಿಮೆ ತೂಕದ ನಿಯತಾಂಕಗಳಿಗಾಗಿ ಮೌಲ್ಯಮಾಪನ ಚಾರ್ಟ್ ಅನ್ನು ನೋಡಿ","See the assessment chart for paralysis, weight loss and light weight parameters."
Resources for growth monitoring and general awareness,ಬೆಳವಣಿಗೆಯ ಮೇಲ್ವಿಚಾರಣೆ ಮತ್ತು ಸಾಮಾನ್ಯ ಜಾಗೃತಿಗಾಗಿ ಸಂಪನ್ಮೂಲಗಳು,Resources for growth monitoring and general awareness.
AWW are required to enter details related to infrastructure present in a particular Anganwadi centre.,ಎಡಬ್ಲ್ಯುಡಬ್ಲ್ಯು ಗಳು ನಿರ್ದಿಷ್ಟ ಅಂಗನವಾಡಿ ಕೇಂದ್ರದಲ್ಲಿ ಇರುವ ಮೂಲಸೌಕರ್ಯಕ್ಕೆ ಸಂಬಂಧಿಸಿದ ವಿವರಗಳನ್ನು ನಮೂದಿಸ ಬೇಕು.,AWWs must provide details of the infrastructure at a particular Anganawadi center.
"This includes structure, basic amenities, facilities, sanitization, drinking water etc.","ಇದರಲ್ಲಿ ರಚನೆ, ಮೂಲ ಸೌಕರ್ಯಗಳು, ಸೌಲಭ್ಯಗಳು, ನೈರ್ಮಲ್ಯೀಕರಣ, ಕುಡಿಯುವ ನೀರು ಇತ್ಯಾದಿಗಳು ಸೇರಿವೆ.","This includes infrastructure, infrastructure, facilities, sanitation, drinking water, and so on."
Lactating mothers who received Take Home Ration (THR),ಹಾಲುಣಿಸುವ ತಾಯಂದಿರಿಗೆ ಟೇಕ್ ಹೋಮ್ ರೇಷನ್ (THR),Take home ration (THR) for nursing mothers.
"Poshan Tracker reserve the unconditional right to change, modify, add, or remove any part of this Privacy Policy at any time, without specifically notifying you of such changes.","ನಿಮಗೆ ನಿರ್ದಿಷ್ಟವಾಗಿ ತಿಳಿಸದೆಯೇ ಯಾವುದೇ ಸಮಯದಲ್ಲಿ ಗೌಪ್ಯತೆ ನೀತಿಯ ಯಾವುದೇ ಭಾಗವನ್ನು ಬದಲಾಯಿಸಲು, ಮಾರ್ಪಡಿಸಲು, ಸೇರಿಸಲು ಅಥವಾ ತೆಗೆದುಹಾಕಲು ಪೋಶನ್ ಟ್ರ್ಯಾಕರ್ ಬೇಷರತ್ತಾದ ಹಕ್ಕನ್ನು ಕಾಯ್ದಿರಿಸುತ್ತದೆ.","PositionTracker reserves the unconditional right to change, modify, add or remove any part of the Privacy Policy at any time without specifically informing you."
Any changes or updates will be effective immediately.,ಯಾವುದೇ ಬದಲಾವಣೆಗಳು ಅಥವಾ ನವೀಕರಣಗಳು ತಕ್ಷಣವೇ ಜಾರಿಗೆ ಬರುತ್ತವೆ.,Any changes or updates will come into effect immediately.
You should review this Privacy Policy regularly for changes.,ನೀವು ಗೌಪ್ಯತೆ ನೀತಿಯನ್ನು ಬದಲಾವಣೆಗಾಗಿ ನಿಯಮಿತವಾಗಿ ಪರಿಶೀಲಿಸಬೇಕು.,You should review the privacy policy regularly for changes.
"We will use commercially reasonable efforts to generally notify all users of any material changes to this Privacy Policy, such as through a notice on the System.","ಈ ಗೌಪ್ಯತೆ ನೀತಿಯಲ್ಲಿ ಉಂಟಾಗುವ ಯಾವುದೇ ಬದಲಾವಣೆಗಳನ್ನು ಎಲ್ಲಾ ಬಳಕೆದಾರರಿಗೆ ಸೂಚಿಸಲು ನಾವು ವಾಣಿಜ್ಯಿಕವಾಗಿ ಸಮಂಜಸವಾದ ಪ್ರಯತ್ನಗಳನ್ನು ಬಳಸುತ್ತೇವೆ, ಉದಾಹರಣೆಗೆ ಸಿಸ್ಟಂನಲ್ಲಿ ಮೂಲಕ ಸೂಚನೆಯನ್ನು ಹೊರಡಿಸುವ ಮೂಲಕ.","We use commercially reasonable efforts to notify all users of any changes to this privacy policy, such as by issuing a notification through the system."
"However, as a user of the System, you should regularly check the Privacy Policy for any changes.","ಆದರೂ, ಗೌಪ್ಯತಾ ನೀತಿಯು ಬದಲಾವಣೆಗಾಗಿ ಸಿಸ್ಟಮ್ ನ ಬಳಕೆದಾರರು ಆಗಿರುವುದರಿಂದ ನೀವು ನಿಯಮಿತವಾಗಿ ಪರಿಶೀಲಿಸಬೇಕು.","However, you should check the privacy policy regularly as users of the system are subject to change."
"We will also update the “Last Updated” date at the top of this Privacy Policy, which reflects the effective date of this Privacy Policy.","ನಾವು ಗೌಪ್ಯತಾ ನೀತಿಯ ಮೇಲ್ಭಾಗದಲ್ಲಿ "" ಕೊನೆಯದಾಗಿ ನವೀಕರಿಸಿದ"" ದಿನಾಂಕವನ್ನು ನವೀಕರಿಸುತ್ತೇವೆ ಹಾಗೂ ಇದು ಈ ಗೌಪ್ಯತಾ ನೀತಿಯ ಪರಿಣಾಮಕಾರಿ ದಿನಾಂಕವನ್ನು ಸೂಚಿಸುತ್ತದೆ.","We update the ""last updated"" date at the top of the privacy policy, which indicates the effective date of this privacy policy."
Your continued access or use of the System after the date of the new Privacy Policy constitutes your acceptance of the new Privacy Policy.,ಹೊಸ ಗೌಪ್ಯತೆ ನೀತಿಯ ದಿನಾಂಕದ ನಂತರ ನಿಮ್ಮ ಮುಂದುವರಿದ ಪ್ರವೇಶ ಅಥವಾ ಸಿಸ್ಟಂನ ಬಳಕೆಯು ಹೊಸ ಗೌಪ್ಯತೆ ನೀತಿಗೆ ನಿಮ್ಮ ಒಪ್ಪಿಗೆಯನ್ನು ಸೂಚಿಸುತ್ತದೆ.,Your continued access or use of the system after the date of the new privacy policy indicates your consent to the new privacy policy.
"If you do not agree to the new Privacy Policy, you must stop accessing and/or using the System.","ನೀವು ಹೊಸ ಗೌಪ್ಯತಾ ನೀತಿಯನ್ನು ಒಪ್ಪದ ಸಂದರ್ಭದಲ್ಲಿ, ನೀವು ಸಿಸ್ಟಮ್ ಅನ್ನು ಪ್ರವೇಶಿಸುವುದು ಮತ್ತು/ಅಥವಾ ಬಳಸುವುದನ್ನು ನಿಲ್ಲಿಸಬೇಕು.","If you do not agree to the new privacy policy, you should stop accessing and/or using the system."
What is the eligibility of a beneficiary?,ಫಲಾನುಭವಿಯ ಅರ್ಹತೆ ಏನು?,What is the beneficiary's eligibility?
"No, Poshan Tracker is available only for Android version","ಇಲ್ಲ, ಪೋಷಣ್ ಟ್ರ್ಯಾಕರ್ ಕೇವಲ ಆಂಡ್ರೊಯಿಡ್ ಆವ್ರಿತ್ತಿಯಲ್ಲಿ ಲಭ್ಯವಿದೆ.","No, Nutrition Tracker is only available on Android devices."
 XV. INDEMNITY AND LIMITATION OF LIABILITY, XV. ನಷ್ಟ ಪರಿಹಾರ ಮತ್ತು ಹೊಣೆಗಾರಿಕೆ ಮಿತಿ,XV. compensation for loss and limitation of liability.
Growth monitoring report for all health indicators,ಎಲ್ಲಾ ಆರೋಗ್ಯ ಸೂಚಕಗಳಿಗೆ ಬೆಳವಣಿಗೆಯ ಮೇಲ್ವಿಚಾರಣಾ ವರದಿ,Growth monitoring report for all health indicators.
Take Home Ration (THR) given in last 30 days,ಕಳೆದ ೩೦ ದಿನಗಳಲ್ಲಿ ಕೊಟ್ಟ ಮನೆಗೆ ತೆಗೆದುಕೊಂಡು ಹೋಗುವ ಪಡಿತರ(ಟಿಎಚ್ಆರ್),The orders taken to a given home within the last 30 days (THR)
Children are defined as stunted if their height-for-age is more than two standard deviations below the WHO Child Growth Standards median,WHO ಮಕ್ಕಳ ಬೆಳವಣಿಗೆಯ ಮಾನದಂಡಗಳ ಸರಾಸರಿಗಿಂತ ಎರಡು ಪ್ರಮಾಣಿತ ವಿಚಲನಗಳಿಗಿಂತ ಅವರ ಎತ್ತರ-ವಯಸ್ಸು ಹೆಚ್ಚಿದ್ದರೆ ಮಕ್ಕಳನ್ನು ಕುಂಠಿತ ಎಂದು ವ್ಯಾಖ್ಯಾನಿಸಲಾಗುತ್ತದೆ,"If the child's height is greater than two standard deviations from the average of the child's developmental standards, then the child is defined as constipated."
What is the purpose of Launching Poshan Tracker?,ಪೋಷಣ್ ಟ್ರ್ಯಾಕರ್ ಪ್ರಾರಂಭಿಸಿದ ಉದ್ದೇಶವೇನು?,What was the purpose of launching the Nutrition Tracker?
"As a registered user, you have the right to access your profile at any time.","ನೀವು ನೊಂದಾಯಿತ ಬಳಕೆದಾರರು ಆಗಿರುವುದರಿಂದ, ನೀವು ನಿಮ್ಮ ಪ್ರೊಫೈಲ್ ಅನ್ನು ಯಾವ ಸಮಯದಲ್ಲಿ ಆದರೂ ಬಳಸುವ ಹಕ್ಕು ಇದೆ.","Since you are a registered user, you have the right to use your profile at any time."
"Although, the changes can only be done as prescribed by the Poshan Tracker system from time to time.","ಆದಾಗ್ಯೂ, ಕಾಲಕಾಲಕ್ಕೆ ಪೋಶನ್ ಟ್ರ್ಯಾಕರ್ ಸಿಸ್ಟಮ್ ಸೂಚಿಸಿದ ಬದಲಾವಣೆಗಳನ್ನು ಮಾತ್ರ ಮಾಡಬಹುದು.","However, from time to time, the position tracker system can only make changes as indicated by the position tracker."
You cannot manage the communications that you receive from us or how you receive them.,ನೀವು ನಮ್ಮಿಂದ ಪಡೆಯುವ ಸಂವಹನವನ್ನು ಅಥವಾ ಅವುಗಳನ್ನು ಪಡೆಯುವ ರೀತಿಯನ್ನು ನಿರ್ವಹಿಸಲು ಸಾಧ್ಯವಿಲ್ಲ.,We cannot control the communications you receive from us or the way you receive them.
" XIII. COMPLIANCE WITH LAW, THIRD PARTY RIGHTS, AND OTHER TERMS OF SERVICE"," XIII. ಕಾನೂನು, ಥರ್ಡ್ ಪಾರ್ಟಿ ಹಕ್ಕುಗಳು ಮತ್ತು ಇತರ ಸೇವಾ ನಿಯಮಗಳ ಅನುಸರಣೆ","XIII. compliance with the law, third party rights and other terms of service."
"repeated infection, and inadequate psychosocial stimulation","ಆಗಾಗ್ಗೆ ಬರುವ ಸೋಂಕುಗಳು, ಮತ್ತು ಕಡಿಮೆ ಮಾನಸಿಕ ಸಾಮಾಜಿಕ ಪ್ರಚೋದನೆ","Frequent infections, and less psychosocial arousal."
Beneficiary migration from one AWC to another AWC,ಒಂದು ಎಡಬ್ಲ್ಯೂಸಿ ಯಿಂದ ಮತ್ತೊಂದು ಎಡಬ್ಲ್ಯೂಸಿ ಗೆ ಫಲಾನುಭವಿಗಳ ವಲಸೆ,The migration of beneficiaries from one WCC to another WCC.
"Training on ICT Platform under POSHAN Abhiyaan (02 February, 2021)","ಪೋಷಣ್ ಅಭ್ಯಾನ್ ನ ಅಡಿಯಲ್ಲಿ ಐ. ಸಿ. ಟಿ ವೇದಿಕೆ ಮೇಲೆ ತರಬೇತಿ(೦೨, ಫ಼ೆಬ್ರವರಿ,೨೦೨೧)",Training on the ICT platform under the aegis of the Pashan Abhan (February 2021)
You may browse the Site without registering for an account.,ಖಾತೆಗಾಗಿ ನೋಂದಾಯಿಸದೆಯೇ ನೀವು ಸೈಟ್ ಅನ್ನು ಬ್ರೌಸ್ ಮಾಡಬಹುದು.,You can browse the site without registering for a KKK account.
"You will be required to register for an account with your mobile number, if you intent to use certain features or services offered by the Site.","ಸೈಟ್ ಒದಗಿಸಿದ ಕೆಲವು ವೈಶಿಷ್ಟ್ಯಗಳು ಅಥವಾ ಸೇವೆಗಳನ್ನು ಬಳಸಲು ನೀವು ಬಯಸಿದರೆ, ನಿಮ್ಮ ಮೊಬೈಲ್ ಸಂಖ್ಯೆಯೊಂದಿಗೆ ಖಾತೆಗಾಗಿ ನೀವು ನೋಂದಾಯಿಸಿಕೊಳ್ಳಬೇಕು.","If you want to use some of the features or services provided by the site, you must register for an account with your mobile number."
You are solely responsible for maintaining the confidentiality of your personal information and registration and all activities that might result from you failing from keeping this information secure.,ನಿಮ್ಮ ವೈಯಕ್ತಿಕ ಮಾಹಿತಿಯ ಮತ್ತು ಈ ಈವೆಂಟ್ಗಾಗಿ ರಚಿಸಿರುವ ನೋಂದಣಿ ವಿವರಗಳ ಗೌಪ್ಯತೆಯನ್ನು ಕಾಯ್ದುಕೊಳ್ಳಲು ಮತ್ತು ಈ ಮಾಹಿತಿಯನ್ನು ಸುರಕ್ಷಿತವಾಗಿ ಇರಿಸಿಕೊಳ್ಳಲು ವಿಫಲವಾಗುವುದರಿಂದ ಉದ್ಭವಿಸಬಹುದಾದ ಎಲ್ಲ ಚಟುವಟಿಕೆಗಳಿಗೆ ನೀವೇ ಹೊಣೆಗಾರರಾಗಿರುತ್ತೀರಿ.,You are responsible for all activities that may arise from the failure to keep your personal information and registration details created for this event confidential and to keep this information safe.
Your registration or mobile number shall be kept confidentialYou undertake that:You have obtained consent from the concerned individuals for creating their records through your account.,ನಿಮ್ಮ ನೋಂದಣಿ ಅಥವಾ ಮೊಬೈಲ್ ಸಂಖ್ಯೆಯನ್ನು ಗೌಪ್ಯವಾಗಿ ಇರಿಸಲಾಗುತ್ತದೆನೀವು ಕೆಳಕಂಡ ವ್ಯಾಖ್ಯಾನಗಳಿಗೆ ಭರವಸೆ ನೀಡುತ್ತಿರಿಃನಿಮ್ಮ ಖಾತೆಯ ಮೂಲಕ ಇನ್ನೊಬ್ಬರ ದಾಖಲೆಗಳನ್ನು ರಚಿಸಲು ಸಂಬಂಧಿಸಿದ ವ್ಯಕ್ತಿಗಳಿಂದ ನೀವು ಒಪ್ಪಿಗೆಯನ್ನು ಪಡೆದಿದ್ದೀರಿ.,Your registration or mobile number is kept confidential.You promise the following definitions:You have obtained consent from the parties involved to create someone else's records through your account.
Your account or mobile number shall not include the name of another person with the intent to impersonate that person.,ನಿಮ್ಮ ಖಾತೆ ಅಥವಾ ಮೊಬೈಲ್ ಸಂಖ್ಯೆ ಇನ್ನೊಬ್ಬ ವ್ಯಕ್ತಿಯ ಎಂದು ನಟಿಸುವ ಉದ್ದೇಶದಿಂದ ಬೇರೆ ಯಾವುದೇ ವ್ಯಕ್ತಿಯ ಹೆಸರನ್ನು ಹೊಂದಿರಬಾರದು.,Your account or mobile number should not have the name of any other person with the intention of pretending to be another person.
You shall not use another user's account without their permission.,ನೀವು ಇನ್ನೊಬ್ಬ ಬಳಕೆದಾರರ ಖಾತೆಯನ್ನು ಅವರ ಅನುಮತಿಯಿಲ್ಲದೆ ಬಳಸುವುದಿಲ್ಲ.,You cannot use another user's account without their permission.
"You shall immediately notify us in writing, if you discover any unauthorized use of your account or other account-related security breach.","ನಿಮ್ಮ ಖಾತೆಯ ಯಾವುದೇ ಅನಧಿಕೃತ ಬಳಕೆ ಅಥವಾ ಇತರ ಖಾತೆ-ಸಂಬಂಧಿತ ಭದ್ರತಾ ಉಲ್ಲಂಘನೆಯನ್ನು ನೀವು ಕಂಡುಕೊಂಡರೆ, ನೀವು ತಕ್ಷಣ ನಮಗೆ ಲಿಖಿತವಾಗಿ ತಿಳಿಸುವಿರಿ.","If you discover any unauthorized use of your account or other account-related security breaches, you will immediately notify us in writing."
"If we receive a complaint that your account violates someone else's rights, or violates our policies we may cancel or block your account.","ನಿಮ್ಮ ಖಾತೆ ಬೇರೆಯವರ ಹಕ್ಕುಗಳನ್ನು ಉಲ್ಲಂಘಿಸುತ್ತಿದೆ ಅಥವಾ ನಮ್ಮ ನೀತಿಗಳನ್ನು ಉಲ್ಲಂಘಿಸುತ್ತಿದೆ ಎಂಬ ದೂರನ್ನು ನಾವು ಸ್ವೀಕರಿಸಿದರೆ, ನಾವು ನಿಮ್ಮ ಖಾತೆಯನ್ನು ರದ್ದುಗೊಳಿಸಬಹುದು ಅಥವಾ ನಿರ್ಬಂಧಿಸಬಹುದು.","If we receive a complaint that your account is violating someone else's rights or violates our policies, we may cancel or block your account."
"You shall not attempt to conceal your identity by using multiple Internet Protocol addresses or mobile no, or by any other means, to register participants on the Site",ಬಹು ಇಂಟರ್ನೆಟ್ ಪ್ರೋಟೋಕಾಲ್ ವಿಳಾಸಗಳು ಅಥವಾ ಮೊಬೈಲ್ ಸಂಖ್ಯೆಗಳನ್ನು ಬಳಸುವ ಮೂಲಕ ಅಥವಾ ಸೈಟ್ನಲ್ಲಿ ಭಾಗವಹಿಸುವವರನ್ನು ನೋಂದಾಯಿಸಲು ಯಾವುದೇ ಇತರ ವಿಧಾನಗಳ ಮೂಲಕ ನಿಮ್ಮ ಗುರುತನ್ನು ಮರೆಮಾಡಲು ನೀವು ಪ್ರಯತ್ನಿಸುವುದಿಲ್ಲ,"You will not attempt to hide your identity by using multiple Internet protocol addresses or mobile numbers, or by any other means of registering participants on the site."
Poshan Tracker App is available in 22 different languagesThe various languages available are:EnglishHindiGujaratiPunjabiMarathiBanglaKannadaTamilTeluguMalyalamOdiaAssameseNepaliDogriKonkaniSindhiBodoMaithiliManipuriSanthaliUrduKashmiri,ಪೋಶನ್ ಟ್ರ್ಯಾಕರ್ ಅಪ್ಲಿಕೇಶನ್ ೨೨ ವಿವಿಧ ಭಾಷೆಗಳಲ್ಲಿ ಲಭ್ಯವಿದೆಲಭ್ಯವಿರುವ ವಿವಿಧ ಭಾಷೆಗಳುಃಇಂಗ್ಲಿಷ್ಹಿಂದಿಗುಜರಾತಿಪಂಜಾಬಿಮರಾಠಿಬಾಂಗ್ಲಾಕನ್ನಡತಮಿಳುತೆಲುಗುಮಳ್ಯಾಳಮ್ಒಡಿಯಾಅಸ್ಸಾಮೀಸ್NepaliDogriKonkaniSindhiBodoMaithiliManipuriSanthaliUrduKashmiri,The position tracker app is available in 22 different languages available in different languages:EnglishGujaratiPunjabiMaraathiBanglaKannada Tamil TamilTeluguGujaratiMaralalumOdiaAssameseNepaliDogriKonkaniSindhiBodoMaithiliManipuriSanthaliUrduKashmiri
"The proposed system should enable real-time monitoring and tracking of all AWCs, AWWs and beneficiaries on the defined indicators.","ಪ್ರಸ್ತಾವಿತ ವ್ಯವಸ್ಥೆಯು ಎಲ್ಲಾ ಎಡಬ್ಲ್ಯೂಸಿಗಳು, ಎಡಬ್ಲ್ಯೂಡಬ್ಲ್ಯೂಗಳು ಮತ್ತು ಫಲಾನುಭವಿಗಳ ನೈಜ-ಸಮಯದ ಮೇಲ್ವಿಚಾರಣೆ ಮತ್ತು ಟ್ರ್ಯಾಕಿಂಗ್ ಅನ್ನು ವ್ಯಾಖ್ಯಾನಿಸಿದ ಸೂಚಕಗಳ ಮೇಲೆ ಸಕ್ರಿಯಗೊಳಿಸಬೇಕು.","The proposed system should enable real-time monitoring and tracking of all AWCs, AWWs and beneficiaries on defined indicators."
How to Login in Poshan Tracker App?,ಪೋಷಣ್ ಟ್ರ್ಯಾಕರ್ ಆಪ್ಪ್ ಅನ್ನು ಪ್ರವೇಶಿಸುವುದು (ಲಾಗಿನ್) ಹೇಗೆ?,How to log in to the Nutrition Tracker app?
Height and weight of child has not been measured,ಮಗುವಿನ ಎತ್ತರ ಮತ್ತು ತೂಕವನ್ನು ಅಳೆಯಲಾಗಿಲ್ಲ,The child's height and weight were not measured.
TAKE HOME RATION (THR) GIVEN TODAY,ಇವತ್ತು ಕೊಟ್ಟ ಮನೆಗೆ ತೆಗೆದುಕೊಂಡು ಹೋಗುವ ಪಡಿತರ(ಟಿಎಚ್ಆರ್),Today's home delivery orders (THR) are given.
A beneficiary is eligible for THR for at least 21 days in a month.,ಒಬ್ಬ ಫಲಾನುಭವಿಯು ತಿಂಗಳಲ್ಲಿ ಕನಿಷ್ಠ 21 ದಿನಗಳವರೆಗೆ THR ಗೆ ಅರ್ಹನಾಗಿರುತ್ತಾನೆ.,A beneficiary is eligible for THR for at least 21 days per month.
 III. NOTICE REGARDING FUTURE CHANGES TO TERMS:, III. ನಿಯಮಗಳ ಭವಿಷ್ಯದ ಬದಲಾವಣೆಗಳ ಬಗ್ಗೆ ಮಾಹಿತಿಃ,III. information about future changes to the rules:
Planning And Organising Community Based Events At AWC, ಏ. ಡಬ್ಲ್ಯೂ. ಸಿ. ನಲ್ಲಿ ಸಮುದಾಯ ಆಧಾರಿತ ಕಾರ್ಯಕ್ರಮಗಳನ್ನು ಯೋಜಿಸುವುದು ಮತ್ತು ಸಂಘಟಿಸುವುದು,Planning and organizing community-based events at the A.W.C.
Please find the following steps to LoginStep 1- Click on Poshan Tracker Website https://poshantracker.,Please find the following steps to LoginStep 1- Click on Poshan Tracker Website https://poshantracker.,Please find the following steps to LoginStep 1- Click on the Poshan Tracker Website https://knposhantracker.
inStep 2- Enter your registered Mobile Number and pre-set 4 digit MPIN.,inStep 2- Enter your registered Mobile Number and pre-set 4 digit MPIN.,inStep 2- Enter your registered Mobile Number and pre-set the 4-digit MPIN.
How AWWS can sign up on the app if they are unable to register via their mobile numbers?,ತಮ್ಮ ಮೊಬೈಲ್ ಸಂಖ್ಯೆಗಳ ಮೂಲಕ ನೋಂದಾಯಿಸಲು ಸಾಧ್ಯವಾಗದಿದ್ದರೆ ಎಡಬ್ಲ್ಯುಡಬ್ಲ್ಯುಗಳು ಅಪ್ಲಿಕೇಶನ್ನಲ್ಲಿ ಹೇಗೆ ಸೈನ್ ಅಪ್ ಮಾಡಬಹುದು?,"If AWWs cannot register through their mobile numbers, how can they sign up for an app?"
Poshan Tracker adds new Reports feature,ಪೋಶನ್ ಟ್ರ್ಯಾಕರ್ ಹೊಸ ವರದಿಗಳ ವೈಶಿಷ್ಟ್ಯವನ್ನು ಸೇರಿಸುತ್ತದೆ,The position tracker adds a new reporting feature.
General Awareness about preventing illness in Children,ಮಕ್ಕಳಲ್ಲಿ ರೋಗ ತಡೆಗಟ್ಟುವಿಕೆಯ ಬಗ್ಗೆ ಸಾಮಾನ್ಯ ಅರಿವು,General awareness of disease prevention in children is not a problem.
2. HOW WE USE PERSONAL INFORMATION,2. ವೈಯುಕ್ತಿಕ ಮಾಹಿತಿಯನ್ನು ನಾವು ಹೇಗೆ ಬಳಸುತ್ತೇವೆ,2.kn how we use personal information.
The following are the Terms of Service (“Terms”) that govern your use of the Swastha Balak Balika Spardha Platform hosted at https://poshantracker.,"The following are the Terms of Service (""Terms"") that govern your use of the Swastha Balak Balika Spardha Platform hosted at https://poshantracker.","The following are the Terms of Service (""Terms"") that govern your use of the Swastha Balak Balika Spardha Platform hosted at https://poshantracker.kn."
"in, and all associated sites linked to it, its subsidiaries, and affiliates (collectively, the “Site”).","in, and all associated sites linked to it, its subsidiaries, and affiliates (collectively, the ""Site"").","In, and all associated sites linked to it, its subsidiaries, and affiliates (collectively, the ""Site"")."
Please provide your mobile number and a ticket number.,ದಯವಿಟ್ಟು ನಿಮ್ಮ ಮೊಬೈಲ್ ಸಂಖ್ಯೆ ಮತ್ತು ಟಿಕೆಟ್ ಸಂಖ್ಯೆಯನ್ನು ಒದಗಿಸಿ.,Please provide your mobile number and ticket number.
Please contact your respective Anganwadi worker.,ದಯವಿಟ್ಟು ನಿಮ್ಮ ಸಂಬಂಧಪಟ್ಟ ಅಂಗನವಾಡಿ ಕಾರ್ಯಕರ್ತೆಯರನ್ನು ಸಂಪರ್ಕಿಸಿ.,Please contact your affiliated Anganwadi activists.
SAM Children under 5 years who received Supplementary Nutrition,ಪೂರಕ ಆಹಾರವನ್ನು ಪಡೆದ 5 ವರ್ಷದೊಳಗಿನ SAM ಮಕ್ಕಳು,SAM children under 5 years of age who have received a supplementary diet.
OPV-1Pentavalent-1Rotavirus Vaccine (RVV)-1Fractional dose of Inactivated Polio Vaccine (fIPV)-1Pneumococcal Conjugate Vaccine (PCV) -1,OPV-1ಪೆಂಟಾವಲೆಂಟ್-1ರೋಟವೈರಸ್ ಲಸಿಕೆ (RVV)-1ನಿಷ್ಕ್ರಿಯಗೊಳಿಸಿದ ಪೋಲಿಯೊ ಲಸಿಕೆ (ಎಫ್ಐಪಿವಿ)-1 ರ ಭಾಗಶಃ ಪ್ರಮಾಣನ್ಯುಮೋಕೊಕಲ್ ಕಾಂಜುಗೇಟ್ ಲಸಿಕೆ (PCV)-1,OPV-1knPentavalent-1Protovirus vaccine (RVV)-1 is a partial sample of the disabled polio vaccine (FIPV)-1nucococcal conjugate vaccine (PCV)-1
Height should be between 38 to 150,ಎತ್ತರವು 38 ರಿಂದ 150 ರ ನಡುವೆ ಇರಬೇಕು,The height should be between 38 and 150 kn.
How to contact Poshan Tracker Team?,ಪೋಷಣ್ ಟ್ರ್ಯಾಕರ್ ತಂಡವನ್ನು ಹೇಗೆ ಸಂಪರ್ಕಿಸುವುದು?,How do I contact the nutrient tracker team?
Take Home Ration (THR) Given Today,ಇವತ್ತು ಕೊಟ್ಟ ಮನೆಗೆ ತೆಗೆದುಕೊಂಡು ಹೋಗುವ ಪಡಿತರ(ಟಿಎಚ್ಆರ್),Today's home delivery orders (THR) are given.
How many different forms are there in Poshan Tracker App?,ಪೋಷಣ್ ಟ್ರ್ಯಾಕರ್ ಅಪ್ಲಿಕೇಶನ್ನಲ್ಲಿ ಎಷ್ಟು ವಿಭಿನ್ನ ರೂಪಗಳಿವೆ?,How many different forms are there in the Nutrition Tracker app?
There are 7 different types of forms for beneficiaries.,ಫಲಾನುಭವಿಗಳಿಗೆ ೭ ವಿವಿಧ ಪ್ರಕಾರಗಳಿವೆ.,There are 7 different types of beneficiaries.
This includes:Lactating motherPregnant womenChild 0-6 MonthsChild 6 Months to 3 YearsChild  3 Years to 6 YearsAdolescent Girls (11 Years-19 Years),ಇದು ಒಳಗೊಂಡಿದೆಃ ಹಾಲುಣಿಸುವ ತಾಯಿ ಗರ್ಭಿಣಿಯರು(೦-೬) ತಿಂಗಳ ಮಗು(೬ ತಿಂಗಳು-೩ ವರ್ಷದ) ಮಗು(೩-೬ ವರ್ಷದ) ಮಗು ಕಿಶೋರರು(೧೧-೧೯ ವರ್ಷ),This includes: nursing mothers pregnant women ((0-6 months) infant ((6 months-3 years old) child ((3-6 years old) child teenagers ((11-19 years old) child)
Shibpur I C D S Project,ಶಿಬ್ಪುರ ಐ. ಸಿ. ಡಿ. ಎಸ್. ಯೋಜನೆ,The Shibhpur ICDS project is being implemented by the Shibhpur ICDS.
"In the recent one to three months, no Aanganwadi Worker has visited the beneficiary's home",ಕಳೆದ ಒಂದು ಮೂರು ತಿಂಗಳಿನಿಂದ ಯಾವೊಬ್ಬ ಅಂಗನವಾಡಿ ಕಾರ್ಯಕರ್ತೆಯೂ ಫಲಾನುಭವಿಗಳ ಮನೆಗೆ ಭೇಟಿ ನೀಡಿಲ್ಲ,"In the last one to three months, no one from Annagnwadi has visited the home of the beneficiaries."
Please enter Weight greater than 0.49 and less than 40.01,ದಯವಿಟ್ಟು 0.49 ಕ್ಕಿಂತ ಹೆಚ್ಚು ಮತ್ತು 40.01 ಕ್ಕಿಂತ ಕಡಿಮೆ ತೂಕವನ್ನು ನಮೂದಿಸಿ,Please enter a weight greater than 0.49 and less than 40.01kn.
You can register with your mobile number directly through the website https://poshantracker.,You can register with your mobile number directly through the website https://poshantracker.,You can register with your mobile number directly through the website https://knposhantracker.
in or by downloading the Poshan Tracker App.,in or by downloading the Poshan Tracker App.,or by downloading the Poshan Tracker App.
Calculator to measure the child growth based on the WHO Child Growth Standards,WHO ಮಕ್ಕಳ ಅಭಿವೃದ್ಧಿ ಮಾನದಂಡಗಳ ಆಧಾರದ ಮೇಲೆ ಮಗುವಿನ ಬೆಳವಣಿಗೆಯನ್ನು ಅಳೆಯಲು ಕ್ಯಾಲ್ಕುಲೇಟರ್ ಉಪಯೋಗಿಸುವುದು,Using a calculator to measure a child's growth based on WHO child development standards.
MPIN is a 4 digits passcode which is set by an Anganwadi worker while registering over the Poshan Tracker App.,"ಎಂಪಿನ್ ೪ ಅಂಕೆಗಳ ಪಾಸ್ಕೋಡ್ ಆಗಿದ್ದು, ಇದನ್ನು ಒಬ್ಬ ಅಂಗನ್ವಾಡಿ ಕಾರ್ಯಕರ್ತರು ಪೋಷಣ್ ಆಪ್ ಮೂಲಕ ನಮೂದಿಸುವಾಗ ಹೋದಿಸಿರುತ್ತಾರೆ.",The mpkn is a 4-digit passport code that an Anganwadi activist used when entering through the Pustane app.
"Specifications of Smart phone and Technical Compatibility Testing (02 February, 2021)","ಸ್ಮಾರ್ಟ್ ಫೋನ್ ನ ವಿಶಿಷ್ಟ ವಿವರಣೆಗಳು ಮತ್ತು ತಾಂತ್ರಿಕ ಹೊಂದಾಣಿಕೆಯ ಪರೀಕ್ಶೆ(೦೨ ಫ಼ೆಬ್ರವರಿ, ೨೦೨೧)",The specifications of the smartphone and technical compatibility testing (02 February 2021)
Request for child's height and weight measurement,ಮಗುವಿನ ಎತ್ತರ ಮತ್ತು ತೂಕವನ್ನು ಅಳೆಯಲು ವಿನಂತಿ,A request to measure the child's height and weight.
Children (6 months - 3 years),ಮಕ್ಕಳು (6 ತಿಂಗಳು - 3 ವರ್ಷಗಳು),Children (6 months - 3 years)
"We log usage data when you visit or otherwise use our Services, including our sites, app and platform technology.","ನಮ್ಮ ಸೈಟ್, ಅಪ್ಲಿಕೇಶನ್ ಮತ್ತು ವೇದಿಕೆ ತಂತ್ರಜ್ಞಾನ ಸೇರಿದಂತೆ ನೀವು ನಮ್ಮ ಸೇವೆಗಳನ್ನು ಬಳಸಿದಾಗ ಅಥವಾ ನಮ್ಮ ವೇದಿಕೆಗೆ ಭೇಟಿ ನೀಡಿದಾಗ ನಾವು ಬಳಸುವ ಡೇಟಾವನ್ನು ಲಾಗ್ ಮಾಡುತ್ತೇವೆ.","We log the data we use when you use our services or visit our platform, including our site, app and platform technology."
"Result couldn't be fetch, please enter valid data","ಫಲಿತಾಂಶವನ್ನು ಪಡೆಯಲು ಸಾಧ್ಯವಾಗಲಿಲ್ಲ, ದಯವಿಟ್ಟು ಸೂಕ್ತವಾದ ಡೇಟಾವನ್ನು ನಮೂದಿಸಿ","Couldn't get a result, please enter the relevant data."
Central Golaghat I. C. D. S. Project,ಸೆಂಟ್ರಲ್ ಗೋಲಘಾಟ್ ಐ. ಸಿ. ಡಿ. ಎಸ್. ಯೋಜನೆ,Central Golgotha ICDS project is being implemented in the state.
