eng,mr,translation_text
The Site is directed to the people residing in India.,साइट भारतात राहणार्या लोकांसाठी निर्देशित केली आहे.,engr.com - The site is directed to people living in India.
We do not represent that Content available on or through the Site is appropriate or available in other locations.,आम्ही असे प्रतिनिधित्व करत नाही की साइटवर किंवा त्याद्वारे उपलब्ध असलेली सामग्री योग्य आहे किंवा इतर ठिकाणी उपलब्ध आहे.,eng.mr We do not represent that the content on the site or available through it is eligible or available elsewhere.
We may limit the availability of the Site or any service or product described on the Site to any person or geographic area at any time.,आम्ही साइट किंवा साइटवर वर्णन केलेल्या कोणत्याही सेवा किंवा उत्पादनाची उपलब्धता कोणत्याही व्यक्ती किंवा भौगोलिक क्षेत्रासाठी कोणत्याही वेळी मर्यादित करू शकतो.,eng.mrWe may limit the availability of any service or product described on the site or on the site to any individual or geographic area at any time.
"If you choose to access the Site from outside India, you do so at your own risk.","तुम्ही भारताबाहेरून साइटवर प्रवेश करणे निवडल्यास, तुम्ही ते तुमच्या स्वतःच्या जोखमीवर करता."," If you choose to access the site from outside India, you do so at your own risk."
Please go back to the homepage,कृपया मुख्यपृष्ठावर परत जा,eng please go back to the homepage
Please enter Height greater than 29.99 and less than 140.01,कृपया 38 पेक्षा जास्त आणि 150 पेक्षा कमी उंची प्रविष्ट करा,eng please enter height above 38 and below 150mr
"While login to the Poshan Tracker App, AWWs are required to enter the MPIN set by them.","पोषण ट्रॅझर अॅपवर लॉग इन करताना, एडब्ल्यूडब्ल्यू ने त्यांच्याद्वारे सेट केलेला एमपीन प्रविष्ट करणे आवश्यक आहे.","eng.br When logging into the Nutrition Treasure app, AWW must enter the mpen they set."
This MPIN will act as a passcode to run the Poshan Tracker App and entering the information in the beneficiaries forms.,हे एमपीन पोषण ट्रॅकर अॅप चालविण्यासाठी पासकोड म्हणून काम करेल आणि लाभार्थी फॉर्ममध्ये माहिती प्रविष्ट करेल.,engr.mp3 The Mpin Nutrition Tracker will act as a passcode to run the app and enter information in the beneficiary form.
How to ensure timely initiation of complementary feeding,पूरक आहार वेळेवर सुरू करण्याची खात्री कशी करावी,eng.mrHow to make sure you start a supplement on time
Poshan Tracker App can only be installed in Android Phone with Android version 6.0 and above.,पॉशन ट्रॅकर अॅप केवळ अँड्रॉइड फोन ६.० आणि त्यावरील आवृत्तीसह स्थापित केला जाऊ शकतो., The Position Tracker app can only be installed with Android Phone 6.0 and above.
General Awareness about Growth Monitoring of Children,मुलांच्या ग्रोथ मॉनिटरिंग बद्दल सामान्य जागरूकता,eng.mr General awareness of child growth monitoring
Wasting is defined as low weight-for-height,अशक्त जाण्याची व्याख्या उंचीसाठी कमी वजन अशी केली जाते," ""Getting weak"" is defined as ""Low weight"" for height."
Hot Cooked Meal (HCM) Given Today,आज दिलेला गरम शिजवलेले भोजन (एचसीएम),eng.mr Hot cooked meals (HCM) served today
There are 6 categories for beneficiariesPregnant WomenLactating MotherChildren from 0 to 6 monthsChildren from 6 months to 3 yearsChildren from 3 years to 6 yearsAdolescent girls,लाभार्थ्यांसाठी 6 श्रेणी आहेतगर्भवती महिलास्तनपान करणारी आईमुले 0 महिने - 6 महिनेमुले 6 महिने - 3 वर्षेमुले 3 वर्षे - 6 वर्षेकिशोरवयीन मुली,eng.org Ada 6 kategori untuk pemangku kepentingan wanita hamil Wanita menyusui 0 bulan - 6 bulananak 6 bulan - 3 tahunanak 3 tahun - 6 tahunanak perempuan remaja
"Data Plan for Mobile Application (01 March, 2021)",मोबाइल अनुप्रयोगासाठी डेटा प्लॅन (०१ मार्च २०२१),eng Data Plan for Mobile Application (01 March 2021)
 VIII. LIMITATIONS OF MULTI- LINGUAL INTERFACE, VIII. बहु-भाषिक इंटरफेसच्या मर्यादा,eng.VIII. Limits of multilingual interface
Srijangram I. C. D. S. Project,सृजनग्राम आयसीडीएस प्रकल्प,engrad Kreationgram ICDS project
"We may investigate any violation of these Terms, including unauthorized use of the Site.",आम्ही साइटच्या अनधिकृत वापरासह या अटींच्या कोणत्याही उल्लंघनाची चौकशी करू शकतो.," We may investigate any violation of these Terms, including unauthorized use of the site."
We may provide law enforcement with information you provide to us related to your transactions to assist in any investigation or prosecution of you.,तुमच्यावरील कोणत्याही तपासात किंवा खटला चालवण्यात मदत करण्यासाठी तुमच्या व्यवहारांशी संबंधित तुम्ही आम्हाला प्रदान केलेली माहिती आम्ही कायद्याची अंमलबजावणी करू शकतो.,engrrrr.org - We may use the information you provide to us in relation to your transactions to assist in any investigation or prosecution of you.
We may take legal action that we feel is appropriate.,आम्हाला योग्य वाटेल अशी कायदेशीर कारवाई आम्ही करू शकतो.,eng.org Kita boleh ambil tindakan hukum yang kita rasa layak.
Poshan Calculator helps to identify various health conditions of the child as per World Health Organization (WHO) standards,पोषण कॅल्क्युलेटर जागतिक आरोग्य संघटनेच्या (डब्ल्यूएचओ) मानकांनुसार मुलाच्या विविध आरोग्य स्थिती ओळखण्यास मदत करते,eng.jpg Nutrition Calculator helps identify the various health conditions of a child according to the World Health Organization (WHO) standards.
How to take care of weak newborn with the help of Kangaroo Mother Care,कांगारू मदर केअरच्या मदतीने कमकुवत नवजात बाळाची काळजी कशी घ्यावी,engaru how to care for a weak newborn baby with the help of kangaroo mother care
"Any liabilities civil or criminal, arising out of any incorrect data, shall solely lie with the concerned ASP.",कोणत्याही चुकीच्या डेटामुळे उद्भवलेल्या कोणत्याही दिवाणी किंवा फौजदारी दायित्वे केवळ संबंधित एएसपीकडेच राहतील.,eng.mr Any debts or criminal liabilities arising from any misrepresentation of data will only be with the respective ASP.
Poshan Tracker App is available over Google playstore https://play. google. com/store/apps/details?,पोषण ट्रॅकर अॅप गुगल प्लेस्टोअरवर उपलब्ध आहे https://play. google. com/store/apps/details?,eng.co.uk Nutrition Tracker app is available on the Google Play Store https://play.google.com/store/apps/details?
Can App be accessed without internet?,इंटरनेटशिवाय आप मध्ये प्रवेश केला जाऊ शकतो का?,eng.mrCan you be accessed without the internet?
The Government has taken several initiatives to break the intergenerational cycle of malnutrition in children.,मुलांमध्ये कुपोषणाच्या मध्यंतरी चक्र मोडीत काढण्यासाठी सरकारने अनेक पुढाकार घेतले आहेत.,eng.mrGovernment has taken several initiatives to break the intermediate cycle of malnutrition in children.
"Adopting a life-cycle approach, interventions have been designed to meet the nutritional requirement of adolescent girls and boys, pregnant women, lactating mothers and children.","जीवन-चक्र दृष्टिकोन स्वीकारणे, हस्तक्षेप किशोरवयीन मुली आणि मुले, गर्भवती महिला, स्तनपान करणारी माता व मुलांची पौष्टिक आवश्यकता भागविण्यासाठी डिझाइन केले गेले आहे.","engram live-cycle approach, intervention is designed to meet the nutritional needs of teenage girls and boys, pregnant women, breastfeeding mothers and children."
Awareness for Pregnancy in Preventing Anemia,गरोदरपणात रक्तशय टाळण्यासाठी जागरूकता,eng.mr Be aware to prevent blood vessels during pregnancy
"Howrah North (U) I. C. D. S. Project, Howrah","हावडा उत्तर (यु) आयसीडीएस प्रकल्प, हावडा","eng Hawada North (U) ICDS Project, Hawada"
Birth Preparedness- For Institutional and Home Delivery,जन्माची तयारी- दवाखान्यात आणि घरी प्रसूतीसाठी,eng.org - Preparation for delivery- for delivery in clinic and at home.
New beneficiary addition with skip OTP option,"ओटीपी वगळा, पर्यायासह नवीन लाभार्थी जोडणे","eng, with the option of adding new beneficiaries."
We are now available on Video Conference,आम्ही आता व्हिडिओ कॉन्फरन्सवर उपलब्ध आहोत, We are now available via videoconferencing.
"Poshan Tracker App is meant for Aanganwadi workers, Anganwadi centers to enter beneficiaries data in the forms.","अंगणवाडी सेविका, अंगणवाडी केंद्रे, लाभार्थ्यांचा डेटा फॉर्ममध्ये टाकण्यासाठी पोषण ट्रॅकर अॅप आहे.","engr is a nutrition tracker app for putting in data forms of anganawadi servants, anganawadi centres, beneficiaries."
It is not at all developed for general public.,हे सर्वसामान्यांसाठी अजिबात विकसित केलेले नाही.,eng.mr Hehemorroes are not developed at all for the general public.
Swastha Balak/Balika Spardha Mission is about celebrating the health of children in India.,Swastha Balak/Balika Spardha Mission is about celebrating the health of children in India.,eng Swastha Balak/Balika Spardha Mission is about celebrating the health of children in India.
It entails identification and awareness of health conditions and providing necessary support wherever required.,It entails identification and awareness of health conditions and providing necessary support wherever required.,"eng, e.g. identification and awareness of health conditions and providing necessary support wherever needed."
”Our Privacy Policy applies when you use our Services (described below).,"""Our Privacy Policy applies when you use our Services (described below).",eng Kebijakan Privasi kami berlaku ketika Anda menggunakan Layanan kami (dikritikasi di bawah).
"This Privacy Policy is meant to help you understand what information we collect, why we collect it, and how it is used and shared.","This Privacy Policy is meant to help you understand what information we collect, why we collect it, and how it is used and shared.","eng.mrEdit Privacy Policy is meant to help you understand what information we collect, why we collect it, and how it is used and shared."
The collecting and retaining agency in respect of your information is Ministry of Women and Child Development.,The collecting and retaining agency in respect of your information is Ministry of Women and Child Development., Badan pengumpulan dan retensi informasi anda adalah Kementerian Perempuan dan Pembangunan Anak.
We are committed to protecting the security of your personal information and safeguarding your privacy.,We are committed to protecting the security of your personal information and safeguarding your privacy.,eng.mrWe are committed to protecting the security of your personal information and safeguarding your privacy.mr
How to revive your health if you are Underweight,तुमचे वजन कमी असल्यास तुमचे आरोग्य कसे सुधारावे," If you are underweight, how can you improve your health?"
Can a beneficiary change his/her AWC?,लाभार्थी त्याचे/तिचे अंगणवाडी केंद्र बदलू शकतो का?,eng.co.uk: Dapatkah penerima manfaat tukar pusat Anganwadi?
"We use the information we have, to help verify accounts.",खाती पडताळण्यात मदत करण्यासाठी आम्ही आमच्याकडे असलेली माहिती वापरतो.,eng.mrWe use the information we have to help verify accounts.
The records may be used for verification of health status for the purposes of Poshan Tracker control and response.,पोषण ट्रॅकर नियंत्रण आणि प्रतिसादाच्या उद्देशाने आरोग्य स्थितीच्या पडताळणीसाठी रेकॉर्डचा वापर केला जाऊ शकतो.,eng.mrPropriation tracker records can be used to verify health status for control and response purposes.
Scan the QR Code to Download the App,अॅप डाउनलोड करण्यासाठी क्यूआर कोड स्कॅन करा, Scan QR code to download the QR app.
Who is eligible for Hot Cooked Meal?,गरम शिजवलेल्या जेवणासाठी कोण पात्र आहे?,"eng.mr""Should you eat hot cooked food?"""
Identifying and preventing Severe Acute Malnutrition,गंभीर तीव्र कुपोषण ओळखणे आणि प्रतिबंध करणे,engmr Identifying and preventing severe acute malnutrition
Children who are identified as deficit on nutrition are eligible for additional food supplements.,पोषणाची कमतरता म्हणून ओळखली जाणारी मुले अतिरिक्त आहार पूरक आहारांसाठी पात्र आहेत.,eng.mrBantwana abanezakzakagustofoli bayakufanelekela ukutayiwa.
Who is eligible for additional supplementary food.,अतिरिक्त पूरक आहारासाठी कोण पात्र आहे.,eng mr. is eligible for additional supplemental diet.
"Uploading of Data of Anganwadi Services Schemes in Poshan Tracker (24 May, 2021)","पोषण ट्रेकरमध्ये अंगणवाडी सेवा योजनांचा डेटा अपलोड करणे (24 मे, 2021)","eng.mr Uploading data of the Anganwadi Service Schemes in the Nutrition Tracker (May 24, 2021)"
Children between 6 months - 3 years,६ महिन्यांपासून ३ वर्षाच्या मुलांची केली,eng.mr diitutok anak-anak umur 6 bulan sampai 3 tahun.
"Ministry of Women and Child Development, Government of India, Shastri Bhawan, New Delhi","महिला व बाल विकास मंत्रालय, भारत सरकार, शास्त्री भवन, नवी दिल्ली","eng.Ministerium for Women and Child Development, Government of India, Shastri Bhavan, New Delhi"
Care of the weak newborn baby - How many weak babies are we missing?,अशक्त नवजात बाळाची काळजी - आपण किती अशक्त नवजात  बालके गमावत आहोत?,engengengengengengengengengengengengengengengengengengengengengengengengengengengengengengengengengengengengengengengengengengengengengengengengengengengengengengengengengengengengengengengengengengengengengengengengengengengengengengengengengengengengengengengengengengengengengengengengengengengengengengengengengengengengengengengengengengengengengengengengengengengengengengengengengengengengengengengengengengengengengengengengengengengengengengengengengengengengengengengengengengengengengengengengengengengengengengengengengengengengengengengengengengengengengengengengengengengengengengeng
Underweight children who received Supplementary Nutrition,कमी वजनाची मुले ज्यांना पूरक पोषण मिळाले,engmrKids with low weight who received supplemental nutrition
Identification and care of a Weak Newborn baby,अशक्त नवजात बाळाची ओळख आणि काळजी,eng. - Identification and care of a disabled newborn baby.
1.2. Information from use of services.,1.2. सेवांच्या वापरावरून माहिती.,eng.1.2 Informasi tentang penggunaan layanan.
Please contact your respective Anganwadi Centre.,कृपया तुमच्या संबंधित अंगणवाडी केंद्राशी संपर्क साधा., Please contact your respective Anganwadi Centre.
GOBARDANGA I. C. D. S PROJECT(U),गोबरडंगा आयसीडीएस प्रकल्प(यु),engoranda ICDS project(u)
Please fill in the form below to create a new ticket.,नवीन तिकीट तयार करण्यासाठी कृपया खालील फॉर्म भरा.,"eng.mrBeserta tiket baru, isilah formulir di bawah ini."
Anganwadi Worker will reach out to you within 48 hours.,अंगणवाडी सेविका 48 तासांच्या आत तुमच्यापर्यंत पोहोचेल.,engr.org Anganwadi maids will reach you within 48 hours.
Please note down the ticket number for future reference.,भविष्यातील संदर्भासाठी कृपया तिकीट क्रमांकाची नोंद करा.,eng. for future reference please enter the ticket number.
Poshan Tracker is a project of Ministry of Women and Child Development.,पोषण ट्रॅकर हा महिला आणि बाल विकास मंत्रालयाचा प्रकल्प आहे.,eng.mr Nutrition Tracker is a project of the Ministry of Women and Child Development.
Digital India Corporation is the technical partner of MoWCD.,डिजिटल इंडिया कॉर्पोरेशन हे मोडब्ल्यूसीडी  चे तांत्रिक भागीदार आहे.,eng Digital India Corporation is the technical partner of ModWCD.
Poshan Tracker focuses on eradication of malnutrition from India.,पोषण ट्रॅकर भारतातून कुपोषण निर्मूलनावर लक्ष केंद्रित करते.,eng.mr Nutrition Tracker focuses on eliminating malnutrition from India.
It serves as a mechanism to monitor and improvise on the service delivery under Poshan Abhiyaan,पोषण अभियानांतर्गत सेवा वितरणावर देखरेख आणि सुधारणा करण्यासाठी हे एक यंत्रणा म्हणून काम करते,eng.jpg He serves as a mechanism for monitoring and improving the delivery of services under the Nutrition Campaign.
Is poshan trackers app available over Apple I Store also?,अँपल आय स्टोअरमध्येही पोषण ट्रॅक अॅप उपलब्ध आहे का?,eng.jpg Is the Nutrition Track app available in the Apple App Store?
Number of records becoming inactive and number of records migrating from one category to another,निष्क्रीय होणार्या नोंदींची संख्या आणि एका श्रेणीतून दुसर्यात स्थलांतरित होणार्या नोंदींची संख्या,eng.mrNombro de registros que se desactivarán y el número de registros que se desplazarán de una categoría a otra.
In How many languages the Poshan Tracker App is available?,पोषण ट्रॅकर अॅप किती भाषांमध्ये उपलब्ध आहे?,eng.jpg Nutrition Tracker app is available in how many languages?
AWWs are requested to enter their mobile numbers in the Login screen.,एडब्ल्यूडब्ल्यू ला लॉगिन स्क्रीनमध्ये त्यांचे मोबाइल नंबर प्रविष्ट करण्याची विनंती केली जाते.,eng. wmw la login screen is requested to enter their mobile number.
"An OTP will be sent to your registered mobile number, post which you are required too set your MPIN.",आपल्या नोंदणीकृत मोबाइल नंबरवर एक ओटीपी पाठविला जाईल जो आपण आपला एमपीन म्हणून सेट करणे आवश्यक आहे.,eng.org.A OTP will be sent to your registered mobile number which you need to set as your MPIN.
Measles Containing vaccine (MCV)/MR-2JE-2**DiphtheriaPertussis & Tetanus (DPT)-Booster-1OPV –Booster,गोवर (एमसीव्ही)/एमआर-2जेई-2**घटसर्पपेर्ट्युसिस आणि टिटॅनस (डीपीटी)-बूस्टर-1ओपीव्ही - बूस्टर,eng Gower (MCV)/MR-2JE-2**GutSperperpertucis and Titans (DPT) -Booster-1OPV -Booster
The Poshan Tracker enables real-time monitoring and tracking of all AWCs and beneficiaries on defined indicators.,पोषण ट्रॅकर सर्व अंगणवाडी केंद्रस् आणि लाभार्थ्यांचे रिअल-टाइम मॉनिटरिंग आणि परिभाषित निर्देशकांवर मागोवा ठेवण्यास सक्षम करते.,eng.mr Nutrition Tracker enables real-time monitoring of all Anganwadi Centres and beneficiaries and tracking of defined indicators.
It is built using centralized data architecture that also aligns with the digital technology systems of other ministries and programs.,हे केंद्रीकृत डेटा आर्किटेक्चर वापरून तयार केले गेले आहे जे इतर मंत्रालये आणि कार्यक्रमांच्या डिजिटल तंत्रज्ञान प्रणालींशी देखील संरेखित होते.,eng.it was created using a centralized data architecture that was also aligned with the digital technology systems of other ministries and programs.
The public dashboard helps to impart transparency on services delivered to beneficiaries,सार्वजनिक डॅशबोर्ड लाभार्थ्यांना दिल्या जाणार्या सेवांमध्ये पारदर्शकता आणण्यास मदत करतो,eng.mrDashboard public helps bring transparency in the services provided to the beneficiaries.mr
Translations on the Poshan Tracker Portal & App Chabot are done by third party translators.,पोषण ट्रॅकर पोर्टल आणि एप चॅबॉट वरील भाषांतर तृतीय पक्ष अनुवादकाद्वारे केले जाते.,eng.mr Nutrition Tracker Portal and App Chabot are translated by a third party translator.
"While the translations are done on a best effort basis, some of the parts may be incorrect.",भाषांतरे सर्वोत्कृष्ट प्रयत्नांच्या आधारावर केली जात असली तरी काही भाग चुकीचे असू शकतात.,"eng.mrWhile the translations are done on the basis of best efforts, some parts may be wrong."
Certain files and other items on the website cannot be translated.,वेबसाइटवरील काही फाइल्स आणि इतर गोष्टींचे भाषांतर केले जाऊ शकत नाही.,eng.mrSome files and other items on the website cannot be translated.
"In addition, on translation, some applications and/or services may not function as expected, due to language barriers.","याव्यतिरिक्त, भाषांतरावर, भाषेच्या अडथळ्यांमुळे काही अनुप्रयोग आणि/किंवा सेवा अपेक्षेप्रमाणे कार्य करू शकत नाहीत.","englerAdditionally, in translation, some applications and/or services may not work as expected due to language barriers."
"We are working constantly to rectify any errors, omissions, or ambiguities in the translations provided on this portal.","या पोर्टलवर प्रदान केलेल्या भाषांतरांमधील कोणत्याही त्रुटी, चूक किंवा अस्पष्टता सुधारण्यासाठी आम्ही सतत काम करत आहोत.","eng.org - We are continuously working to correct any errors, errors or ambiguities in the translations provided on this portal."
"The MGRS collected primary growth data and related information from approximately 8500 children from widely different ethnic backgrounds and cultural settings (Brazil, Ghana, India, Norway, Oman and the USA)","एमजीआरएसने मोठ्या प्रमाणावर भिन्न वांशिक पार्श्वभूमी आणि सांस्कृतिक सेटिंग्जमधील (ब्राझील, घाना, भारत, नॉर्वे, ओमान आणि यूएसए) अंदाजे 8500 मुलांकडून प्राथमिक वाढ डेटा आणि संबंधित माहिती गोळा केली","eng.mr MGRS has collected primary growth data and related information from approximately 8500 children from a wide range of ethnic backgrounds and cultural settings (Brazil, Ghana, India, Norway, Oman and USA)"
Children of different age groups are monitored on monthly basis by AWWs.,वेगवेगळ्या वयोगटातील मुलांचे मासिक आधारावर अंगणवाडी सेविकास् द्वारे निरीक्षण केले जाते.,eng.mrChildren of different ages are monitored monthly by Anganwadi Deviyas.
"Health indicators like Stunting, Wasting and Underweight prevalence are measured as per WHO standards.","खुंटणे, अशक्तपणा आणि कमी वजनाचे प्रमाण यासारखे आरोग्य निर्देशक डब्ल्यूएचओ मानकांनुसार मोजले जातात.","eng, disability, and evidence of weight loss are measured according to WHO health guidelines."
Regular growth monitoring helps AWWs to provide relevant and timely assistance to children,नियमित वाढीचे निरीक्षण केल्याने अंगणवाडी सेविका ला मुलांना संबंधित आणि वेळेवर सहाय्य प्रदान करण्यात मदत होते,engr.org Monitoring regular growth helps Anganwadi Savitika provide the children with relevant and timely support.
"Awareness for Children Stunting, Wasting to prevent malnutrition in children","मुलांमधील कुपोषण टाळण्यासाठी बुटकेपणा, लूकडेपणा याबाबत जनजागृती",eng.mrMembers raise awareness of malnutrition in children to prevent malnutrition in children.
Poshan Tracker adds new application features,पोशन ट्रॅकर नवीन ऍप्लिकेशन वैशिष्ट्ये जोडत आहे,eng.org - The Food Tracker is adding new application features.
Making or Updating Home Visit Planner and Initiating home visits,गृह- भेटीचे नियोजन बनवणे किंवा अपडेट करणे आणि गृह- भेटी सुरू करणे,eng. -Making a schedule or updating a home visit and starting a home visit. -Making a schedule or updating a home visit and starting a home visit.
Poshan Calculator is designed to measure growth of the child based on standards defined by World Health Organization (WHO),पोषण कॅल्क्युलेटर हे मुलांची वाढ मोजण्यासाठी डिझाइन केलेले आहे जे जागतिक आरोग्य संघटनेने (डब्ल्यूएचओ) परिभाषित केलेल्या मानकांच्या आधारे मूल्यमापन करते,eng.mr Calculator Nutrition This is designed to measure the growth of children who evaluate based on standards defined by the World Health Organization (WHO).
Migrated from one category to another,एका श्रेणीतून दुसर्यात स्थलांतरित झाले,eng.org - Migration from one category to another
It usually occurs when a person has not had food of adequate quality and quantity and/or they have had frequent or prolonged illnesses,हे सहसा तेव्हा होते जेव्हा एखाद्या व्यक्तीने पुरेशा दर्जाचे आणि प्रमाणात अन्न घेतले नसते आणि/किंवा त्यांना वारंवार किंवा दीर्घकाळापर्यंत आजार होत असतात,eng.mrth This usually occurs when a person has not eaten enough quality and quantity food and/or he is often or long-term ill.
"Poshan Abhiyaan is India’s flagship programme to improve nutritional outcomes for children, adolescents, pregnant women and lactating mothers by leveraging technology, a targeted approach and convergence.","मुले, किशोरवयीन मुले, गर्भवती महिला आणि स्तनपान करणार्या मातांना तंत्रज्ञानाचा लाभ देऊन, लक्ष्यित दृष्टिकोन आणि अभिसरण देऊन पौष्टिक परिणाम सुधारण्यासाठी पोषण अभियान हा भारताचा प्रमुख कार्यक्रम आहे.",eng.mrKampagne Nutrition (KMP) -Kampagne Nutrition (KMP) -Kampagne Nutrition (KMP) -Kampagne Nutrition (KMP) -Kampagne Nutrition (KMP) -Kampagne Nutrition (KMP) -Kampagne Nutrition (KMP) -Kampagne Nutrition (KPM) -KPM) -Kampagne Nutrition (KPM) -Kampagne Nutrition (KPM) -Kampagne Nutrition (KPM) -Kampagne Nutrition (KPM) -Kampagne Nutrition (KPM) -Kampagne Nutrition (KPM) -Kampagne Nutrition (KPM) -Kampagne Nutrition (KPM) -Kampagne Nutrition (KPM) -Kampagne Nutrition (KPM) -Kampagne Nutrition (KPM) -Kamp
Hot Cooked Meal (HCM) given in last 30 days,मागील ३० दिवसात दिलेली गरम शिजवलेले भोजन (एचसीएम),eng.mrHot cooked meals (HCM) delivered in the last 30 days
Uploading of Data of Anganwadi Services Schemes in Poshan Tracker,पोषण ट्रॅकरमध्ये अंगणवाडी सेवा योजनांचा डेटा अपलोड करणे,eng.mr Uploading data of Anganwadi Service Schemes to a nutrition tracker
The Poshan Tracker generates automated alerts to the critical last-mile beneficiaries.,पोषण ट्रॅकर शेवटच्या टप्प्यातील गंभीर लाभार्थ्यांना स्वयंचलित सूचना व्युत्पन्न करतो.,eng.mr Nutrition Tracker automatically generates information to the final critical beneficiaries.
It also ensures efficient audit of the delivery system by documenting real time attendance of beneficiaries and duty bearers.,हे लाभार्थी आणि कर्तव्य धारकांच्या वास्तविक वेळेच्या उपस्थितीचे दस्तऐवजीकरण करून वितरण प्रणालीचे कार्यक्षम ऑडिट देखील सुनिश्चित करते., Hmr also ensures efficient audit of the distribution system by documenting the real-time presence of beneficiaries and duty holders.
"This management information system will help the nutrition programme to scale efficiently, thereby generating and documenting positive impact","ही व्यवस्थापन माहिती प्रणाली पोषण कार्यक्रमास कार्यक्षमतेने मापन करण्यास मदत करेल, ज्यामुळे सकारात्मक प्रभाव निर्माण आणि दस्तऐवजीकरण होईल","eng.mr itself management information system will help to efficiently measure nutrition program, thus creating positive impact and documenting it."
How can one Download Poshan Tracker App?,आपण पोशन ट्रॅकर अॅप डाउनलोड कसे करू शकतो?,eng.org Bagaimana kita bisa download aplikasi pengesan posisi?
"Clarification regarding Cost of Smart phones (03 June, 2021)","स्मार्ट फोनच्या किंमतीबाबात स्पष्टीकरण (03 जून, 2021)",eng.mr Pricing clarification for smart phones (03 June 2021)
along with status update once resolved,निराकरण झाल्यानंतर स्थिती अपडेट सह,eng.mrSituasi update setelah selesai
"The Poshan Tracker system is regularly audited by auditors engaged by MWCD, for security and scalability of the system.",प्रणालीच्या सुरक्षितता आणि मापनक्षमतेसाठी पोषण ट्रॅकर प्रणालीचे नियमितपणे एमडब्ल्यूसीडीद्वारे गुंतलेल्या ऑडिटर्सद्वारे ऑडिट केले जाते.,eng.mr The nutrition tracker system is regularly audited by MWCD by auditors involved in the system's safety and measurement efficiency.
The records may be used for such audits.,अशा ऑडिटसाठी नोंदी वापरल्या जाऊ शकतात.,eng.orgLogins can be used for such audits.
Poshan Tracker adds new Resources on Website,पॉशन ट्रॅकर वेबसाइट वैशिष्ट्यावर नवीन संसाधने जोडते, Postion Tracker adds new resources to the website feature
"Technology under Poshan Tracker is being leveraged for dynamic identification of stunting, wasting, under-weight prevalence among children and last mile tracking of nutrition service delivery","मुलांमध्ये खुंटणे, अशक्तपणा, कमी वजनाचे प्रमाण आणि पोषण सेवा वितरणाचा शेवटचा माइल ट्रॅकिंग यासाठी पोषण ट्रॅकर अंतर्गत तंत्रज्ञानाचा वापर केला जात आहे","engekerjaan teknologi dieter dieter dieter digunakan untuk menggerakkan, cacat, bukti penurunan berat badan, dan pelacakan jarak akhir distribusi layanan gizi pada anak-anak."
The System also takes feedback about system performance and experience.,ही यंत्रणा व्यवस्थेचे कार्यप्रदर्शन आणि अनुभवाबद्दल फीडबॅक देखील घेते.,engr also takes feedback on the performance and experience of the system.
"Information on name, mobile number, date of registration and health status may be used for these purposes","या उद्देशांसाठी नाव, मोबाईल नंबर, नोंदणीची तारीख आणि आरोग्य स्थिती यावरील माहिती वापरली जाऊ शकते","eng.org Untuk tujuan ini, informasi nama, nomor ponsel, tanggal pendaftaran, dan status kesehatan dapat digunakan."
"We collect the content and other information that you provide when you use our Services, including when you sign up for an account.","तुम्ही आमच्या सेवा वापरता तेव्हा तुम्ही दिलेली सामग्री आणि इतर माहिती आम्ही गोळा करतो, ज्यामध्ये तुम्ही खात्यासाठी साइन अप करता तेव्हा."," We collect the content and other information you provide when you use our services, including when you sign up for an account."
"You may, however, choose not to share personal data where providing the data is optional.","तथापि, तुम्ही वैयक्तिक डेटा शेअर न करणे निवडू शकता जेथे डेटा प्रदान करणे पर्यायी आहे.","eng, anda bisa memilih untuk tidak berbagi data pribadi jika data yang diberikan adalah pilihan."
Tracking of services to the end beneficiary at a click of a button.,एका बटणाच्या क्लिकवर अंतिम लाभार्थीपर्यंत सेवांचा पाठपुरवठा करणे.,eng.make a text delivery of services to the ultimate beneficiary with the click of a button.
"Services like Take Home Ration (THR) and Hot cooked Meal (HCM), vaccination for Infants and Pregnant Women","होम रेशन(टीएचआर) आणि गरम शिजवलेले जेवण (एचसीएम), नवजात बालकांसाठी आणि गर्भवती महिलांसाठी लसीकरण यासारख्या सेवा","eng.org) and Hot Cooked Meals (HCM), vaccination for newborns and pregnant women."
"New Poshan Tracker App (13 January, 2021)","नवीन पोषण ट्रॅकर अॅप (१३ जानेवारी, २०२१)","eng.mr - A new nutrition tracker app (January 13, 2021)"
Preventing illnesses to avert Malnutrition and Death,कुपोषण आणि मृत्यू टाळण्यासाठी आजारांना प्रतिबंध करणे,engengengengengengengengengengengengengengengengengengengengengengengengengengengengengengengengengengengengengengengengengengengengengengengengengengengengengengengengengengengengengengengengengengengengengengengengengengengengengengengengengengengengengengengengengengengengengengengengengengengengengengengengengengengengengengengengengengengengengengengengengengengengengengengengengengengengengengengengengengengengengengengengengengengengengengengengengengengengengengengengengengengengengengengengengengengengengengengengengengengengengengengengengengengengengengengengengengengengengengeng
Scan the QR Code to Download the App,एप डाउनलोड करण्यासाठी क्यूआर कोड स्कॅन करा, Scan QR code to download the mr app.
Pregnant women who received Take Home Ration (THR),होम रेशन(टीएचआर) मिळालेल्या गर्भवती महिला,engrrr ration(THR) a woman who has received pregnant women
General Awareness on SAM and MAM,गंभीर तीव्र कुपोषण आणि मध्यम तीव्र कुपोषण वर सामान्य जागरूकता,engmr PTSD and PTSD Common Awareness on PTSD and PTSD
"App can be accessed offline, currently daily tracking feature is available for offline data entry.Offline mode can store latest 3 days data.",वैध इंटरनेट कनेक्शनशिवाय अॅप कार्य करत नाही.,eng.id Aplikasi ini tidak bisa beroperasi tanpa koneksi internet yang valid.
These organizations will not use the APIs/ No-code webpage integration to encourage or promote illegal activity or violation of third-party rights including these Terms with Poshan Tracker.,पॉशन ट्रॅकरसह या अटींसह बेकायदेशीर क्रियाकलाप किंवा तृतीय-पक्ष अधिकारांचे उल्लंघन करण्यास प्रोत्साहन देण्यासाठी या संस्था एपीआय/ नो-कोड वेबपृष्ठ एकत्रीकरण वापरणार नाहीत.,"eng.mr Position Tracker or other unlawful activity or third party rights violation with or without conditions, or organizations will not use API/no-code webpage integration."
"Pregnant Women, Lactating Mothers, Children from 6 months to 3 years and adolescent girls.","गरोदर महिला, स्तनपान करणार्या माता, 6 महिने ते 3 वर्षे वयोगटातील मुले आणि किशोरवयीन मुली.","eng, ibu hamil, ibu menyusu, anak laki-laki dan remaja perempuan usia 6 bulan sampai 3 tahun."
"New Poshan Tracker App : CSC-SPV Nodal Person (02 February, 2021)","नवीन पोषण ट्रॅकर अॅपः सीएससी-एसपीव्ही नोडल व्यक्ती (०२ फेब्रुवारी, २०२१)",eng.App baru pelacak gizi: CSC-SPV Nomadic Person (02 Februari 2021)
An AWW can use ‘Migrate Beneficiary’ option to migrate a beneficiary from one AWC to another AWC basis their Aadhaar number.,एक अंगणवाडी सेविका लाभार्थी एका अंगणवाडी केंद्र मधून दुसर्या अंगणवाडी केंद्र मध्ये त्यांच्या आधार क्रमांकाच्या आधारे स्थलांतरित करण्यासाठी 'माइग्रेट लाभार्थी' पर्याय वापरू शकतो.,eng.org Ananganwadi servant beneficiary can use the 'migrant beneficiary' option to migrate from one Ananganwadi centre to another Ananganwadi centre based on their Aadhaar number.
A beneficiary is eligible for HCM for at least 21 days in a month.,एक लाभार्थी एका महिन्यात किमान 21 दिवस एचसीएम साठी पात्र असतो.,eng.Members are eligible for HCM for at least 21 days per month.
ABHA (Health ID) and its Benefits,एबीएचए (आरोग्य आयडी) आणि त्याचे फायदे,eng ABHA (Health ID) and its benefits.
"We'ar sorry, the page you requested could not be found.","आम्ही दिलगीर आहोत, आपण विनंती केलेले पृष्ठ आढळू शकले नाही.","eng. sorry, but you couldn't find the page you requested."
Dadra & Nagar Haveli - Daman & Diu,दादरा आणि नगर हवेली - दमण आणि दीव,eng Dadra and Nagar - Daman and Diu
Download Mobile App from Play Store,प्ले स्टोअर वरून मोबाईल एप डाउनलोड करा, Download mobile app from the Playmr Store
General Awareness on the Delivery of the child,्रसूतीबद्दल आणि बाळाच्या जन्माबद्दल सामान्य जागरूकता,engengengengengengengengengengengengengengengengengengengengengengengengengengengengengengengengengengengengengengengengengengengengengengengengengengengengengengengengengengengengengengengengengengengengengengengengengengengengengengengengengengengengengengengengengengengengengengengengengengengengengengengengengengengengengengengengengengengengengengengengengengengengengengengengengengengengengengengengengengengengengengengengengengengengengengengengengengengengengengengengengengengengengengengengengengengengengengengengengengengengengengengengengengengengengengengengengengengengengengeng
"We also use the data to operate our services, which includes analyzing our performance, meeting our legal obligations, developing our workforce, and doing research.","आम्ही आमच्या सेवा ऑपरेट करण्यासाठी देखील डेटा वापरतो, ज्यामध्ये आमच्या कार्यप्रदर्शनाचे विश्लेषण करणे, आमच्या कायदेशीर दायित्वांची पूर्तता करणे, आमचे कार्यबल विकसित करणे आणि संशोधन करणे समाविष्ट आहे.","eng.mrWe also use data to operate our services, including analyzing our performance, fulfilling our legal obligations, developing our workforce and revising it."
Where can I enquire about Hot Cooked Meal?,मी गरम शिजवलेल्या जेवणाबद्दल कुठे चौकशी करू शकतो?,eng.mm.Di mana saya bisa tanya soal makanan yg dipanaskan?
In how many languages AWW can enter the data while filling up the form?,फॉर्म भरताना किती भाषांमध्ये एडब्ल्यूडब्ल्यू किंवा एडब्ल्यूसी डेटा प्रविष्ट करू शकतात?,eng.mrForm filling in How many languages can AWW or AWC enter data in?
Children who are identified as deficit on nutrition are eligible for additional food supplements.,पोषणाची कमतरता म्हणून ओळखली जाणारी मुले अतिरिक्त आहार पूरक आहारांसाठी पात्र आहेत.,eng.mrBantwana abanezakzakagustofoli bayakufanelekela ukutayiwa.
An underweight person is a person whose body weight is considered too low to be healthy,कमी वजनाची व्यक्ती अशी व्यक्ती असते ज्यांचे शरीराचे वजन निरोगी होण्यासाठी खूप कमी मानले जाते,engmrLow-weight person is someone whose body weight is considered too low to be healthy.
When and how to use MPIN?,एमपीन कधी आणि कसा वापरावा?,.au - When and how should I use mprpin?
Ensuring that complementary feeding improves over time,कालांतराने पूरक आहार सुधारत आहे याची खात्री करणे,eng.mrMake sure that dietary supplementation is improving over time.
Using ABHA (Health ID) is the first step towards creating safer and efficient digital health records for you and your family.,एबीएचए (आरोग्य आयडी) याचा वापर हे तुमच्यासाठी आणि तुमच्या कुटुंबासाठी सुरक्षित आणि कार्यक्षम डिजिटल आरोग्य नोंदी तयार करण्याच्या दिशेने पहिले पाऊल आहे.,eng.br ABHA (Health ID) is the first step towards creating safe and efficient digital health records for you and your family.
ABHA (earlier known as Health ID) is an acronym for Ayushman Bharat Health Account.,एबीएचए (पूर्वी आरोग्य आयडी म्हणून ओळखले जाणारे) हे आयुष्मान भारत आरोग्य खात्याचे संक्षिप्त रूप आहे.,eng ABHA (formerly known as Health ID) is the acronym for Ayushman Bharat Health Account.
AWW/AWCs can only be added by nodal level official.Anybody in the above rank in the hierarchy.,"एडब्ल्यूडब्ल्यू / एडब्ल्यूसी फक्त नोडल स्तराच्या अधिकार्याद्वारे जोडले जाऊ शकतात.पदानुक्रमात वरीलपैकी कोणीही.राष्ट्रीय स्तराप्रमाणेच राज्य, जिल्हा, प्रकल्प आणि क्षेत्र पातळीवरील वापरकर्ता तयार करू शकतो.राज्यस्तरीय वापरकर्ता जिल्हा, प्रकल्प आणि क्षेत्र पातळीवरील वापरकर्ता तयार करू शकतो, जिल्हास्तरीय वापरकर्ता प्रकल्प आणि क्षेत्र पातळीचा वापरकर्ता तयार करू शकतो, प्रकल्प स्तराचा वापरकर्ता क्षेत्र स्तराचा वापरकर्ता तयार करू शकतो.","eng.WmrW / WWCs can only be connected by a node-level official.Any of the above in the hierarchy.As at national level, a user can create at state, district, project and region level.A user at state level can create a user at district, project and region level, a user at district level can create a user at project and region level, a user at project level can create a user at region level."
Where can I enquire about take home ration?,होम रेशनबद्दल मी कुठे चौकशी करू शकतो?,eng.org/HomeRation/Where can I inquire about homemration?
We use the information we collect from all our services for the following purposes:,आम्ही आमच्या सर्व सेवांमधून संकलित केलेली माहिती खालील उद्देशांसाठी वापरतोः,eng.org Kami menggunakan informasi yang dikumpulkan dari semua layanan kami untuk tujuan berikut:
Identification & Referral of Sick Newborn,आजारी नवजात बाळाची ओळख आणि संदर्भ,eng.mrNgobeni yang baru lahir yang sakit dan referensi
 XIV. CORRECTNESS OF DATA PROVIDED BY THIRD PARTY SYSTEMS, XIV. तृतीय पक्ष प्रणालीद्वारे प्रदान केलेल्या डेटाची शुद्धता,eng.mr. Akurasi data disseminated by third party systems.
Who is eligible for Take Home Ration?,होम रेशनसाठी कोण पात्र आहे?,eng.org Siapa yang layak untuk rasion rumah?
Supporting mothers with issues in Breastfeeding,स्तनपानाच्या समस्या असलेल्या मातांना आधार देणे,eng.org Memorize mothers with breastfeeding problems
"The proposed system should enable real-time monitoring and tracking of all AWCs, AWWs and beneficiaries on the defined indicators.","प्रस्तावित प्रणाली आपल्याला परिभाषित निर्देशकांवर सर्व एडब्ल्यूसी, एडब्ल्यूडब्ल्यू आणि लाभार्थ्यांचे वास्तविक-वेळ देखरेख आणि ट्रॅक करण्यास सक्षम करेल.",engr Sistemanggihasabisa ngewasosiatmenenggewasosiatmenenggewasosiatmenenggewasosiatmenenggewasosiatmenenggewasosiatmenenggewasosiatmenenggewasosiatmenenggewasosiatmenenggewasosiatmenenggewasosiatmenenggewasosiatmenenggewasosiatmenenggewasosiatmenenggewasosiatmenenggewasosiatmenenggewasosiatmenenggewasosiatmenenggewasosiatmenenggewasosiatmenenggewasosiatmenenggewasosiatmenenggewasosiatmenenggewasenggewasenggewasenggewasenggewasenggewasenggewasenggewasenggewasenggewasenggewasenggewasenggewasenggewasenggewasenggewasenggewasenggewaseng
Above standards are defined as per given above mentioned age brackets,वर नमूद केलेल्या वय कंसानुसार वरील मानके परिभाषित केली आहेत,eng.mr The above criteria are defined according to the age braces mentioned above.
"If a person is underweight, their body may not be getting the nutrients it needs to build healthy bones, skin and hair","जर एखाद्या व्यक्तीचे वजन कमी असेल, तर त्यांच्या शरीराला निरोगी हाडे, त्वचा आणि केस तयार करण्यासाठी आवश्यक पोषक तत्त्वे मिळत नाहीत","eng. -If a person is underweight, their body does not get the nutrients needed to build healthy bones, skin and hair."
MPIN can be set by respective Anganwadi worker by requesting an OTP against his/her mobile number.,एमपीआयएन संबंधित मोबाईल क्रमांकावर ओटीपीची विनंती करुन संबंधित अंगणवाडी सेवकाद्वारे सेट केले जाऊ शकते.,eng.mpINs can be set by the respective Anganwadi servant by requesting an OTP to the relevant mobile number.
"If Mobile number is already present in the database, the respective Anganwadi person will receive 4 digits OTP on registered mobile number.",डेटाबेसमध्ये मोबाइल नंबर आधीपासून अस्तित्त्वात असल्यास संबंधित अंगणवाडी व्यक्तीस नोंदणीकृत मोबाइल क्रमांकावर ४ अंकी ओटीपी मिळेल.,"eng.mr-If a mobile number already exists in the database, the relevant Anganwadi person will get a 4-digit OTP on the registered mobile number."
"Post entering the OTP, AWW can easily set customized MPIN.",ओटीपी टाकल्यावर एडब्ल्यूडब्ल्यू सहजपणे सानुकूलित एमपीन सेट करू शकते.," Upon entering an OTP, AWW can easily set customized MPINs."
"It enables your interaction with participating healthcare providers, and allows you to receive your digital lab reports, prescriptions and diagnosis seamlessly from verified healthcare professionals and health service providers.","हे सहभागी आरोग्य सेवा प्रदात्यांशी तुमचं एकमेकांशी असलेले संभाषण सक्षम करते आणि तुम्हाला तुमचे डिजिटल लॅब रिपोर्ट्स, प्रिस्क्रिप्शन आणि निदान सत्यापित आरोग्यसेवा व्यावसायिक आणि आरोग्य सेवा प्रदात्यांकडून अखंडपणे प्राप्त करण्यास अनुमती देते.","engrr Enables your interpersonal interaction with participating healthcare providers and allows you to receive your digital lab reports, prescription and diagnosis verified seamlessly from healthcare professionals and healthcare providers."
Our System provides API to Third – Party Sites that may collect your personal information.,आमची सिस्टीम तृतीय-पक्ष साइट्सना एपीआय प्रदान करते जी तुमची वैयक्तिक माहिती संकलित करू शकते.,eng our system provides third-party sites with API that can collect your personal information.
Poshan Tracker is not in any manner responsible for the security of such information or their privacy practices or content of those Third – Party Sites.,पोषण ट्रॅकर अशा माहितीच्या सुरक्षिततेसाठी किंवा त्यांच्या गोपनीयता पद्धती किंवा त्या तृतीय पक्षाच्या साइट्सच्या सामग्रीसाठी कोणत्याही प्रकारे जबाबदार नाही.,eng.mr Nutrition Tracker is not responsible for the security of such information or for their privacy practices or the content of those third party sites in any way.
These third-party service providers and Third-Party Sites may have their own privacy policies governing the storage and retention of your information that you may be subject to.,या तृतीय-पक्ष सेवा प्रदाते आणि तृतीय-पक्ष साइट्सची त्यांची स्वतःची गोपनीयता धोरणे असू शकतात जी तुमची माहिती साठवून ठेवण्यासाठी आणि ठेवण्यावर नियंत्रण ठेवू शकतात ज्यांच्या तुम्ही अधीन असाल.,eng.org - Third-party service providers and third-party sites may have their own privacy policies that may control the storage and retention of your information to which you are subject.
"This Privacy Policy does not govern any information provided to, stored on, or used by these third-party providers and Third-Party Sites.","हे गोपनीयता धोरण या तृतीय-पत्नींना प्रदान केलेली, संग्रहित केलेली किंवा वापरली जाणारी कोणतीही माहिती नियंत्रित करत नाही."," Privacy Policy or any information provided, stored, or used to third parties is not controlled."
"We recommend that when you enter a Third-Party Site, you review the Third Party Site’s privacy policy as it relates to safeguarding of your information.","आम्ही शिफारस करतो की तुम्ही तृतीय-पक्षाच्या साइटमध्ये प्रवेश करता तेव्हा, तुम्ही तृतीय पक्षाच्या साइटच्या गोपनीयता धोरणाचे पुनरावलोकन करा कारण ते तुमच्या माहितीच्या सुरक्षेशी संबंधित आहे.","eng.id - When you access a third-party site, we recommend that you review the third-party site's privacy policy as it relates to the security of your information."
You agree and acknowledge that Poshan Tracker will not be liable for the information published in search results or by any Third-Party Sites.,तुम्ही सहमत आहात आणि कबूल करता की शोध परिणामांमध्ये किंवा कोणत्याही तृतीय-पक्ष साइटद्वारे प्रकाशित केलेल्या माहितीसाठी पोषण ट्रॅकर जबाबदार राहणार नाही., You agree and acknowledge that the Nutrition Tracker will not be responsible for any information published in search results or by any third-party site.
"By visiting or using the Site, you expressly agree to these Terms, as updated from time to time.","साइटला भेट देऊन किंवा वापरून, आपण वेळोवेळी अद्यतनित केल्यानुसार या अटींशी स्पष्टपणे सहमत आहात.","eng.mr By visiting or using the site, you explicitly agree to the terms as updated from time to time."
"If you do not agree with any part of these terms, do not use the site.","आपण या अटींच्या कोणत्याही भागाशी सहमत नसल्यास, साइट वापरू नका.","/If you do not agree to any part of these terms or conditions, do not use the site."
You may not use the Site in any manner and may not accept the Terms if you are not of legal age to form a binding contract.,तुम्ही साइट कोणत्याही प्रकारे वापरू शकत नाही आणि बंधनकारक करार तयार करण्यासाठी तुम्ही कायदेशीर वयाचे नसल्यास अटी स्वीकारू शकत नाही.," You cannot use the site in any way, nor can you accept the terms unless you are of legal age to enter into a binding agreement."
Bacillus Calmette Guerin (BCG)Oral Polio Vaccine (OPV)-0 dose Hepatitis B birth dose OPV-1 T,बॅसिलस कॅल्मेट ग्वेरिन (बीसीजी)ओरल पोलिओ व्हॅक्सिन (ओपीव्ही)-0 डोस हिपॅटायटीस बी जन्म डोस ओपीव्ही-1 टी, Basillus calmet guerin (BCG)Oral polio vaccine (OPV)-0 dose of hepatitis B birth dose of OPV-1T
"The information collected under Clause 1, shall be used for the purpose of facilitating the health of the beneficiaries.","कलम 1 अंतर्गत संकलित केलेली माहिती, लाभार्थींच्या आरोग्याच्या सुविधेसाठी वापरली जाईल.",eng.mr Informasi yang dikumpulkan di bawah pasal 1 akan digunakan untuk memudahkan kesehatan para pemegang manfaat.
"We provide our products, which includes updating, securing, and troubleshooting the information/data/ materials and contents of the System, as well as providing support.","आम्ही आमची उत्पादने प्रदान करतो, ज्यामध्ये सिस्टमची माहिती/डेटा/ सामग्री आणि सामग्री अद्यतनित करणे, सुरक्षित करणे आणि समस्यानिवारण करणे तसेच समर्थन प्रदान करणे समाविष्ट आहे."," We provide our products, including updating, securing and troubleshooting system information/mr data/ content and content, as well as providing support."
"When you register on Poshan Tracker, the Mobile number with which you registered, will be used to locate your record from the database.","जेव्हा तुम्ही पोषण ट्रॅकर वर नोंदणी करता, तेव्हा तुम्ही ज्या मोबाईल नंबरने नोंदणी केली होती, तो मोबाईल नंबर डेटाबेसमधून तुमचा रेकॉर्ड शोधण्यासाठी वापरला जाईल.","eng.mr: When you register on a nutrition tracker, the mobile number you registered with will be used to search for your record from the mobile number database."
These can also be used to assess the health status as recorded in the Poshan Tracker system.,पोषण ट्रॅकर प्रणालीमध्ये नोंदवल्याप्रमाणे आरोग्य स्थितीचे मूल्यांकन करण्यासाठी देखील याचा वापर केला जाऊ शकतो.,eng.mr It can also be used to assess health status as reported in the nutrition tracker system.
Training on ICT Platform under POSHAN Abhiyaan,पोषण अभियान अंतर्गत आयसीटी प्लॅटफॉर्मवर प्रशिक्षण,"eng.mrPutrient Campaign, ICT platform training, training in the nutrition campaign"
"Know more about stunting, wasting and underweight","खुंटणे, अशक्तपणा आणि कमी वजनाबद्दल अधिक जाणून घ्या","eng, disability, and weight loss Learn more about crushing, disability, and weight loss"
What information to be added in AWC forms?,एडब्ल्यूसी फॉर्ममध्ये कोणती माहिती जोडायची?, What information should I add to the AWMC form?
How to revive your health if you are Moderately Wasted (MAM),जर तुम्ही माफक प्रमाणात अशक्त असाल तर तुमचे आरोग्य कसे सुधारावे ( मॅम)," ""If you're moderately disabled, how can you improve your health?"""
AWC Workers Registered In Last 30 Days,शेवटच्या ३० दिवसांत एडब्ल्यूसी कामगार नोंदणीकृत,eng.mrWorkers registered in the last 30 days at WTC
Click on above button to get this App,हा अॅप मिळविण्यासाठी वरील बटणावर क्लिक करा,eng app ini klik tombol di atas untuk mendapatkan aplikasi ini
Beneficiaries Registered In Last 30 Days,शेवटच्या ३० दिवसांत लाभार्थी नोंदणीकृत,eng.mr-Kennedy has been registered within the last 30 days.
Specifications of Smart phone and Technical Compatibility Testing,स्मार्टफोनचे तपशील आणि तांत्रिक सुसंगतता चाचणी,engsmartphone's specifications and technical compatibility testingmr
Stunting is the impaired growth and development that children experience from poor nutrition,खुंटणे म्हणजे बिघडलेली वाढ आणि विकास आहे जी मुलं खराब पोषणामुळे अनुभवतात,eng = stuttering is a stuttering of growth and development that children experience due to poor nutrition.
Children in the age group of 3 years to 6 years,3 वर्षे ते 6 वर्षे वयोगटातील मुले,eng.mr Anak-anak umur 3 tahun ke 6 tahun
What is the eligibility of a beneficiary?,लाभार्थीची पात्रता काय आहे?,eng.what is the eligibility of the beneficiary?
Who are the target userbase of Poshan Tracker App?,पोषण ट्रॅकर अॅपचे लक्ष्यित यूजरबेस कोण आहेत?,eng.mr Siapa target userbase aplikasi nutrition tracker?
Panchayat Raj Institution (PRI) Member or Local Leader,पीआरआय मेंबर किंवा स्थानिक नेते,engPRI or local leaders.
"It often indicates recent and severe weight loss, although it can also persist for a long time","हे बर्याचदा अलीकडील आणि तीव्र कमी वजन दर्शवते, जरी ते दीर्घकाळ टिकू शकते",eng.mr.m.m.m.m.m.m.m.m.m.m.m.m.m.m.m.m.m.m.m.m.m.m.m.m.m.m.m.m.m.m.m.m.m.m.m.m.m.m.m.m.m.m.m.m.m.m.m.m.m.m.m.m.m.m.m.m.m.m.m.m.m.m.m.m.m.m.m.m.m.m.m.m.m.m.m.m.m.m.m.m.m.m.m.m.m.m.m.m.m.m.m.m.m.m.m.m.m.m
What is the minimum requirement to install Poshan Tracker App in mobile?,मोबाइलमध्ये पोषण ट्रॅकर अॅप स्थापित करण्यासाठी किमान आवश्यक काय आहे?,engrrr.What is the minimum requirement to install a nutrition tracker app on mobile?
You will only access (or attempt to access) the Site by the means described in the Documentation and will comply with the terms and conditions of this Agreement.,तुम्ही केवळ दस्तऐवजात वर्णन केलेल्या माध्यमांद्वारे साइटवर प्रवेश कराल (किंवा प्रवेश करण्याचा प्रयत्न कराल) आणि या कराराच्या अटी व शर्तींचे पालन कराल.,eng.org - You will only access the site through the means described in the document (or attempt to access it) and will comply with the terms and conditions of this agreement.
"You will comply with all Central and State laws, rules and regulations applicable to you and your use of the Site and affecting any third-party rights.","तुम्ही सर्व केंद्रीय आणि राज्य कायदे, तुम्हाला लागू होणार्या आणि साइटच्या तुमच्या वापरावर आणि कोणत्याही तृतीय-पक्षाच्या अधिकारांवर परिणाम करणारे नियम आणि नियमांचे पालन कराल."," You will comply with all federal and state laws, regulations and regulations applicable to you and affecting your use of the site and any third party rights."
You can participate in Swastha Balak Balika Spardha by registering through the website https://poshantracker.,You can participate in Swastha Balak Balika Spardha by registering through the website https://poshantracker., You can participate in Swastha Balak Balika Spardha by registering through the website https://poshantracker.mr.
in or by downloading ‘Poshan Tracker’ App from Google Play Store.,in or by downloading 'Poshan Tracker' App from Google Play Store.,engengengengengengengengengengengengengengengengengengengengengengengengengengengengengengengengengengengengengengengengengengengengengengengengengengengengengengengengengengengengengengengengengengengengengengengengengengengengengengengengengengengengengengengengengengengengengengengengengengengengengengengengengengengengengengengengengengengengengengengengengengengengengengengengengengengengengengengengengengengengengengengengengengengengengengengengengengengengengengengengengengengengengengengengengengengengengengengengengengengengengengengengengengengengengengengengengengengengengengeng
Clarification regarding Cost of Smart phones,स्मार्ट फोनच्या किमतीबाबत स्पष्टीकरण,eng.mr Penjehanya tentang harga smartphone
Measles Containing vaccine (MCV)/Measles & Rubella (MR)-1Japanese Encephalitis(JE)-1**PCV-Booster,गोवर (एमसीव्ही)/गोवर आणि रुबेला (एमआर)-1जापनीज एन्सेफलायटीस (जेई)-1**पीसीव्ही-बूस्टर,eng/Gover and Rubella (MR)-1 Japanese Encephalitis (JE)-1**PCV-Booster
Mobile number need to be validated within a week,एका आठवड्यात मोबाईल क्रमांक सत्यापित करणे आवश्यक आहे,eng.mr Nomor handphone must be verified within a week.
Currently a beneficiary can register by the help of an AWW,सध्या एक लाभार्थी अंगणवाडी सेविका च्या मदतीने नोंदणी करू शकतो,eng.m.M.M.M.M.M.M.M.M.M.M.M.M.M.M.M.M.M.M.M.M.M.M.M.M.M.M.M.M.M.M.M.M.M.M.M.M.M.M.M.M.M.M.M.M.M.M.M.M.M.M.M.M.M.M.M.M.M.M.M.M.M.M.M.M.M.M.M.M.M.M.M.M.M.M.M.M.M.M.M.M.M.M.M.M.M.M.M.M.M.M.M.M.A.M.A.A.A.A
Awareness for Lactating Mother Complimentary Feeding for Children,स्तनपान करणार्या मातेला मुलांसाठी पूरक आहार देण्यासाठी जागरूकता,eng.org Kesan tentang pemberian suplemen makanan untuk bayi kepada ibu menyusui.
New Poshan Tracker App - CSC-SPV Nodal Person,नवीन पोषण ट्रॅकर एप - सीएससी-एसपीव्ही नोडल व्यक्ती,eng.org - The new nutrition tracker app - CSC-SPV nodal person
1.1. Information you provide to us.,1.1. तुम्ही आम्हाला प्रदान केलेली माहिती.,eng.1.1 Informasi yang anda berikan kepada kami.
How can one access Poshan Tracker Dashboard?,आपण पोशन ट्रॅकर डॅशबोर्डमध्ये प्रवेश कसा करू शकतो?, How can we access the position tracker dashboard?
Prevention of Anemia in children and adolescents girls,मुले आणि किशोरवयीन मुलींमध्ये रक्तशय प्रतिबंध,eng.mr Ban pembuluh darah pada anak laki-laki dan remaja perempuan
Gangarampur Addl. I. C. D. S Project,गंगारामपूर अतिरिक्त. आय. सी. डी. एस प्रकल्प,engarampur extra.icds project
Can a beneficiary register directly using application.,अर्ज वापरून लाभार्थी थेट नोंदणी करू शकतो,eng.org - The beneficiary can register directly using the applicationmr.
The Ministry of Women and Child Development has rolled out Poshan Tracker application.,महिला व बाल विकास मंत्रालयाने पोषण ट्रॅकर अर्ज आणला आहे.,/Women and Child Development Ministry has introduced a nutrition tracker application.
"The goal is to follow nutrition systems strengthening approach for improving maternal and child undernutrition, focused on strengthening implementation bottlenecks at all levels.",माता व बालकांचे कुपोषण सुधारण्यासाठी पोषण प्रणालींचे दृढ बळकट करणे हे सर्व स्तरांवर अंमलबजावणीच्या अडथळ्यांना बळकटी देण्यावर लक्ष केंद्रित करण्याचे उद्दीष्ट आहे.,eng sistematrisan untuk memperbaiki kekurangan gizi ibu dan bayi. ini bertujuan untuk fokus pada pengendalian hambatan implementasi di semua tingkat.
"The Poshan Tracker is built using centralized data architecture, that also aligns with the digital technology systems of other ministries and programs.","पोशन ट्रॅकर हे केंद्रीयकृत डेटा आर्किटेक्चर वापरून तयार केले गेले आहे, जे इतर मंत्रालये आणि प्रोग्रामच्या डिजिटल तंत्रज्ञानासह देखील संरेखित होते.","eng.mr Position Tracker is built using a centralized data architecture, which is also aligned with other ministries and program's digital technology."
"The system provides a digital identity to each beneficiary through a digital card, and allows convergence of call centre with the technology platform.",सिस्टम प्रत्येक लाभार्थ्यास डिजिटल कार्डद्वारे डिजिटल ओळख प्रदान करते आणि तंत्रज्ञान प्लॅटफॉर्मद्वारे कॉल सेंटरच्या अभिसरणस परवानगी देते.,eng.mr Sistem ini menyediakan pengenalan digital melalui kartu digital kepada setiap penerima dan memungkinkan konvergensi call center melalui platform teknologi.
The system generates automated alerts to the critical last-mile beneficiaries.,सिस्टम अंतिम-मैलाच्या गंभीर लाभार्थ्यांना स्वयंचलित सतर्कता निर्माण करते.,eng sistem membuat peringatan otomatis kepada peminati utama dari titik akhir.
"It also ensures efficient audit of the delivery system, by documenting real time attendance of beneficiaries and duty bearers.",तसेच लाभार्थी व कर्तव्य बजावणार्यांच्या रिअल टाइम उपस्थितीचे दस्तऐवजीकरण करून वितरण प्रणालीचे कुशल लेखा परीक्षणाची खात्री केली जाते.,eng.org-Distributor system is effectively audited by documenting the real-time presence of beneficiaries and performers.
"Such a robust digital technology platform and management information system, will help the mission to scale efficiently, thereby generating and documenting significant positive impact.","असा मजबूत डिजिटल तंत्रज्ञान प्लॅटफॉर्म आणि व्यवस्थापन माहिती प्रणाली, अभियानास कार्यक्षमतेने मोजमाप करण्यात मदत करेल आणि त्याद्वारे महत्त्वपूर्ण सकारात्मक प्रभावाची निर्मिती आणि दस्तऐवजीकरण होईल.","engrrr.com - A strong digital technology platform and management information system, it will help to measure the campaign efficiently and thereby create and document significant positive impact."
Weight should be between 0.90 to 58,वजन 0.90 ते 58 च्या दरम्यान असावे, The weight must be between 0.90 and 58mr.
MPIN can be easily reset by any AWW/AWC user.,एमपीआयएन सहजपणे कोणत्याही एडब्ल्यूडब्ल्यू / एडब्ल्यूसी वापरकर्त्याद्वारे रीसेट केले जाऊ शकते.,engMPIN bisa di reset dengan mudah oleh user AWW/AWC manapun.
"You are required to click on Forgot MPIN, and enter your registered mobile number.","आपल्याला विसरलेले एमपीन वर क्लिक करणे आवश्यक आहे, आणि आपला नोंदणीकृत मोबाइल नंबर प्रविष्ट करणे आवश्यक आहे.","eng.org: You need to click on the forgotten mpen, and you need to enter your registered mobile number."
You will receive and OTP on your registered mobile number and you can ealily reset your MPIN,आपल्या नोंदणीकृत मोबाइल नंबरवर आपल्याला ओटीपी प्राप्त होईल आणि आपण आपल्या एमपीनला रीसेट करू शकता.,eng.org - You will receive an OTP to your registered mobile number and you can reset your mpin.
The Poshan Tracker is a job-aid to the Anganwadi worker for efficient delivery of services along with reflection of their efforts.,पोषण ट्रॅकर अंगणवाडी कर्मचार्यांना त्यांच्या प्रयत्नांचे प्रतिबिंब देऊन कार्यक्षमतेने सेवा पुरवण्यासाठी नोकरी-सहाय्य आहे.,engr Nutrition Tracker is a job-assisted tool for providing service to Anganwadi employees efficiently by reflecting their efforts.
It is a critical and beneficiary-centric service delivery Application under POSHAN Abhiyaan which will promote real time data with analytics,पोषण अभियानांतर्गत हा एक गंभीर आणि लाभार्थी-केंद्रित सेवा वितरण अनुप्रयोग आहे जो विश्लेषणासह वास्तविक वेळेच्या डेटाला प्रोत्साहन देईल,"eng.fr - Under the Nutrition Campaign, this is a critical and beneficiary-centric service delivery application that will promote real-time data, including analysis."
Please enter valid Date of Birth,कृपया वैध जन्मतारीख प्रविष्ट करा,eng.mr silakan masukkan tarikh lahir yang sah.
Who is eligible for additional supplementary food?,अतिरिक्त पूरक आहारासाठी कोण पात्र आहे?,eng.mr]Should I be eligible for the supplemental diet?
"We reserve the unconditional right to change, modify, add, or remove any part of these Terms at any time, without specifically notifying you of such changes.","या अटींचा कोणताही भाग बदलण्याचा, सुधारण्याचा, जोडण्याचा किंवा काढून टाकण्याचा बिनशर्त अधिकार आम्ही राखून ठेवतो, अशा बदलांबद्दल तुम्हाला विशेषतः सूचित न करता.","eng.mr We reserve the unconditional right to modify, amend, add or remove any part of these Terms without specifically notifying you of such changes."
Any changes or updates will be effective immediately.,कोणतेही बदल किंवा अद्यतने त्वरित प्रभावी होतील.,eng.org -Superiority of changes or updates will be effective immediately.
You take the responsibility to check these Terms of Use periodically for changes.,बदलांसाठी वेळोवेळी या वापर अटी तपासण्याची जबाबदारी तुम्ही घेणे.,eng.mr You assume the responsibility of checking the terms of use or changes from time to time.
Your continued use of the platform post such revision shall constitute acceptance of the modified Terms.,अशा पुनरावृत्तीनंतर तुम्ही प्लॅटफॉर्मचा सतत वापर केल्यास सुधारित अटींची स्वीकृती होईल.,eng.mr-Selebration-On-Site-On-Site-On-Site-On-Site-On-Site-On-Site-On-Site-On-Site-On-Site-On-Site-On-Site-On-Site-On-Site-On-Site-On-Site-On-Site-On-Site-On-Site-On-Site-On-Site-On-Site-On-Site-On-Site-On-Site-On-Site-On-Site-On-Site-On-Site-On-Site-On-Site-On-Site-On-Site-On-Site-On-Site-On-Site-On-Site-On-Site-On-Site-
How many different types of reports can be generated over Poshan Tracker Dashboard?,पोषण ट्रॅकर डॅशबोर्डवर किती वेगवेगळ्या प्रकारचे अहवाल तयार केले जाऊ शकतात?,eng.mr Berapa banyak jenis laporan yang dapat dibuat di dashboard nutrition tracker?
How to revive your health if you are Severely Wasted (SAM),तुम्ही गंभीरपणे अशक्त असाल (सॅम ) तुमचे आरोग्य कसे सुधारावे, If you are seriously disabled (Sam) how to improve your health
"See assessment charts for Stunted, Wasted and Underweight parameters","बुटकेपणा, लूकडेपणा आणि कमी वजन या मापदंडांसाठी मूल्यांकन तक्ते पहा","eng.mrBeg, lethargi, dan penurunan berat badan atau parameter lihat tabel penilaian"
Resources for growth monitoring and general awareness,ग्रोथ मॉनिटरिंग आणि सामान्य जागरूकता साठी संसाधने,eng.mr Resources for growth monitoring and general awareness
AWW are required to enter details related to infrastructure present in a particular Anganwadi centre.,एएनडब्ल्यूडब्ल्यूला विशिष्ट अंगणवाडी केंद्रात असलेल्या पायाभूत सुविधांशी संबंधित तपशील प्रविष्ट करणे आवश्यक आहे.,eng.mr NWW is required to enter details related to infrastructure in a specific Anganwadi center.
"This includes structure, basic amenities, facilities, sanitization, drinking water etc.","यामध्ये संरचना, मूलभूत सुविधा, सुविधा, स्वच्छता, पिण्याचे पाणी इत्यादींचा समावेश आहे.","eng: This includes infrastructure, infrastructure, amenities, hygiene, drinking water, etc."
Lactating mothers who received Take Home Ration (THR),होम रेशन(टीएचआर) मिळालेल्या स्तनदा माता,engr ration(THR) received by a breastfeeding mother.
"Poshan Tracker reserve the unconditional right to change, modify, add, or remove any part of this Privacy Policy at any time, without specifically notifying you of such changes.","पोषण ट्रॅकर या गोपनीयता धोरणाचा कोणताही भाग कोणत्याही वेळी बदलण्याचा, सुधारण्याचा, जोडण्याचा किंवा काढून टाकण्याचा बिनशर्त अधिकार राखून ठेवतो, विशेषतः अशा बदलांबद्दल तुम्हाला सूचित न करता.","eng.mr Nutrition Tracker or any part of the Privacy Policy reserves the unconditional right to change, correct, add or remove at any time, especially without informing you of such changes."
Any changes or updates will be effective immediately.,कोणतेही बदल किंवा अद्यतने त्वरित प्रभावी होतील.,eng.org -Superiority of changes or updates will be effective immediately.
You should review this Privacy Policy regularly for changes.,बदलांसाठी तुम्ही या गोपनीयता धोरणाचे नियमितपणे पुनरावलोकन करावे.,"eng.mrNgati-hati, anda harus secara teratur meninjau kebijakan privasi ini."
"We will use commercially reasonable efforts to generally notify all users of any material changes to this Privacy Policy, such as through a notice on the System.","आम्ही या गोपनीयता धोरणातील कोणत्याही भौतिक बदलांबद्दल सर्व वापरकर्त्यांना सूचित करण्यासाठी व्यावसायिकदृष्ट्या वाजवी प्रयत्न करू, जसे की सिस्टमवरील सूचना.","eng.mr We will make commercially reasonable efforts to inform all users of any material changes to this Privacy Policy, such as system notifications."
"However, as a user of the System, you should regularly check the Privacy Policy for any changes.","तथापि, सिस्टमचा वापरकर्ता म्हणून, कोणत्याही बदलांसाठी तुम्ही नियमितपणे गोपनीयता धोरण तपासले पाहिजे.","eng, sebagai pengguna sistem, anda harus secara teratur memeriksa kebijakan privasi untuk perubahan apapun."
"We will also update the “Last Updated” date at the top of this Privacy Policy, which reflects the effective date of this Privacy Policy.","आम्ही या गोपनीयता धोरणाच्या शीर्षस्थानी \""अंतिम अद्यतनित\"" तारीख देखील अद्यतनित करू, जी या गोपनीयता धोरणाची प्रभावी तारीख दर्शवते.","/we will also update the \""Last Updated\"" date at the top of this Privacy Policy, indicating the effective date of the Gmr or Privacy Policy."
Your continued access or use of the System after the date of the new Privacy Policy constitutes your acceptance of the new Privacy Policy.,नवीन गोपनीयता धोरणाच्या तारखेनंतर तुमचा सतत प्रवेश किंवा सिस्टमचा वापर नवीन गोपनीयता धोरणाची तुमची स्वीकृती बनवते.,eng.mrNgena-ngena terus menerus atau menggunakan sistem setelah tanggal kebijakan privasi baru membuat anda setuju dengan kebijakan privasi baru.
"If you do not agree to the new Privacy Policy, you must stop accessing and/or using the System.","तुम्ही नवीन गोपनीयता धोरणाशी सहमत नसल्यास, तुम्ही सिस्टममध्ये प्रवेश करणे आणि/किंवा वापरणे थांबवणे आवश्यक आहे."," If you do not agree with the new privacy policy, you must stop accessing and/or using the system."
What is the eligibility of a beneficiary?,लाभार्थीची पात्रता काय आहे?,eng.what is the eligibility of the beneficiary?
"No, Poshan Tracker is available only for Android version",पोषण ट्रॅकर केवळ अँड्रॉइड आवृत्तीसाठी उपलब्ध आहे.,eng.mr Nutrition Tracker is only available for the Android version.
 XV. INDEMNITY AND LIMITATION OF LIABILITY, XV. नुकसानभरपाई आणि दायित्वाची मर्यादा,eng.mr XV. Damage and Limitation of Liability
Growth monitoring report for all health indicators,सर्व आरोग्य निर्देशकांसाठी वाढ निरीक्षण अहवाल,eng.org Laporan pengawasan pertumbuhan untuk semua direktur kesehatan.
Take Home Ration (THR) given in last 30 days,मागील ३० दिवसात दिलेली होम रेशन (टीएचआर),eng.org Home Ration (THR) paid in the last 30 days
Children are defined as stunted if their height-for-age is more than two standard deviations below the WHO Child Growth Standards median,डब्ल्यूएचओ चाइल्ड ग्रोथ स्टँडर्ड्स मेडिअनच्या खाली दोन मानक विचलनांपेक्षा जास्त वयाची उंची असल्यास मुलांची खुंटलेले म्हणून व्याख्या केली जाते,"eng.mr If the height of the child is greater than two standard deviations below the mean of the WHO Child Growth Standards, it is defined as a child's cramped height."
What is the purpose of Launching Poshan Tracker?,पोषण ट्रॅकर लॉन्च करण्याचा हेतू काय आहे ?,eng.mr.What is the purpose of launching a nutrition tracker?
"As a registered user, you have the right to access your profile at any time.","नोंदणीकृत वापरकर्ता म्हणून, तुम्हाला तुमच्या प्रोफाइलमध्ये प्रवेश करण्याचा अधिकार आहे.","eng.org Sebagai pengguna terdaftar, Anda berhak untuk mengakses profil Anda."
"Although, the changes can only be done as prescribed by the Poshan Tracker system from time to time.","तथापि, बदल केवळ पोषण ट्रॅकर प्रणालीद्वारे वेळोवेळी निर्धारित केल्यानुसारच केले जाऊ शकतात.","eng, perubahan hanya dapat dilakukan sesuai dengan ketentuan sistem pelacak gizi dari waktu ke waktu."
You cannot manage the communications that you receive from us or how you receive them.,तुम्ही आमच्याकडून प्राप्त झालेले संप्रेषण किंवा ते कसे प्राप्त करता ते तुम्ही व्यवस्थापित करू शकत नाही.,eng.org - You cannot manage the communications you receive from us or how you receive them.
" XIII. COMPLIANCE WITH LAW, THIRD PARTY RIGHTS, AND OTHER TERMS OF SERVICE"," XIII. कायद्याचे पालन, तृतीय पक्षाचे अधिकार आणि इतर सेवा अटी","eng. XIIImr. Kepatuhan hukum, hak pihak ketiga, dan syarat-syarat layanan lainnya."
"repeated infection, and inadequate psychosocial stimulation","वारंवार संसर्ग, आणि अपुरी मनोसामाजिक उत्तेजना","engr.com: Frequent infections, and insufficient psychosocial arousal."
Beneficiary migration from one AWC to another AWC,एका एडब्ल्यूसी मधून दुसर्या एडब्ल्यूसी मध्ये लाभार्थी स्थलांतर, Transfer of beneficiaries from one WAC to another WAC
"Training on ICT Platform under POSHAN Abhiyaan (02 February, 2021)","पोषण अभियानांतर्गत आयसीटी प्लॅटफॉर्मवर प्रशिक्षण (०२ फेब्रुवारी, २०२१)",eng.mr ICT Platform Training under the Nutrition Campaign (02 February 2021)
You may browse the Site without registering for an account.,तुम्ही खात्यासाठी नोंदणी न करता साइट ब्राउझ करू शकता.,eng.org - You can browse the site without registering for an account.
"You will be required to register for an account with your mobile number, if you intent to use certain features or services offered by the Site.","साइटद्वारे ऑफर केलेली काही वैशिष्ट्ये किंवा सेवा वापरण्याचा तुमचा हेतू असल्यास, तुम्हाला तुमच्या मोबाइल नंबरसह खात्यासाठी नोंदणी करणे आवश्यक आहे.","eng.mrIf you intend to use some of the features or services offered by the site, you will need to register for an account with your mobile number."
You are solely responsible for maintaining the confidentiality of your personal information and registration and all activities that might result from you failing from keeping this information secure.,तुमची वैयक्तिक माहिती आणि नोंदणी आणि ही माहिती सुरक्षित ठेवण्यात तुम्ही अयशस्वी झाल्यामुळे होणार्या सर्व क्रियाकलापांची गोपनीयता राखण्यासाठी तुम्ही पूर्णपणे जबाबदार आहात.,eng.mr You are solely responsible for keeping confidentiality of all activities that result from your failure to keep your personal information and registration and information secure.mr
Your registration or mobile number shall be kept confidentialYou undertake that:You have obtained consent from the concerned individuals for creating their records through your account.,तुमची नोंदणी किंवा मोबाईल क्रमांक गोपनीय ठेवला जाईलतुम्ही ते हाती घ्याःतुमच्या खात्याद्वारे त्यांचे रेकॉर्ड तयार करण्यासाठी तुम्ही संबंधित व्यक्तींकडून संमती घेतली आहे.,eng.Your registration or mobile number will be kept confidential.We take it:You have consented to the persons concerned to create their records through your account.
Your account or mobile number shall not include the name of another person with the intent to impersonate that person.,तुमच्या खात्यात किंवा मोबाईल नंबरमध्ये त्या व्यक्तीची तोतयागिरी करण्याच्या हेतूने दुसर्या व्यक्तीचे नाव समाविष्ट नसावे., Your account or mobile number should not include another person's name for the purpose of identifying that person.
You shall not use another user's account without their permission.,तुम्ही दुसर्या वापरकर्त्याचे खाते त्यांच्या परवानगीशिवाय वापरू नये.,eng.mr you should not use another user's account without their permission.
"You shall immediately notify us in writing, if you discover any unauthorized use of your account or other account-related security breach.","तुम्हाला तुमच्या खात्याचा कोणताही अनधिकृत वापर किंवा इतर खाते-संबंधित सुरक्षा उल्लंघन आढळल्यास, तुम्ही आम्हाला त्वरित लेखी सूचित कराल.",": If you discover any unauthorized use of your account or other account-related security breach, you will promptly notify us in writing."
"If we receive a complaint that your account violates someone else's rights, or violates our policies we may cancel or block your account.",तुमचे खाते दुसर्याच्या अधिकारांचे उल्लंघन करत असल्याची किंवा आमच्या धोरणांचे उल्लंघन करत असल्याची तक्रार आम्हाला मिळाल्यास आम्ही तुमचे खाते रद्द करू किंवा ब्लॉक करू.,"eng.mrv.If we receive a complaint that your account is violating someone else's rights or violating our policies, we will cancel or block your account."
"You shall not attempt to conceal your identity by using multiple Internet Protocol addresses or mobile no, or by any other means, to register participants on the Site",साइटवर सहभागींची नोंदणी करण्यासाठी तुम्ही एकाधिक इंटरनेट प्रोटोकॉल पत्ते किंवा मोबाइल नंबर वापरून किंवा इतर कोणत्याही मार्गाने तुमची ओळख लपवण्याचा प्रयत्न करू नका,eng.mr Don't try to hide your identity using multiple Internet protocol addresses or mobile numbers or in any other way to register participants on the site.
Poshan Tracker App is available in 22 different languagesThe various languages available are:EnglishHindiGujaratiPunjabiMarathiBanglaKannadaTamilTeluguMalyalamOdiaAssameseNepaliDogriKonkaniSindhiBodoMaithiliManipuriSanthaliUrduKashmiri,पोषण ट्रॅकर अॅप २२ वेगवेगळ्या भाषांमध्ये उपलब्ध आहे.उपलब्ध विविध भाषा या आहेतःइंग्रजीहिंदीगुजरातीपंजाबीमराठीबंगालकन्नडतमिळतेलुगुमल्याळमओडियाआसामीNepaliDogriKonkaniSindhiBodoMaithiliManipuriSanthaliUrduKashmiri,english hindiguzaratipanjabimarathibangalkanada tamilteligumalayalamodiyaasamiNepaliDogriKonkaniSindhiBodoMaithiliManipuriSanthaliUrduKashmiri
"The proposed system should enable real-time monitoring and tracking of all AWCs, AWWs and beneficiaries on the defined indicators.","प्रस्तावित सिस्टीमने निश्चित निर्देशकांवरील सर्व AWCs, AWWs आणि लाभार्थ्यांचे वास्तविक-वेळ देखरेख आणि ट्रॅक करण्यास सक्षम केले पाहिजे."," The proposed system should enable real-time monitoring and tracking of all AWCs, AWWs and beneficiaries on fixed directories."
How to Login in Poshan Tracker App?,पोषण ट्रॅकर अॅपमध्ये लॉग इन कसे करावे?,eng.jpg Bagaimana cara masuk ke aplikasi nutrition tracker?
Height and weight of child has not been measured,मुलाची उंची आणि वजन मोजले गेले नाही,engmr. boy's height and weight not measured
Calculator to measure the child growth based on the WHO Child Growth Standards.,डब्ल्यूएचओ चाइल्ड ग्रोथ स्टँडर्ड्सवर आधारित मुलांची वाढ मोजण्यासाठी कॅल्क्युलेटर,eng.mr Calculator to measure child growth based on WHO Child Growth Standards
TAKE HOME RATION (THR) GIVEN TODAY,आज दिले गेलेले घर रेशन (THR),eng.id Hari ini dibayarkan rasion rumah (THR)
A beneficiary is eligible for THR for at least 21 days in a month.,एक लाभार्थी महिन्यातून किमान 21 दिवस टीएचआर साठी पात्र आहे.,eng.org - A beneficiary is eligible for THR for at least 21 days per month.
 III. NOTICE REGARDING FUTURE CHANGES TO TERMS:, III. अटींमधील भविष्यातील बदलांबाबत सूचनाः,eng.Information on future changes to the Terms:
Planning And Organising Community Based Events At AWC,अंगणवाडी केंद्रामध्ये समुदाय आधारित कार्यक्रमांचे नियोजन आणि आयोजन,engr.org Planning and organizing community-based events in Anganwadi Centres
Please find the following steps to LoginStep 1- Click on Poshan Tracker Website https://poshantracker.,Please find the following steps to LoginStep 1- Click on Poshan Tracker Website https://poshantracker., Please find the following steps to LoginStep 1- Click on Poshan Tracker Website https://mrposhantracker.com/
inStep 2- Enter your registered Mobile Number and pre-set 4 digit MPIN.,inStep 2- Enter your registered Mobile Number and pre-set 4 digit MPIN.,engStep 2-Ketikkan Nomor Ponsel terdaftar dan pra-set MPIN 4 digit.
How AWWS can sign up on the app if they are unable to register via their mobile numbers?,अॅडब्ल्यूडब्ल्यूएस त्यांच्या मोबाईल नंबरद्वारे नोंदणी करण्यात अक्षम असल्यास अॅपवर कसे साइन अप करू शकते?,eng.WWs can't register using their mobile number.How can AWWs sign up for an app if it can't register using their mobile number?
Poshan Tracker adds new Reports feature,पोशन ट्रॅकरने नवीन अहवाल वैशिष्ट्य जोडले आहे,eng.mr Position Tracker has added a new reporting feature.
General Awareness about preventing illness in Children,मुलांमध्ये आजार टाळण्यासाठी सामान्य जागरूकता,eng.mr general awareness for preventing disease in children
2. HOW WE USE PERSONAL INFORMATION,2. आम्ही वैयक्तिक माहिती कशी वापरतो,eng.2. how do we use personal information?
The following are the Terms of Service (“Terms”) that govern your use of the Swastha Balak Balika Spardha Platform hosted at https://poshantracker.,"The following are the Terms of Service (""Terms"") that govern your use of the Swastha Balak Balika Spardha Platform hosted at https://poshantracker.","eng: The following are the Terms of Service (""Terms"") that govern your use of the Swastha Balak Balika Spardha Platform hosted at https://poshantracker."
"in, and all associated sites linked to it, its subsidiaries, and affiliates (collectively, the “Site”).","in, and all associated sites linked to it, its subsidiaries, and affiliates (collectively, the ""Site"").","eng, and all associated sites linked to it, its subsidiaries, and affiliates (collectively, the ""Site"")."
Please provide your mobile number and a ticket number.,कृपया तुमचा मोबाईल नंबर आणि तिकीट क्रमांक द्या., Please provide your mobile number and ticket number.
Please contact your respective Anganwadi worker.,कृपया तुमच्या संबंधित अंगणवाडी सेविकेशी संपर्क साधा., Please contact your respective Anganwadi servant.mr
SAM Children under 5 years who received Supplementary Nutrition,सॅम 5 वर्षाखालील मुले ज्यांना पूरक पोषण मिळाले,eng. sam sam children under 5 years old who received supplemental nutrition
OPV-1Pentavalent-1Rotavirus Vaccine (RVV)-1Fractional dose of Inactivated Polio Vaccine (fIPV)-1Pneumococcal Conjugate Vaccine (PCV) -1,ओपीव्ही-1पेंटावॅलेंट-1रोटाव्हायरस व्हॅक्सिन (आरव्हीव्ही)-1फ्रॅक्शनल डोस ऑफ इनॅक्टिवेटेड पोलिओ व्हॅक्सिन (एफएलपीव्ही)-1न्यूमोकोकल काॅन्जुगेट व्हॅक्सिन (पीसीव्ही)-1,eng.opv-1pentavalent-1rotovirus vaccine (rvv)-1fractional dose of inactivated polio vaccine (flpv)-1pcv-1pcv-1
Height should be between 38 to 150,उंची 38 ते 150 च्या दरम्यान असावी,eng must be between 38 and 150mm
How to contact Poshan Tracker Team?,पोषण ट्रॅकर कार्यसंघाशी संपर्क कसा साधावा?,eng.mrCara menghubungi tim pelacak gizi?
Take Home Ration (THR) Given Today,आज दिले गेलेले घर रेशन (THR),eng.id Hari ini dibayarkan rasion rumah (THR)
How many different forms are there in Poshan Tracker App?,पोषण ट्रॅकर अॅपमध्ये किती भिन्न प्रकारचे फॉर्म आहेत?,eng.mr Ada berapa macam bentuk dalam aplikasi nutrition tracker?
There are 7 different types of forms for beneficiaries.,लाभार्थींसाठी ७ वेगवेगळे प्रकारचे फॉर्म आहेत.,eng there are 7 different forms for beneficiaries.
This includes:Lactating motherPregnant womenChild 0-6 MonthsChild 6 Months to 3 YearsChild  3 Years to 6 YearsAdolescent Girls (11 Years-19 Years),यात हे समाविष्ट आहेः स्तनपान करणारी आईगर्भवती महिलामुलाचे ०-६ महिनेमुलाचे ६ महिने ते ३ वर्षांपर्यंतलहान मुले ३ वर्षे ते ६ वर्षेपौगंडावस्थेतील मुली (११ वर्षे-१९ वर्षे),eng include: Breastfeeding pregnant womanChildren 0-6 monthsChildren 6 months to 3 yearsChildren 3 years to 6 yearsTeenage girls (11 years to 19 years)
Shibpur I C D S Project,शिबपूर आयसीडीएस प्रकल्प, Shibpur ICDS Project
"In the recent one to three months, no Aanganwadi Worker has visited the beneficiary's home",अलिकडच्या एक ते तीन महिन्यांत एकाही अंगणवाडी सेविकेने लाभार्थ्यांच्या घरी भेट दिलेली नाही,eng.Multi-munti months no single Anganwadi worker has visited the beneficiaries' home.
You can register with your mobile number directly through the website https://poshantracker.,You can register with your mobile number directly through the website https://poshantracker., You can register with your mobile number directly through the website https://mrposhantracker.
in or by downloading the Poshan Tracker App.,in or by downloading the Poshan Tracker App.,"eng, or by downloading the Poshan Tracker App."
MPIN is a 4 digits passcode which is set by an Anganwadi worker while registering over the Poshan Tracker App.,एमपीन हा ४ अंकांचा पासकोड आहे जो पोषण ट्रॅकर अॅप वर नोंदणी करताना अंगणवाडी सेवकाने सेट केला असतो.,engr Mpin adalah kode 4 digit yang ditetapkan oleh Anganwadi Savihari saat mendaftar di aplikasi Nutrition Tracker.
"Specifications of Smart phone and Technical Compatibility Testing (02 February, 2021)","स्मार्ट फोन आणि तांत्रिक सुसंगतता चाचणीचे तपशील (०२ फेब्रुवारी, २०२१)",eng.mr Detail of Smartphone and Technical Consistency Test (02 February 2021)
Request for child's height and weight measurement,मुलाची उंची आणि वजन मोजण्यासाठी विनंती,eng.mr-Pensaian untuk mengukur ketinggian dan berat badan pria.
Children (6 months - 3 years),मुले (6 महिने - 3 वर्षे),eng.org - Kids (6 months - 3 years)
"We log usage data when you visit or otherwise use our Services, including our sites, app and platform technology.","तुम्ही आमच्या साइट्स, एप आणि प्लॅटफॉर्म तंत्रज्ञानासह आमच्या सेवांना भेट देता किंवा अन्यथा वापरता तेव्हा आम्ही वापर डेटा लॉग करतो."," When you visit or otherwise use our services, including our sites, apps, and platform technology, we log usage data."
"Result couldn't be fetch, please enter valid data","परिणाम शोधणे शक्य नाही, कृपया वैध डेटा प्रविष्ट करा","eng.mr Results cannot be found, please enter valid data."
Central Golaghat I. C. D. S. Project,मध्य गोलाघाट आयसीडीएस प्रकल्प,eng.mr Central Grasshopper ICDS Project
