eng,ne,mBART600M
The Site is directed to the people residing in India.,साइट भारतमा बस्ने मानिसहरूलाई निर्देशित गरिएको छ।,The site is directed to people living in India.
We do not represent that Content available on or through the Site is appropriate or available in other locations.,हामी प्रतिनिधित्व गर्दैनौं कि साइटमा वा मार्फत उपलब्ध सामग्री उपयुक्त छ वा अन्य स्थानहरूमा उपलब्ध छ।,We do not represent that the content available on or through the site is appropriate or available in other locations.
We may limit the availability of the Site or any service or product described on the Site to any person or geographic area at any time.,हामी कुनै पनि समयमा कुनै पनि व्यक्ति वा भौगोलिक क्षेत्रमा साइटमा वर्णन गरिएको साइट वा कुनै सेवा वा उत्पादनको उपलब्धता सीमित गर्न सक्छौं।,We may at any time restrict the availability of the site or any service or product described on the site to any person or geographic area.
"If you choose to access the Site from outside India, you do so at your own risk.","यदि तपाइँ भारत बाहिरबाट साइट पहुँच गर्न रोज्नुहुन्छ भने, तपाइँ आफ्नो जोखिममा यो गर्नुहुन्छ।","If you choose to access the site from outside India, you do so at your own risk."
Please go back to the homepage,कृपया होमपेजमा फिर्ता जानुहोस्,Please go back to the homepage.
Please enter Height greater than 29.99 and less than 140.01,कृपया 29.99 भन्दा बढी र 140.01 भन्दा कम उचाइ प्रविष्ट गर्नुहोस्,Please enter a height greater than 29.99 and less than 140.01ne.
"While login to the Poshan Tracker App, AWWs are required to enter the MPIN set by them.",पोषण ट्रेकर एपमा लगइन गर्दा AWW हरूलाई तिनीहरूले सेट गरेको MPI प्रविष्ट गर्न आवश्यक छ।,"When logging in to the Nutrition Tracker app, AWWs are required to enter the MPI they set."
This MPIN will act as a passcode to run the Poshan Tracker App and entering the information in the beneficiaries forms.,यो MPIN ले पोषण ट्र्याकर एप चलाउन र लाभार्थी फारमहरूमा जानकारी प्रविष्ट गर्न पासकोडको रूपमा काम गर्दछ।,This MPIN serves as a password to run the Nutrition Tracker app and enter information into beneficiary forms.
How to ensure timely initiation of complementary feeding,पूरक आहारको समयमै प्रारम्भ कसरी सुनिश्चित गर्ने,How to ensure timely start of dietary supplementationne
Poshan Tracker App can only be installed in Android Phone with Android version 6.0 and above.,पोषण ट्र्याकर एप केवल एन्ड्रोइड फोनमा एन्ड्रोइड संस्करण ६.० र माथिकोसँग मात्र स्थापना गर्न सकिन्छ।,The Nutrition Tracker app can only be installed on Android phones with Android version 6.0 and above.
General Awareness about Growth Monitoring of Children,बालबालिकाको बृद्धि अनुगमनको बारेमा सामान्य जागरूकता,General awareness of child growth monitoring
Wasting is defined as low weight-for-height,बर्बादीलाई उचाइको लागि कम तौल भनेर परिभाषित गरिएको छ,Waste is defined as low weight for height.
Hot Cooked Meal (HCM) Given Today,आज दिएको खाजा(HCM) एकदम पकाउनुहोस,Cook the lunch you gave me today thoroughly.
There are 6 categories for beneficiariesPregnant WomenLactating MotherChildren from 0 to 6 monthsChildren from 6 months to 3 yearsChildren from 3 years to 6 yearsAdolescent girls,लाभार्थीहरूको लागि 6 वर्गहरू छन्गर्भवती महिलास्तनपान गराउने आमा0 देखि 6 महिना सम्मका बालबालिका6 महिनादेखि 3 वर्षसम्मका बालबालिका3 वर्ष देखि 6 वर्ष सम्मका बालबालिकाकिशोरी केटीहरु,There are 6 classes for beneficiaries: Pregnant women nursing mothers0 to 6 months of age children6 months to 3 years of age children3 years to 6 years of age children teenage girls
"Data Plan for Mobile Application (01 March, 2021)","मोबाइल अनुप्रयोगका लागि डाटा योजना (०१ मार्च, २०२१)","Data plan for mobile applications (including data plan for mobile applications) (March 01, 2021)"
 VIII. LIMITATIONS OF MULTI- LINGUAL INTERFACE, VIII. बहु-भाषिक इन्टरफेसको सीमाहरू,VIIIne. Limits of multilingual interface are limited.
Srijangram I. C. D. S. Project,श्रीजनग्राम आईसीडीएस परियोजना,The Srijanagram ICDS project is being implemented in Sri Lanka.
"We may investigate any violation of these Terms, including unauthorized use of the Site.",हामी साइटको अनाधिकृत प्रयोग सहित यी सर्तहरूको कुनै पनि उल्लङ्घनको अनुसन्धान गर्न सक्छौं।,"We may investigate any violation of these terms, including unauthorized use of the site."
We may provide law enforcement with information you provide to us related to your transactions to assist in any investigation or prosecution of you.,हामीले कानून प्रवर्तनलाई तपाइँको कुनै पनि अनुसन्धान वा अभियोजनमा सहयोग गर्न तपाइँको लेनदेनसँग सम्बन्धित जानकारी प्रदान गर्न सक्छौं।,We may provide information related to your transaction to assist law enforcement in any of your investigations or prosecutions.
We may take legal action that we feel is appropriate.,हामीले उचित ठानेका कानुनी कारबाही गर्न सक्छौं।,We can take legal action that we feel is appropriate.
Poshan Calculator helps to identify various health conditions of the child as per World Health Organization (WHO) standards,पोशन क्याल्कुलेटर विश्व स्वास्थ्य संगठन (डब्लूएचओ) मापदण्ड अनुसार बच्चाको विभिन्न स्वास्थ्य अवस्थाहरूलाई मान्यता दिन मद्दत गर्दछ।,The Nutrition Calculator helps to identify the various health conditions of the child according to the World Health Organization (WHO) standards.
How to take care of weak newborn with the help of Kangaroo Mother Care,कंगारु आमाको हेरचाह सहयोगमा कमजोर नवजात शिशुको हेरचाह कसरी गर्न,Kangaroo mother care helps in caring for a vulnerable newborn baby.
"Any liabilities civil or criminal, arising out of any incorrect data, shall solely lie with the concerned ASP.",कुनै पनि गलत डाटाबाट उत्पन्न हुने कुनै पनि दिवाणी वा फौजदारी दायित्वहरू सम्बन्धित एएसपीसँग मात्र हुनेछ।,Ne any liabilities arising from any false data will be solely with the respective ASP.
Poshan Tracker App is available over Google playstore https://play. google. com/store/apps/details?,पोषण ट्र्याकर अनुप्रयोग गुगल प्लेस्टोर https://play.google.com/store/apps/details?,Nutrition tracker app from the Google Play Store https://ne.play.google.com/store/apps/details?
Can App be accessed without internet?,के यो एप इन्टरनेटबिना पहुँच गर्न सकिन्छ?,Is this app accessible without the internet?
The Government has taken several initiatives to break the intergenerational cycle of malnutrition in children.,बालबालिकाहरूमा कुपोषणको बिचको अन्तरक्रिया चक्र तोड्न सरकारले धेरै पहल गरेको छ।,The government has taken several initiatives to break the cycle of interaction between malnutrition in children.
"Adopting a life-cycle approach, interventions have been designed to meet the nutritional requirement of adolescent girls and boys, pregnant women, lactating mothers and children.",एक जीवन चक्र दृष्टिकोण हस्तक्षेप अपनाउने किशोर किशोरीहरू र केटाहरूलाई गर्भवती महिलालाई स्तनपान गराउने आमाहरू र बच्चाहरूको पोषण आवश्यकता पूरा गर्न डिजाइन गरिएको हो ।,A life cycle approach is designed to meet the nutritional needs of mothers and babies who are breastfeeding pregnant women and teenage boys who adopt interventions.
Awareness for Pregnancy in Preventing Anemia,रक्तअल्पता रोक्न को लागी गर्भावस्थाको लागी जागरूकता,Awareness of pregnancy to prevent anemia and to prevent anemia.
"Howrah North (U) I. C. D. S. Project, Howrah","हावडा उत्तर (यु) आईसीडीएस परियोजना, हावडा","Hawada North (Une) ICDS project, Hawada"
Birth Preparedness- For Institutional and Home Delivery,जन्म तयारी - संस्थागत र घर वितरण को लागी,Birth preparation - for institutional and home distribution.
New beneficiary addition with skip OTP option,नयाँ लाभार्थी थप्दा OTP नलगाई अगाडि जान सकिने विकल्प,The option to know before adding a new beneficiary is to opt out of the OTP.
We are now available on Video Conference,हामी अब भिडियो कन्फरेन्समा उपलब्ध छौं,We are now available via videoconference.
"Poshan Tracker App is meant for Aanganwadi workers, Anganwadi centers to enter beneficiaries data in the forms.","पोषण ट्रयाकर एपलाई लाभार्थीहरूको डाटा फाराममा लगाउ अंगनवाडी कार्यकर्ता, अंगनवाडी केन्द्रका लागि हो।","Install the Nutrition Tracker app in the beneficiaries' data form and it is for the Anganwadi worker, the Anganwadi Centre."
It is not at all developed for general public.,यो सामान्य जनताको प्रयोगका लागि होइन।,It is not for the use of the general public.
Swastha Balak/Balika Spardha Mission is about celebrating the health of children in India.,Swastha Balak/Balika Spardha Mission is about celebrating the health of children in India.,Swastha Balak/Balika Spardha Mission is about celebrating the health of children in India.
It entails identification and awareness of health conditions and providing necessary support wherever required.,It entails identification and awareness of health conditions and providing necessary support wherever required.,It involves identifying and raising awareness of health conditions and providing necessary support wherever needed.
”Our Privacy Policy applies when you use our Services (described below).,"""Our Privacy Policy applies when you use our Services (described below).","""Our Privacy Policy applies when you use our Services (described below)."
"This Privacy Policy is meant to help you understand what information we collect, why we collect it, and how it is used and shared.","This Privacy Policy is meant to help you understand what information we collect, why we collect it, and how it is used and shared.","This Privacy Policy is intended to help you understand what information we collect, why we collect it, and how it is used and shared."
The collecting and retaining agency in respect of your information is Ministry of Women and Child Development.,The collecting and retaining agency in respect of your information is Ministry of Women and Child Development.,The agency collecting and retaining your information is the Ministry of Women and Child Development.
We are committed to protecting the security of your personal information and safeguarding your privacy.,We are committed to protecting the security of your personal information and safeguarding your privacy.,We are committed to protecting the security of your personal information and safeguarding your privacy.
How to revive your health if you are Underweight,यदि तपाई कम तौल हुनुहुन्छ भने तपाईको स्वास्थ्यलाई कसरी पुनर्जीवित गर्ने,"If you are underweight, how can you restore your health?"
Can a beneficiary change his/her AWC?,के लाभार्थीले आफ्नो एडब्ल्यूसी परिवर्तन गर्न सक्नुहुन्छ?,Can the beneficiary change his or her AWS?
"We use the information we have, to help verify accounts.","हामीसँग भएको जानकारी प्रयोग गर्छौं, खाताहरू प्रमाणित गर्न मद्दत गर्न।",We use the information we have to help authenticate accounts.
The records may be used for verification of health status for the purposes of Poshan Tracker control and response.,अभिलेखहरू पोशन ट्र्याकर नियन्त्रण र प्रतिक्रियाको उद्देश्यका लागि स्वास्थ्य स्थिति प्रमाणीकरणको लागि प्रयोग गर्न सकिन्छ।,The records of the nutrition tracker can be used for health status verification for the purpose of control and response.
Scan the QR Code to Download the App,एन्ड्रोइडका लागि मात्र एप डाउनलोड गर्न स्क्यान गर्नुहोस्,Scan to download an app for Android onlyne scan to download an app for Android onlyne
Who is eligible for Hot Cooked Meal?,तातो पकाएको खानाको लागि को योग्य छ?,Who is eligible for hot-cooked meals?
Identifying and preventing Severe Acute Malnutrition,गम्भीर तीव्र कुपोषणको पहिचान र रोकथाम गर्ने,Identifying and preventing severe acute malnutrition.
Children who are identified as deficit on nutrition are eligible for additional food supplements.,पोषणमा कमीको रूपमा पहिचान गरिएका बालबालिकाहरू थप खाद्य पूरकहरूका लागि योग्य छन्।,Children who are identified as malnourished are eligible for additional food supplements.
Who is eligible for additional supplementary food.,थप पूरक खाना को लागी को योग्य छ।,Additional supplements are eligible for food.
"Uploading of Data of Anganwadi Services Schemes in Poshan Tracker (24 May, 2021)","पोषण ट्रयाकरमा आगनबाडी सेवा योजनाहरूको डेटा अपलोड (२४ मे, २०२१)","Upload data of the Agnbaadi service plans to the Nutrition Tracker (May 24, 2021)"
Children between 6 months - 3 years,६ महिना - ३ बर्षबीचका बच्चाहरू,Children between the ages of 6 months and 3 years old.
"Ministry of Women and Child Development, Government of India, Shastri Bhawan, New Delhi","महिला तथा बाल विकास मन्त्रालय, भारत सरकार, शास्त्री भवन, नयाँ दिल्ली","Ministry of Women and Child Development, Government of India, Shastri Bhawan, New Delhi"
Care of the weak newborn baby - How many weak babies are we missing?,कमजोर नवजात शिशुको हेरचाह - हामी कति कमजोर बच्चाहरू हराउँदै छौं?,Weakness-based baby care - how many vulnerable babies are we losing?
Underweight children who received Supplementary Nutrition,कम तौलका बालबालिका जसले पूरक पोषण पाएका छन्,Ne low-weight children who have received nutritional supplements.
This defense and indemnification obligation will survive this Agreement and your use of the Service and Website/App.,यो प्रतिरक्षा र क्षतिपूर्ति दायित्व यो सम्झौता र सेवा र वेबसाइट/एप को तपाईंको प्रयोग जीवित रहनेछ।,This immunity and indemnity liability will survive this agreement and your use of the service and website/app.
Identification and care of a Weak Newborn baby,कमजोर नवजात शिशुको पहिचान र हेरचाह,Identifying and caring for a vulnerable newborn baby.
1.2. Information from use of services.,1.2. सेवाहरूको प्रयोगबाट जानकारी।,1.2.ne Information from the use of the Services.
Please contact your respective Anganwadi Centre.,कृपया आफ्नो सम्बन्धित आंगनवाडी केन्द्रमा सम्पर्क गर्नुहोस्।,Please contact your respective Anganwadi Centre.ne.
GOBARDANGA I. C. D. S PROJECT(U),गोबरडंगा आईसीडीएस परियोजना (यु),The Goberdanga ICDS project (Une) is being implemented by the ICDS.
Please fill in the form below to create a new ticket.,नयाँ टिकट सिर्जना गर्न कृपया तलको फारम भर्नुहोस्।,"To create a new ticket, please fill out the form below.ne"
Anganwadi Worker will reach out to you within 48 hours.,आंगनवाडी कामदार 48 घण्टा भित्र तपाईं सम्म पुग्नेछ।,An Anganwadi worker will reach you within 48 hours.
Please note down the ticket number for future reference.,कृपया भविष्यको सन्दर्भका लागि टिकेट नम्बर नोट गर्नुहोस्।,Please note the ticket number for future reference.
Poshan Tracker is a project of Ministry of Women and Child Development.,पोषण ट्र्याकर (Poshan Tracker) महिला तथा बाल विकास मन्त्रालयद्वारा आयोजना गरिएको हो ।,Posnehan Tracker is organized by the Ministry of Women and Child Development.
Digital India Corporation is the technical partner of MoWCD.,डिजिटल इन्डिया कर्पोरेशन एमओडब्ल्युसीडी (MoWCD) को प्राविधिक साझेदार हो।,Digital India Corporation is the technical partner of MOWCD.
Poshan Tracker focuses on eradication of malnutrition from India.,पोषण ट्र्याकर (Poshan Tracker) भारतबाट कुपोषण उन्मूलनको कार्यमा केन्द्रित छ।,Posnehan Tracker is focused on eliminating malnutrition from India.
It serves as a mechanism to monitor and improvise on the service delivery under Poshan Abhiyaan,यसले पोषण अभियान अन्तर्गत सेवा प्रवाहमा अनुगमन र सुधार गर्ने संयन्त्रको रूपमा काम गर्दछ,It serves as a mechanism for monitoring and improving the flow of services under the Nutrition Campaignne.
Is poshan trackers app available over Apple I Store also?,पोषण ट्र्याकर एप एप्पल आई स्टोरमा पनि उपलब्ध छ?,Is the nutrition tracker app available on the Apple I Store as well?
Number of records becoming inactive and number of records migrating from one category to another,निष्क्रिय हुने रेकर्डहरूको संख्या र एक श्रेणीबाट अर्को श्रेणीमा सर्ने रेकर्डहरूको संख्या,The number of records that are deactivated and the number of records that are moved from one category to another.
In How many languages the Poshan Tracker App is available?,पोषण ट्र्याकर अनुप्रयोग कति भाषाहरूमा उपलब्ध छ?,How many languages is the Nutrition Tracker app available?
AWWs are requested to enter their mobile numbers in the Login screen.,AWW हरूलाई लगइन स्क्रिनमा आफ्नो मोबाइल नम्बर प्रविष्ट गर्न अनुरोध गरिन्छ।,AWWs are asked to enter their mobile number on their login screen.
"An OTP will be sent to your registered mobile number, post which you are required too set your MPIN.","एउटा OTP आफ्नो दर्ता मोबाइल नम्बर, तपाईलाई आफ्नो MPIN सेट गर्न चाहिने पोस्टमा पठाइनेछ।","An OTP will be sent to your registered mobile number, the post you need to set your MPINne."
Measles Containing vaccine (MCV)/MR-2JE-2**DiphtheriaPertussis & Tetanus (DPT)-Booster-1OPV –Booster,दादुरा युक्त खोप(एमसीवी)/एमआर -2जेई-2**भ्यागुते रोगपर्ट्युसिस र टिटानस(डीपीटी)-बोस्टर -1ओपीवी - बोस्टर,The vaccine containing the scrotum (ne MCV) /MR-2JE-2** is a booster for patients with pathogenesis and titanus (DPT) - booster -1OPV - booster.
The Poshan Tracker enables real-time monitoring and tracking of all AWCs and beneficiaries on defined indicators.,पोशन ट्रयाकरले परिभाषित सूचकहरूमा सबै एडब्ल्यूसीहरु र लाभार्थीहरूको वास्तविक-समय निगरानी र ट्र्याकिङ सक्षम बनाउँछ।,The position tracker enables real-time monitoring and tracking of all AWCs and beneficiaries across defined indicators.
It is built using centralized data architecture that also aligns with the digital technology systems of other ministries and programs.,यो केन्द्रीकृत डाटा आर्किटेक्चर प्रयोग गरेर बनाइएको हो जुन अन्य मन्त्रालय र कार्यक्रमहरूको डिजिटल प्रविधि प्रणालीहरूसँग पनि पङ्क्तिबद्ध हुन्छ।,It is built using a centralized data architecture that is aligned with the digital technology systems of other ministries and programs.
The public dashboard helps to impart transparency on services delivered to beneficiaries,सार्वजनिक ड्यासबोर्डले लाभार्थीहरूलाई प्रदान गरिएका सेवाहरूमा पारदर्शिता प्रदान गर्न मद्दत गर्दछ,Public dashboards help beneficiaries to provide transparency in the services provided.
Translations on the Poshan Tracker Portal & App Chabot are done by third party translators.,पोशन ट्रयाकर पोर्टल र एप चाबोट मा अनुवाद तेस्रो पक्ष अनुवादकहरु द्वारा गरिन्छ।,Translations into the POSsion Tracker Portal and App Keyboard are performed by third-party translators.
"While the translations are done on a best effort basis, some of the parts may be incorrect.","जबकि अनुवादहरू उत्कृष्ट प्रयासको आधारमा गरिन्छ, केही भागहरू गलत हुन सक्छन्।","While translations are made on the basis of outstanding effort, some parts may be wrong."
Certain files and other items on the website cannot be translated.,वेबसाइटमा रहेका निश्चित फाइलहरू र अन्य वस्तुहरू अनुवाद गर्न सकिँदैन।,The fixed files and other objects on the website cannot be translated.
"In addition, on translation, some applications and/or services may not function as expected, due to language barriers.","थप रूपमा, अनुवादमा, केही अनुप्रयोगहरू र/वा सेवाहरूले भाषा अवरोधहरूको कारणले अपेक्षित रूपमा काम नगर्न सक्छन्।","Furthermore, in translation, some applications and/or services may not work as expected due to language barriers."
"We are working constantly to rectify any errors, omissions, or ambiguities in the translations provided on this portal.","हामी यस पोर्टलमा प्रदान गरिएका अनुवादहरूमा कुनै त्रुटि, भूल वा अस्पष्टताहरू सुधार गर्न निरन्तर काम गरिरहेका छौं।","We are continuously working to correct any errors, errors or ambiguities in the translations provided on this portal."
"The MGRS collected primary growth data and related information from approximately 8500 children from widely different ethnic backgrounds and cultural settings (Brazil, Ghana, India, Norway, Oman and the USA)","एमजीआरएस ले व्यापक रूपमा विभिन्न जातीय पृष्ठभूमि र सांस्कृतिक सेटिङहरू (ब्राजिल, घाना, भारत, नर्वे, ओमान र यूएसए) बाट लगभग 8500 बालबालिकाहरूबाट प्राथमिक वृद्धि डेटा र सम्बन्धित जानकारी सङ्कलन गरेको छ।","MGRS has extensively collected primary growth data and related information from approximately 8500 children from various ethnic backgrounds and cultural settings (Brazil, Ghana, India, Norway, Oman and USA)."
Children of different age groups are monitored on monthly basis by AWWs.,विभिन्न उमेर समूहका बालबालिकालाई एडब्ल्यूडब्ल्यूहरु द्वारा मासिक रूपमा अनुगमन गरिन्छ।,Children of different ages are monitored monthly by the WWs.
"Health indicators like Stunting, Wasting and Underweight prevalence are measured as per WHO standards.","डब्लुएचओको मापदण्ड अनुसार स्वास्थ्य परिसूचकहरू जस्तै स्टन्टिङ, बर्बादी र कम तौलको प्रचलन मापन गरिन्छ।","According to WHO standards, health parameters such as stunting, waste and low-weight movement are measured."
Regular growth monitoring helps AWWs to provide relevant and timely assistance to children,नियमित वृद्धि अनुगमनले एडब्ल्यूडब्ल्यूहरु लाई बच्चाहरूलाई सान्दर्भिक र समयमै सहायता प्रदान गर्न मद्दत गर्छ,Regular growth monitoring helps AWWs provide children with relevant and timely support.
"Awareness for Children Stunting, Wasting to prevent malnutrition in children","बच्चाहरूमा कुपोषण रोक्न को लागी अविकसित बच्चाहरू, बर्बादका लागी जागरूकता","To prevent malnutrition in children, to prevent underdeveloped children, to raise awareness of waste."
Poshan Tracker adds new application features,पोशन ट्र्याकर (Poshan Tracker) ले नयाँ अनुप्रयोग सुविधाहरू थप्छ,Posnehan Tracker also adds new application features.
Making or Updating Home Visit Planner and Initiating home visits,गृह भ्रमण योजनाकार बनाउने वा अद्यावधिक गर्ने र गृह भ्रमणहरू सुरु गर्ने,Make or update a home tour planner and start home visits.
Poshan Calculator is designed to measure growth of the child based on standards defined by World Health Organization (WHO),पोशन क्याल्कुलेटर विश्व स्वास्थ्य संगठन (डब्ल्यूएचओ) द्वारा व्याख्या मापदण्ड आधारित बच्चाको वृद्धि मापन गर्न डिजाइन हो।,The nutrition calculator is a device designed by the World Health Organization (WHO) to measure the growth of a child based on interpretation criteria.
Migrated from one category to another,एक श्रेणीबाट अर्को श्रेणीमा सरेको छ,The person has moved from one category to another.
It usually occurs when a person has not had food of adequate quality and quantity and/or they have had frequent or prolonged illnesses,यो सामान्यतया तब हुन्छ जब एउटा व्यक्तिले पर्याप्त गुणस्तर र मात्राको खाना खाएको छैन र/वा उसलाई बारम्बार वा लामो समयसम्म रोग लागेको छ।,This usually occurs when a person does not eat enough food in sufficient quantity and quality and/or has a recurrent or prolonged illness.
Malnutrition is one of the most important challenges facing contemporary India.,कुपोषण समकालीन भारतले सामना गर्ने सबैभन्दा महत्त्वपूर्ण चुनौती मध्ये एक हो।,Malnutrition is one of the most important challenges facing contemporary India.
Nutrition is acknowledged as central to the achievement of National and Global Sustainable Development Goals.,पोषण राष्ट्रिय र वैश्विक दिगो विकास लक्ष्यहरूको उपलब्धिको केन्द्रीय मानिन्छ।,Nutrition is considered central to achieving the national and global Sustainable Development Goals.
"Optimum and appropriate nutrition is essential for women and children to survive, thrive and break the intergenerational cycle of poor health and poverty in the community.",महिला र बालबालिकाका लागि बाँच्नका लागि इष्टतम र उपयुक्त पोषण आवश्यक छ फल फलाउन र समुदायमा गरिब स्वास्थ्य र गरीबीको बीचको चक्र तोड्न।,"To survive for women and children, optimal and adequate nutrition is neededne to bear fruit and break the cycle between poor health and poverty in the community."
"Poshan Abhiyaan is India’s flagship programme to improve nutritional outcomes for children, adolescents, pregnant women and lactating mothers by leveraging technology, a targeted approach and convergence.","पोषण अभियान भनेको बच्चा, किशोरकिशोरी, गर्भिणीहरूका लागि पोषण परिणामहरू सुधार गर्ने भारतको प्रमुख कार्यक्रम हो।","The Nutrition Campaign is India's premier program to improve nutritional outcomes for children, adolescents, pregnant women."
Uploading of Data of Anganwadi Services Schemes in Poshan Tracker,पोशन ट्र्याकरमा आंगनवाडी सेवाहरूको योजना को डेटा अपलोड गर्दै,"In the position tracker, he uploads data on the plan of Anganwadi services."
The Poshan Tracker generates automated alerts to the critical last-mile beneficiaries.,पोशन ट्र्याकरले महत्वपूर्ण अन्तिम-माइल लाभार्थीहरूलाई स्वचालित सतर्कहरू उत्पन्न गर्दछ।,The position tracker generates automatic alerts to the important end-mile beneficiaries.
It also ensures efficient audit of the delivery system by documenting real time attendance of beneficiaries and duty bearers.,यसले लाभार्थी र कर्तव्य वाहकहरूको वास्तविक समय उपस्थिति कागजात गरेर वितरण प्रणालीको कुशल लेखापरीक्षण पनि सुनिश्चित गर्दछ।,It also ensures efficient auditing of the delivery system by documenting the real-time presence of beneficiaries and duty carriers.
"This management information system will help the nutrition programme to scale efficiently, thereby generating and documenting positive impact","यस व्यवस्थापन सूचना प्रणालीले पोषण कार्यक्रमलाई प्रभावकारी रूपमा मापन गर्न मद्दत गर्नेछ, जसले गर्दा सकारात्मक प्रभावहरू उत्पन्न गर्न र दस्तावेजीकरण गर्न।","This management information system will help to effectively measure the nutrition program, thereby generating and documenting positive impacts."
How can one Download Poshan Tracker App?,कसैले पोषण ट्र्याकर एप कसरी डाउनलोड गर्न सक्छन्?,How can anyone download the Nutrition Tracker app?
"Clarification regarding Cost of Smart phones (03 June, 2021)","स्मार्ट फोनहरूका मुल्यको बारेमा स्पष्टीकरण (०३ जून, २०२१)","Explanation on the price of smartphones (June 03, 2021)"
along with status update once resolved,एक पटक समाधान भएपछि अद्यावधिक स्थितिमा आउने,"Once resolved, it will be brought back to an even more up-to-date state."
"The Poshan Tracker system is regularly audited by auditors engaged by MWCD, for security and scalability of the system.",प्रणालीको सुरक्षा र स्केलेबिलिटीको लागि एमडब्ल्यूसीडी द्वारा संलग्न लेखा परीक्षकहरूद्वारा पोशन ट्र्याकर प्रणाली नियमित रूपमा लेखा परीक्षण गरिन्छ।,The position tracker system is regularly audited by the attending auditors by MWCD for the security and scalability of the system.
The records may be used for such audits.,त्यस्ता लेखापरीक्षणका लागि अभिलेखहरू प्रयोग गर्न सकिन्छ।,and records can be used for such audits.
Poshan Tracker adds new Resources on Website,पोशन ट्र्याकर ले वेबसाइट सुविधामा नयाँ स्रोतहरू थप्छ,The position tracker takes new resources to the website feature and adds them to the website feature.
"Technology under Poshan Tracker is being leveraged for dynamic identification of stunting, wasting, under-weight prevalence among children and last mile tracking of nutrition service delivery","पोशन ट्रयाकर अन्तर्गतको प्रविधिलाई बालबालिकामा स्टन्टिङ, बर्बादी, कम तौलको प्रचलन र पोषण सेवा वितरणको अन्तिम माइल ट्र्याकिङको गतिशील पहिचानको लागि प्रयोग गरिएको छ।","The technology underne Position Tracker has been used to dynamically identify stunting, waste, low-weight movement and last mile tracking of nutrition service delivery in children."
The System also takes feedback about system performance and experience.,प्रणालीले प्रणाली प्रदर्शन र अनुभवको बारेमा प्रतिक्रिया पनि लिन्छ।,The system also takes feedback about the performance and experience of the system.
"Information on name, mobile number, date of registration and health status may be used for these purposes","नाम, मोबाइल नम्बर, दर्ता मिति र स्वास्थ्य स्थिति जानकारी यी उद्देश्यका लागि प्रयोग गर्न सकिन्छ","Name, mobile number, registration date and health status informationne can be used for these purposes."
"We collect the content and other information that you provide when you use our Services, including when you sign up for an account.",तपाईंले खाताको लागि साइन अप गर्दा लगायत तपाईंले हाम्रा सेवाहरू प्रयोग गर्दा तपाईंले उपलब्ध गराउनुहुने सामग्री र अन्य जानकारी हामी सङ्कलन गर्छौं।,"We collect the content and other information you provide when you use our services, including when you sign up for an account."
"You may, however, choose not to share personal data where providing the data is optional.","तथापि, तपाईले व्यक्तिगत डेटा साझेदारी नगर्ने छनौट गर्न सक्नुहुन्छ जहाँ डेटा उपलब्ध गराउने वैकल्पिक छ।","However, you can choose not to share personal data where data provision is optional."
Tracking of services to the end beneficiary at a click of a button.,एक बटनको क्लिकमा अन्तिम लाभार्थीलाई सेवाहरूको ट्र्याकिङ।,Tracking services to the ultimate beneficiary with the click of a button.
"Services like Take Home Ration (THR) and Hot cooked Meal (HCM), vaccination for Infants and Pregnant Women","घरको राशन लिनुहोस् (टीएचआर) र तातो पकाएको खाना (एचसीएम), शिशुहरू र गर्भवती महिलाहरूको लागि खोप जस्ता सेवाहरू","Take home ration (THR) and hot cooked food (HCM), vaccines for infants and pregnant women, and other services."
"New Poshan Tracker App (13 January, 2021)","नयाँ पोषण ट्र्याकर एप (१३ जनवरी, २०२१)","A new nutrition tracker app called Ne (January 13, 2021)"
Preventing illnesses to avert Malnutrition and Death,कुपोषण र मृत्युबाट बच्नको लागि रोगहरू रोक्न,"To prevent malnutrition and death, prevent diseases."
Scan the QR Code to Download the App,एप डाउनलोड गर्न क्यूआर कोड स्क्यान गर्नुहोस्,"To download the app, scan the QR code or scan the app."
Pregnant women who received Take Home Ration (THR),घरको राशन लिनुहोस् (टीएचआर) प्राप्त गर्ने गर्भवती महिलाहरू,Ne take home ration (THR) pregnant women who receive it.
General Awareness on SAM and MAM,एसएएम र एमएएम सामान्य जागरूकता,SAM and MAM are general awareness.
"App can be accessed offline, currently daily tracking feature is available for offline data entry.Offline mode can store latest 3 days data.","सकिँदैन, कुनै पनि एपलाई मान्य इन्टरनेट जडानबिना चलाउन सकिँदैन।",No app can be run without a valid internet connection.
These organizations will not use the APIs/ No-code webpage integration to encourage or promote illegal activity or violation of third-party rights including these Terms with Poshan Tracker.,यी सङ्गठनहरूले एपीआई/ नो-कोड वेबपेज एकीकरण प्रयोग गर्दैनन् गैरकानूनी गतिविधि वा तेस्रो-पक्ष अधिकारहरूको उल्लङ्घनलाई प्रोत्साहित गर्न वा पोशन ट्र्याकरसँग यी सर्तहरू सहित।,These organizations do not use API/no-code webpage integration to encourage illegal activity or violation of third-party rights or to posture tracker including these terms.
"Pregnant Women, Lactating Mothers, Children from 6 months to 3 years and adolescent girls.","गर्भवती महिला, स्तनपान गराउने आमाहरू, 6 महिनादेखि 3 वर्षसम्मका बालबालिका र किशोरी केटीहरु।","Pregnant women, nursing mothers, children from 6 months to 3 years old and teenage girls."
"New Poshan Tracker App : CSC-SPV Nodal Person (02 February, 2021)","नयाँ पोषण ट्र्याकर एपः CSC-SPV नोडल व्यक्ति (०२ फेब्रुअरी, २०२१)","The new nutrition tracker app is CSC-SPV node person (February 02, 2021)"
An AWW can use ‘Migrate Beneficiary’ option to migrate a beneficiary from one AWC to another AWC basis their Aadhaar number.,एउटा एडब्ल्यूडब्ल्यू ले आधार संख्याको आधारमा एउटा एडब्ल्यूसी बाट अर्को एडब्ल्यूसी मा लाभार्थी स्थानान्तरण गर्न 'स्थानान्तरण लाभार्थी' विकल्प प्रयोग गर्न सक्छ।,An AWW may use the 'transfer beneficiary' option to transfer beneficiaries from one AWC to another based on the base number.
A beneficiary is eligible for HCM for at least 21 days in a month.,एउटा लाभार्थी एक महिनामा कम्तिमा 21 दिनको लागि एचसीएम को लागी योग्य हुन्छ।,A beneficiary is eligible for HCM for at least 21 days a month.
ABHA (Health ID) and its Benefits,एबीएचए (स्वास्थ्य आईडी) र यसका फाइदाहरू,ABHA (Health ID) and its benefitsne.
"We'ar sorry, the page you requested could not be found.",हामी क्षमाप्रार्थी छौं तपाईंले अनुरोध गर्नुभएको पृष्ठ भेटिएन।,We apologizene the page you requested was not found.
Dadra & Nagar Haveli - Daman & Diu,दादरा र नगर हवेली - दमन र दीव,Dadra and Nagar mansion - Daman and Diu
Download Mobile App from Play Store,प्ले स्टोरबाट मोबाइल एप डाउनलोड गर्नुहोस्,Download the mobile app from the Play Store or download it from the Play Store.
"Further, whenever you change or access your account on the System or any information relating to it, we offer the use of a secure server.","यसबाहेक, जब तपाइँ प्रणालीमा तपाइँको खाता वा यससँग सम्बन्धित कुनै जानकारी परिवर्तन गर्नुहुन्छ वा पहुँच गर्नुहुन्छ, हामी सुरक्षित सर्भरको प्रयोग प्रस्ताव गर्दछौं।","In addition, when you change or access your account or any information related to it on our system, we offer the use of a secure server."
General Awareness on the Delivery of the child,बच्चाको डेलिभरीमा सामान्य जागरूकता,General awareness of childbirth in childbirth.
"We also use the data to operate our services, which includes analyzing our performance, meeting our legal obligations, developing our workforce, and doing research.","हामी हाम्रा सेवाहरू सञ्चालन गर्नका लागि पनि डाटा प्रयोग गर्छौं, जसमा हाम्रो कार्यसम्पादनको विश्लेषण, हाम्रा कानुनी दायित्वहरू पूरा गर्ने, हाम्रो कार्यबलको विकास गर्ने र अनुसन्धान गर्ने समावेश छ।","We also use data to operate our services, including analyzing our performance, fulfilling our legal obligations, developing and researching our workforce."
Where can I enquire about Hot Cooked Meal?,तातो पकाएको खानाको बारेमा मैले कहाँ सोधपुछ गर्न सक्छु?,Where can I inquire about hot cooked food?
"The Site may contain links to other websites that may not be owned, maintained, or operated by us.","साइटले अन्य वेबसाइटहरूको लिङ्कहरू समावेश गर्न सक्छ जुन हाम्रो स्वामित्व, मर्मत, वा सञ्चालन हुन सक्दैन।","The site may contain links to other websites that we do not own, maintain, or operate."
"The fact that these websites are linked, does not indicate any endorsement of these websites from us, since we do have any control over these websites.","यी वेबसाइटहरू लिङ्क गरिएको तथ्यले यी वेबसाइटहरूको कुनै पनि समर्थनलाई हामीबाट संकेत गर्दैन, किनकि हामीसँग यी वेबसाइटहरूमा कुनै नियन्त्रण छ।","The fact that these websites are linked to each other does not indicate any support for these websites from us, as we have no control over these websites."
We are not responsible for these websites including any content or the privacy practices of these websites.,हामी यी वेबसाइटहरूको लागि कुनै पनि सामग्री वा यी वेबसाइटहरूको गोपनीयता अभ्यासहरू सहित जिम्मेवार छैनौं।,We are not responsible for any content or privacy practices of these websites.
We strongly encourage you to familiarize yourself with the terms of use of these websites.,हामी तपाईंलाई यी वेबसाइटहरूको प्रयोगका सर्तहरूसँग परिचित हुन दृढताका साथ प्रोत्साहन दिन्छौं।,We strongly encourage you to familiarize yourself with the terms of use of these websites.
Your use of these websites is at your own risk and peril.,यी वेबसाइटहरूको तपाईंको प्रयोग तपाईंको आफ्नै जोखिम र खतरामा छ।,Your use of these websites is at your own risk and risk.
In how many languages AWW can enter the data while filling up the form?,AWW वा AWC ले फारम भर्दा कति भाषाहरूमा डाटा प्रविष्ट गर्न सक्छन्?,How many languages can AWW or AWC enter data when filling out a form?
Children who are identified as deficit on nutrition are eligible for additional food supplements.,पोषणमा कमीको रूपमा पहिचान गरिएका बालबालिकाहरू थप खाद्य पूरकहरूका लागि योग्य छन्।,Children who are identified as malnourished are eligible for additional food supplements.
An underweight person is a person whose body weight is considered too low to be healthy,कम तौल भएको व्यक्ति एउटा व्यक्ति हो जसको शरीरको तौल स्वस्थ हुनको लागि धेरै कम मानिन्छ,A person of low weight is a person whose body weight is considered too low to be healthy.
When and how to use MPIN?,MPIN कहिले र कसरी प्रयोग गर्ने?,When and how to use MPne?
Ensuring that complementary feeding improves over time,समयसँगै पूरक आहारमा सुधार हुन्छ भन्ने सुनिश्चित गर्दै,Ensuring that dietary supplements improve over time.
Using ABHA (Health ID) is the first step towards creating safer and efficient digital health records for you and your family.,एबीएचए (स्वास्थ्य आईडी) को प्रयोग गर्नु भएको मा तपाईं र तपाईंको परिवारको लागि सुरक्षित र प्रभावकारी डिजिटल स्वास्थ्य अभिलेख सिर्जना गर्ने पहिलो कदम हो।,Using ABHA (Health ID) is the first step in creating a safe and effective digital health record for you and your family.
ABHA (earlier known as Health ID) is an acronym for Ayushman Bharat Health Account.,एबीएचए (पहिले स्वास्थ्य आईडी भनेर चिनिन्थ्यो) आयुष्मान भारत स्वास्थ्य खाताको संक्षिप्त रूप हो।,ABHA (formerly known as Health ID) is an acronym for Ayushman Bharat Health Account.
AWW/AWCs can only be added by nodal level official.Anybody in the above rank in the hierarchy.,"AWW / AWC हरूलाई केवल नोडल स्तर अफिसियलद्वारा जोड्न सकिन्छ।पदमा माथि रहेको कसैले पनि थप्न सक्छ।राष्ट्रिय स्तरमा जस्तै प्रयोगकर्ताले राज्य, जिल्ला, परियोजना र क्षेत्र स्तरको प्रयोगकर्ता सिर्जना गर्न सक्छ।राज्य स्तरका प्रयोगकर्ताले जिल्ला, परियोजना र क्षेत्र स्तरको प्रयोगकर्ता सिर्जना गर्न सक्छ, जिल्ला स्तरका प्रयोगकर्ताले परियोजना र क्षेत्र स्तरको प्रयोगकर्ता सिर्जना गर्न सक्छ, परियोजना स्तरका प्रयोगकर्ताले क्षेत्र स्तरको प्रयोगकर्ता सिर्जना गर्न सक्छ।","AWWs/AWCs can only be linked by node-level official.Anyone above the level can add them.As at national level, a user can create a user at the state, district, project and region level.A user at state level can create a user at the district, project and region level, a user at district level can create a user at project and region level, a user at project level can create a user at region level."
Where can I enquire about take home ration?,मैले घरमा रासन लैजाने बारेमा कहाँ सोध्न सक्छु?,Where can I ask about taking home a ration?
We use the information we collect from all our services for the following purposes:,हामीले हाम्रा सबै सेवाहरूबाट सङ्कलन गरेको जानकारी निम्न उद्देश्यका लागि प्रयोग गर्छौंः,We use the information we collect from all our services for the following purposes:
Identification & Referral of Sick Newborn,बिरामी नवजात शिशुको पहिचान र सन्दर्भ,Identification and reference of a sick newborn.
 XIV. CORRECTNESS OF DATA PROVIDED BY THIRD PARTY SYSTEMS, XIV. तेस्रो पक्ष प्रणालीद्वारा प्रदान गरिएको डाटाको शुद्धता,XIV.ne. Accuracy of data provided by third party systems.ne
Who is eligible for Take Home Ration?,घरको राशन लिनुको लागि को योग्य छ?,Who is eligible to receive household ration?
Supporting mothers with issues in Breastfeeding,स्तनपानमा समस्या भएका आमाहरूलाई समर्थन गर्दै,Supporting mothers with breastfeeding problems.
"The proposed system should enable real-time monitoring and tracking of all AWCs, AWWs and beneficiaries on the defined indicators.","प्रस्तावित प्रणालीले परिभाषित संकेतकहरूमा सबै AWCहरू, AWWहरू र लाभार्थीहरूको वास्तविक समयको अनुगमन र ट्र्याकिंग सक्षम पार्नु पर्दछ।","The proposed system should enable real-time monitoring and tracking of all AWCs, AWWs and beneficiaries at the indicators defined by the proposed system."
Above standards are defined as per given above mentioned age brackets,माथि उल्लिखित उमेर कोष्ठकहरू अनुसार माथिको मापदण्डहरू परिभाषित गरिएका छन्,ne The above parameters are defined according to the above-mentioned age brackets.
"If a person is underweight, their body may not be getting the nutrients it needs to build healthy bones, skin and hair","यदि एउटा व्यक्तिको तौल कम छ भने, उसको शरीरले स्वस्थ हड्डी, छाला र कपाल बनाउन आवश्यक पोषक तत्वहरू नपाएको हुन सक्छ।","If a person is underweight, his body may not have the nutrients needed to make healthy bones, skin, and hair."
MPIN can be set by respective Anganwadi worker by requesting an OTP against his/her mobile number.,MPIN सम्बन्धित आंगनवाडी कार्यकर्ताले आफ्नो मोबाइल नम्बरको बिरूद्ध OTP अनुरोध गरेर सेट गर्न सकिन्छ ।,MPIN can be set by an MPIN-related Anganwadi worker by requesting an OTP against their mobile number.
"If Mobile number is already present in the database, the respective Anganwadi person will receive 4 digits OTP on registered mobile number.","मोबाइल नम्बर डाटाबेसमा पहिले नै अवस्थित छ भने, सम्बन्धित आंगनवाडी व्यक्तिले पंजीकृत मोबाइल नम्बरमा ४ अंकको ओटिपी प्राप्त गर्नेछ।","If the mobile number already exists in the database, the relevant person from Anganwadi will receive a 4-digit OTP to the registered mobile number."
"Post entering the OTP, AWW can easily set customized MPIN.","ओटिपीमा प्रवेश गरेपछि, AWW सजिलै अनुकूलित MPIN सेट गर्न सक्दछ।","Once entered into OTP, AWW can easily set a custom MPIN."
"It enables your interaction with participating healthcare providers, and allows you to receive your digital lab reports, prescriptions and diagnosis seamlessly from verified healthcare professionals and health service providers.","यसले सहभागी स्वास्थ्य सेवा प्रदायकहरूसँग तपाइँको अन्तरक्रियालाई सक्षम बनाउँछ, र तपाइँलाई प्रमाणित स्वास्थ्य सेवा पेशेवरहरू र स्वास्थ्य सेवा प्रदायकहरूबाट तपाइँको डिजिटल ल्याब रिपोर्टहरू, नुस्खाहरू र निदान प्राप्त गर्न अनुमति दिन्छ।","This enables your interaction with participating healthcare providers, and allows you to receive your digital lab reports, prescriptions, and diagnoses from certified healthcare professionals and healthcare providers."
Our System provides API to Third – Party Sites that may collect your personal information.,हाम्रो प्रणालीले तेस्रो-पक्ष साइटहरूलाई एपीआई प्रदान गर्दछ जसले तपाईंको व्यक्तिगत जानकारी सङ्कलन गर्न सक्छ।,Our system provides API to third-party sites that may collect your personal information.
Poshan Tracker is not in any manner responsible for the security of such information or their privacy practices or content of those Third – Party Sites.,पोशन ट्रयाकर कुनै पनि हिसाबले त्यस्तो जानकारी वा तिनीहरूको गोपनीयता अभ्यास वा ती तेस्रो-पक्ष साइटहरूको सामग्रीको सुरक्षाको लागि जिम्मेवार हुँदैन।,Neither position tracker is in any way responsible for the protection of such information or their privacy practices or the content of those third-party sites.
These third-party service providers and Third-Party Sites may have their own privacy policies governing the storage and retention of your information that you may be subject to.,यी तेस्रो-पक्ष सेवा प्रदायकहरू र तेस्रो-पक्ष साइटहरूको आफ्नै गोपनीयता नीतिहरू हुन सक्छन् जुन तपाइँको अधीनमा हुन सक्ने तपाइँको जानकारीको भण्डारण र अवधारणलाई नियन्त्रित गर्दछ।,These third-party service providers and third-party sites may have their own privacy policies that govern the storage and retention of your information that may be subject to your control.
"This Privacy Policy does not govern any information provided to, stored on, or used by these third-party providers and Third-Party Sites.","यो गोपनीयता नीतिले यी तेस्रो-पक्ष प्रदायकहरू र तेस्रो-पक्ष साइटहरूलाई प्रदान गरिएको, भण्डारण गरिएको, वा प्रयोग गरेको कुनै पनि जानकारीलाई नियन्त्रण गर्दैन।","This Privacy Policy does not control any information provided, stored, or used by these third-party providers and third-party sites."
"We recommend that when you enter a Third-Party Site, you review the Third Party Site’s privacy policy as it relates to safeguarding of your information.","हामी सुझाव दिन्छौं कि जब तपाइँ तेस्रो-पक्ष साइट प्रविष्ट गर्नुहुन्छ, तपाइँ तेस्रो पक्षको साइटको गोपनीयता नीति समीक्षा गर्नुहोस् किनकि यो तपाइँको जानकारीको सुरक्षासँग सम्बन्धित छ।","We suggest that when you enter a third-party site, you review the privacy policy of the third-party site as it relates to the security of your information."
You agree and acknowledge that Poshan Tracker will not be liable for the information published in search results or by any Third-Party Sites.,तपाईं सहमत हुनुहुन्छ र स्वीकार गर्नुहुन्छ कि पोशन ट्र्याकर खोज परिणामहरूमा वा कुनै तेस्रो-पक्ष साइटहरूद्वारा प्रकाशित जानकारीको लागि उत्तरदायी हुनेछैन।,You agree and accept that the position tracker will not be responsible for information published in search results or by any third-party sites.
Your Reference ID (Mobile number) will only be co-related with your personal information in order to communicate to you through SMS as per the clause 1 above.,तपाईंको सन्दर्भ आईडी (मोबाइल नम्बर) माथिको खण्ड 1 बमोजिम एसएमएस मार्फत तपाईंलाई सञ्चार गर्न तपाईंको व्यक्तिगत जानकारीसँग मात्र सह-सम्बन्धित हुनेछ।,Your reference ID (mobile number) will only be co-linked with your personal information to communicate with you via SMS in accordance with Section 1 above.
"By visiting or using the Site, you expressly agree to these Terms, as updated from time to time.","साइट भ्रमण गरेर वा प्रयोग गरेर, तपाइँ स्पष्ट रूपमा यी सर्तहरूसँग सहमत हुनुहुन्छ, समय-समयमा अद्यावधिक गरिए अनुसार।","By visiting or using the site, you expressly agree to these terms and conditions, as updated from time to time."
"If you do not agree with any part of these terms, do not use the site.","यदि तपाइँ यी सर्तहरूको कुनै पनि अंशसँग सहमत हुनुहुन्न भने, साइट प्रयोग नगर्नुहोस्।","If you do not agree to any part of these terms, do not use the site."
You may not use the Site in any manner and may not accept the Terms if you are not of legal age to form a binding contract.,तपाईंले कुनै पनि तरिकाले साइट प्रयोग गर्न सक्नुहुन्न र शर्तहरू स्वीकार गर्न सक्नुहुन्न यदि तपाईं बाध्यकारी अनुबंध बनाउनको लागि कानूनी उमेरको हुनुहुन्न भने।,You cannot use the site in any way and accept the terms unless you are of legal age to enter into a binding contract.
Bacillus Calmette Guerin (BCG)Oral Polio Vaccine (OPV)-0 dose Hepatitis B birth dose OPV-1 T,बेसिलस क्याल्मेट गुएरिन (बीसीजी)मौखिक पोलियो खोप (ओपीवी) -0 खुराक हेपेटाइटिस बी जन्म खुराक ओपीवी -1 टी,Basilus calmette guerrine (BCG) Oral polio vaccine (OPV) -0 dose of hepatitis B birth dose of OPV-1T
"The information collected under Clause 1, shall be used for the purpose of facilitating the health of the beneficiaries.",उपधारा 1 अन्तर्गत सङ्कलन गरिएका जानकारीहरू लाभार्थीहरूको स्वास्थ्यलाई सहजीकरण गर्ने उद्देश्यले प्रयोग गरिनेछ।,The information collected under subsection 1 will be used to facilitate the health of beneficiaries.
"We provide our products, which includes updating, securing, and troubleshooting the information/data/ materials and contents of the System, as well as providing support.","हामी हाम्रा उत्पादनहरू प्रदान गर्छौं, जसमा प्रणालीको सूचना/डेटा/सामग्री र सामग्रीहरू अद्यावधिक गर्ने, सुरक्षित गर्ने र समस्या निवारण गर्ने, साथै समर्थन प्रदान गर्ने समावेश छ।","We provide our products, including updating, securing and troubleshooting system information/data/content and materials, as well as providing support."
"When you register on Poshan Tracker, the Mobile number with which you registered, will be used to locate your record from the database.","जब तपाइँ पोशान ट्र्याकर मा दर्ता गर्नुहुन्छ, तपाईले दर्ता गर्नुभएको मोबाइल नम्बर डाटाबेसबाट तपाइँको रेकर्ड पत्ता लगाउन प्रयोग गरिनेछ।","When you register in Poshanne Tracker, the mobile number you registered will be used to track your record from the database."
These can also be used to assess the health status as recorded in the Poshan Tracker system.,पोशन ट्र्याकर प्रणालीमा रेकर्ड गरिएको स्वास्थ्य स्थितिको मूल्याङ्कन गर्न पनि यी प्रयोग गर्न सकिन्छ।,These can also be used to assess the health status recorded in a posture tracker system.
Training on ICT Platform under POSHAN Abhiyaan,पोशन अभियान अन्तर्गत आईसीटी मंच को प्रशिक्षण,Training of the ICT platform under the Posion campaign.
"Know more about stunting, wasting and underweight","स्टन्टिङ, बर्बाद र कम वजन को बारे मा अधिक जान्नुहोस्","Learn more about stunting, wasting, and weight loss."
What information to be added in AWC forms?,AWC फारमहरूमा कुन जानकारी थप्न मिल्छ?,What information can be added to AWC forms?
How to revive your health if you are Moderately Wasted (MAM),तपाईको स्वास्थ्यलाई कसरी पुनर्जीवित गर्ने यदि तपाई मध्यम रूपमा बर्बाद हुनुहुन्छ (एमएएम),How to restore your health if you are moderately wasted (MAM)
AWC Workers Registered In Last 30 Days,AWC कार्यकर्ताहरू पछिल्लो ३० दिनमा दर्ता गरियो,AWC workers have been registered within the last 30 days.
Click on above button to get this App,यस एप प्राप्त गर्न माथिको बटनमा क्लिक गर्नुहोस्,"To access this app, click on the button abovenene."
Beneficiaries Registered In Last 30 Days,लाभार्थीहरू अन्तिम ३० दिनमा दर्ता गरियो,Beneficiaries were registered within the last 30 days.
Specifications of Smart phone and Technical Compatibility Testing,स्मार्ट फोन र प्राविधिक अनुकूलता परीक्षणको विशिष्टताहरू,The specifications of smart phones and technical compatibility testingne.
Preparation During Pregnancy - For NewBorn Care & Family Planning,गर्भावस्थाको समयमा तयारी - नवजात शिशु हेरचाह र परिवार योजना को लागी,Prepare for pregnancy - for newborn care and family planning.
Stunting is the impaired growth and development that children experience from poor nutrition,स्टन्टिङ भनेको खराब पोषणको कारणले बालबालिकाले अनुभव गर्ने बाधा वृद्धि र विकास हो,Stunting is the increased and developmental barrier that children experience due to poor nutrition.
Children in the age group of 3 years to 6 years,3 वर्ष देखि 6 वर्ष सम्मको उमेर समूहका बालबालिका,Children between the ages of 3 and 6 yearsne
Poshan Tracker Dashboard can be accessed by signing onto the dashboard.,पोषण ट्र्याकर ड्यासबोर्डलाई ड्यासबोर्डमा साइन इन गरेर पहुँच गर्न सकिन्छ।,The nutrition tracker dashboard can be accessed by signing in to the dashboard.
Dashboard can be accessed by clicking the link https://poshantracker.,ड्यासबोर्डलाई https://poshantracker.in/admin लिंकमा क्लिक गरेर पहुँच गर्न सकिन्छ।,The dashboard can be accessed by clicking on the https://poshantracker.ne/admin link.
"in/admin Only nominated Nodal level officials at National, State, District, Project and Sector level are provided with a unique credentials to access the dashboard.","राष्ट्रिय, राज्य, जिल्ला, परियोजना र क्षेत्र स्तरका नोडल स्तरका अधिकारीहरूलाई मात्र ड्यासबोर्डमा पहुँच गर्न अद्वितीय प्रमाणपत्रहरू प्रदान गरिन्छ।","Only officials at the nodal level at the national, state, district, project and regional levels are issued unique certificates for access to the dashboard."
What is the eligibility of a beneficiary?,एउटा लाभार्थीको पात्रता के हो?,What is the eligibility of a beneficiary?
Who are the target userbase of Poshan Tracker App?,पोषण ट्रेकर एपका लक्षित प्रयोगकर्ता को हुन्?,Who is the target user of the Nutrition Tracker app?
"It often indicates recent and severe weight loss, although it can also persist for a long time","यसले अक्सर भर्खरको र गम्भीर वजन घटाउने संकेत गर्दछ, यद्यपि यो लामो समयको लागि पनि रहन सक्छ","This often indicates recent and serious weight loss, although it can last for a long time."
What is the minimum requirement to install Poshan Tracker App in mobile?,मोबाइलमा पोसन ट्र्याकर एप स्थापना गर्न न्यूनतम आवश्यकता के हो?,What is the minimum requirement to install the Poson Tracker app on mobile?
You will only access (or attempt to access) the Site by the means described in the Documentation and will comply with the terms and conditions of this Agreement.,तपाईंले कागजातमा वर्णन गरिएका माध्यमहरूद्वारा मात्र साइट पहुँच (वा पहुँच गर्ने प्रयास) गर्नुहुनेछ र यस सम्झौताका सर्तहरू र सर्तहरूको पालना गर्नुहुनेछ।,You will only access (or attempt to access) the site through the means described in the document and will comply with the terms and conditions of this agreement.
"You will comply with all Central and State laws, rules and regulations applicable to you and your use of the Site and affecting any third-party rights.","तपाइँ सबै केन्द्रीय र राज्य कानून, तपाइँ र तपाइँको साइट को उपयोग को लागी लागू नियम र नियमहरु को पालना गर्नुहुनेछ र कुनै पनि तेस्रो-पक्ष अधिकारहरु लाई असर गर्नुहुनेछ।","You will comply with all federal and state laws, applicable rules and regulations for you and your use of the site, and affect any third-party rights."
You can participate in Swastha Balak Balika Spardha by registering through the website https://poshantracker.,You can participate in Swastha Balak Balika Spardha by registering through the website https://poshantracker.,You can participate in Swastha Balak Balika Spardha by registering through the website https://poshantracker.
in or by downloading ‘Poshan Tracker’ App from Google Play Store.,in or by downloading 'Poshan Tracker' App from Google Play Store.,In or by downloading the 'Posnehan Tracker' App from the Google Play Store.
The following are the Terms of Service (“Terms”) that govern your use of the Poshan Tracker Platform hosted at https://poshantracker.,"https://poshantracker.in मा होस्ट गरिएको पोशन ट्र्याकर मंचको प्रयोगलाई नियन्त्रित गर्ने सेवाका सर्तहरू (""सर्तहरू"") र लिंक गरिएका सबै सम्बन्धित साइटहरू निम्न छन्।","The following are the terms of service (""Terms"") and all related sites linked to the position tracker platform, which controls the use of the position tracker platform hosted at https://poshantrackerne.in."
"in, and all associated sites linked to it, its subsidiaries, and affiliates (collectively, the “Site”).","यसमा, यसका सहायक कम्पनीहरू, र सम्बद्धहरू (सामूहिक रूपमा, ""साइट"")।","It, its subsidiaries, and affiliates (collectively, the ""Site"")."
Clarification regarding Cost of Smart phones,स्मार्ट फोन लागत को बारे मा स्पष्टीकरण,ne explanation of the cost of smart phone
Measles Containing vaccine (MCV)/Measles & Rubella (MR)-1Japanese Encephalitis(JE)-1**PCV-Booster,दादुरा युक्त खोप(एमसीवी)/दादुरा र रुबेला (एमआर) -1जापानी इन्सेफलाइटिस (जेई) -1**पीसीवी-बूस्टर,The vaccine containing the dandruffne (MCV)/dandruff and rubella (MR) -1Japanese encephalitis (JE) -1**PCV-booster
Mobile number need to be validated within a week,मोबाइल नम्बर एक हप्ताभित्र प्रमाणीकरण गर्न आवश्यक छ,The mobile number must be authenticated within a weekne.
Currently a beneficiary can register by the help of an AWW,हाल एउटा लाभार्थीले एडब्ल्यूडब्ल्यू को मद्दतले पंजीकरण गर्न सक्छ,Recently a beneficiary can register with the help of the WWne.
Awareness for Lactating Mother Complimentary Feeding for Children,स्तनपान गराउने आमा को लागि जागरूकता बच्चाहरूको लागि पूरक आहार,Ne awareness for breastfeeding mothers for children's supplements
New Poshan Tracker App - CSC-SPV Nodal Person,नयाँ पोशन ट्र्याकर अनुप्रयोग - सीएससी-एसपीवी नोडल व्यक्ति,The newest position tracker app - the CSC-SPV node person - is being developed.
1.1. Information you provide to us.,1.1. तपाईंले हामीलाई प्रदान गर्नुभएको जानकारी।,1.1. and the information you have provided us.
How can one access Poshan Tracker Dashboard?,पोषण ट्र्याकर ड्यासबोर्डमा कसरी पहुँच गर्न सकिन्छ?,How can I access the nutrition tracker dashboard?
Prevention of Anemia in children and adolescents girls,बालबालिका र किशोर किशोरीहरूमा रक्तअल्पता रोकथाम,Ne preventing anemia in children and adolescents
Gangarampur Addl. I. C. D. S Project,गंगारामपुर अतिरिक्त  आई. सी. डी. एस परियोजना,Gangarampur is an additional ICDS project.
Can a beneficiary register directly using application.,एउटा लाभार्थी सिधै आवेदन प्रयोग गरेर पंजीकरण गर्न सक्नुहुन्छ।,A beneficiary can register using the application directly.
The Ministry of Women and Child Development has rolled out Poshan Tracker application.,महिला एवं बाल विकास मन्त्रालयले पोषण ट्र्याकर आवेदन ल्याएको छ।,The Ministry of Women and Child Development has launched a nutrition tracker application.
"The goal is to follow nutrition systems strengthening approach for improving maternal and child undernutrition, focused on strengthening implementation bottlenecks at all levels.",यसको लक्ष्य सबै तहमा कार्यान्वयन अवरोधहरूको सुदृढीकरणमा केन्द्रित मातृ एवं बाल पोषण सुधारका लागि पोषण प्रणालीलाई सुदृढीकरण गर्ने दृष्टिकोणको पालना गर्नु हो।,"Its goal is to follow the approach of strengthening the nutrition system for maternal and child nutrition improvement, focusing on strengthening the implementation of barriers at all levels."
"The Poshan Tracker is built using centralized data architecture, that also aligns with the digital technology systems of other ministries and programs.",पोषण ट्र्याकर केन्द्रीकृत डाटा ट्रेकर प्रयोग गरेर निर्मित गरिएका अन्य मन्त्रालयहरू र कार्यक्रमहरूलाई डिजिटल तकनीकि प्रणालीसँग पंक्तिबद्ध गर्दछ।,Ne Nutrition Tracker aligns other ministries and programs built using a centralized data tracker with a digital technology system.
"The system provides a digital identity to each beneficiary through a digital card, and allows convergence of call centre with the technology platform.",प्रणालीले प्रत्येक लाभार्थीलाई डिजिटल कार्डमार्फत डिजिटल परिचय प्रदान गर्दछ र तकनिकी प्लेटफर्ममा कल सेन्टर रूपान्तरण गर्ने अनुमति दिन्छ।,The system provides each beneficiary with a digital identity via a digital card and allows them to transform the call center into a technology platform.
The system generates automated alerts to the critical last-mile beneficiaries.,प्रणालीले अन्तिम पंक्तिका महत्वपूर्ण लाभार्थीहरूका लागि स्वचालित सतर्कताहरू उत्पन्न गर्दछ।,The system generates automatic alerts for the last-row critical beneficiaries.
"It also ensures efficient audit of the delivery system, by documenting real time attendance of beneficiaries and duty bearers.",यसले लाभार्थी र कार्य गर्नेहरूको वास्तविक समयको उपस्थिति दस्तावेजीकरण गरी वितरण प्रणालीको दक्ष लेखा परीक्षण सुनिश्चित गर्दछ।,It documents the real-time presence of the beneficiaries and workers and ensures efficient auditing of the distribution system.
"Such a robust digital technology platform and management information system, will help the mission to scale efficiently, thereby generating and documenting significant positive impact.",त्यस्ता शक्तिशाली डिजिटल तकनीकि प्लेटफर्म र व्यवस्थापन सूचना प्रणालीले महत्वपूर्ण सकारात्मक प्रभाव उत्पन्न गर्न र कागजातलाई मद्दत गर्नका लागि मिसनलाई कुशलतासँग मापन गर्न मद्दत पुर्याउँछ।,Such powerful digital technology platforms and management information systems allow for significant positive impacts to be generated and the mission to be efficiently scaled to help documentation.
Weight should be between 0.90 to 58,वजन 0.90 देखि 58 का बीच हुनुपर्छ,Weight should be between 0.90 and 58.
We own the intellectual property rights in the Site and Content.,हामी साइट र सामग्रीमा बौद्धिक सम्पत्ति अधिकारको स्वामित्व राख्छौं।,We own intellectual property rights to the site and its contents.
We may change the Content and features of the Site at any time.,हामी कुनै पनि समयमा साइटको सामग्री र सुविधाहरू परिवर्तन गर्न सक्छौं।,We may change the content and features of the site at any time.
"The registered and unregistered trademarks, logos, and service marks displayed on the Site are owned by us or our licensors.","साइटमा प्रदर्शित दर्ता र दर्ता नगरिएका ट्रेडमार्कहरू, लोगोहरू, र सेवा चिन्हहरू हाम्रो वा हाम्रा इजाजतपत्रदाताहरूको स्वामित्वमा छन्।","The registered and unregistered trademarks, logos, and service marks displayed on our site are owned by us or our licensors."
"You may not use our trademarks, logos, and service marks in any way without our prior written permission.","तपाईंले हाम्रो पूर्व लिखित अनुमति बिना कुनै पनि तरिकाले हाम्रो ट्रेडमार्क, लोगो र सेवा चिन्हहरू प्रयोग गर्न सक्नुहुन्न।","You may not use our trademarks, logos and service marks in any way without our prior written permission."
Material featured on this website may be reproduced free of charge.,यस वेबसाइटमा चित्रित सामग्री निः शुल्क पुनः उत्पादन गर्न सकिन्छ।,The content featured on this website can be reproduced free of charge.
"Wherever the material is being published or issued to others, the source must be prominently acknowledged.","जहाँ पनि सामग्री प्रकाशित वा अरूलाई जारी गरिएको छ, स्रोत प्रमुख रूपमा स्वीकार गर्नुपर्छ।","Wherever the content is published or released to others, the source must be accepted as the principal."
"However, the permission to reproduce this material shall not extend to any material which is identified as being copyright of a third party.","यद्यपि, यो सामग्री पुनः उत्पादन गर्ने अनुमति तेस्रो पक्षको प्रतिलिपि अधिकारको रूपमा पहिचान गरिएको कुनै पनि सामग्रीमा विस्तार हुने छैन।","However, this permission to reproduce the content does not extend to any content identified as copyrighted by a third party."
MPIN can be easily reset by any AWW/AWC user.,MPIN लाई कुनै पनि AWW / AWC प्रयोगकर्ताद्वारा सजिलै रिसेट गर्न सकिन्छ।,MPIN can be easily reset by any AWneW/AWC user.
"You are required to click on Forgot MPIN, and enter your registered mobile number.","तपाईंले बिर्सिएको MPIN मा क्लिक गर्न आवश्यक छ, र तपाईंको पंजीकृत मोबाइल नम्बर प्रविष्ट गर्नुपर्ने छ।","You need to click on the forgotten MPINne, and enter your registered mobile number."
You will receive and OTP on your registered mobile number and you can ealily reset your MPIN,तपाईंले आफ्नो दर्ता गरेको मोबाइल नम्बरमा ओटिपी प्राप्त गरेर आफ्नो MPIN सजिलै रिसेट गर्न सक्नुहुन्छ।,You can easily reset your MPIN by getting an OTP to your registered mobile number.
The Poshan Tracker is a job-aid to the Anganwadi worker for efficient delivery of services along with reflection of their efforts.,पोशन ट्र्याकर आंगनवाडी कार्यकर्ताहरूलाई उनीहरूको प्रयासको प्रतिबिम्बको साथ सेवाहरूको प्रभावकारी वितरणको लागि एउटा रोजगार सहायता हो।,"The position tracker is an employment aid for the employees of Anganwadi to effectively distribute services, reflecting their efforts."
It is a critical and beneficiary-centric service delivery Application under POSHAN Abhiyaan which will promote real time data with analytics,यो पोशन अभियान अन्तर्गत एक महत्वपूर्ण र लाभार्थी-केन्द्रित सेवा वितरण अनुप्रयोग हो जसले विश्लेषणको साथ वास्तविक समय डाटालाई बढावा दिनेछ।,It is an important and beneficiary-centric service delivery application under the Postion campaign that will boost real-time data with analytics.
Please enter valid Date of Birth,कृपया मान्य जन्म मिति प्रविष्ट गर्नुहोस्,Please enter a valid date of birthne.
Who is eligible for additional supplementary food?,थप पूरक खानाको लागि को योग्य छ?,Who is eligible for supplemental nutrition?
"We reserve the unconditional right to change, modify, add, or remove any part of these Terms at any time, without specifically notifying you of such changes.","हामी कुनै पनि समयमा यी सर्तहरूको कुनै पनि अंश परिवर्तन, परिमार्जन, थप्न, वा हटाउने बिना शर्त अधिकार सुरक्षित राख्छौं, विशेष रूपमा त्यस्ता परिवर्तनहरूको बारेमा तपाईंलाई सूचित नगरी।","We reserve the unconditional right to change, amend, add or remove any part of these Terms at any time, in particular without informing you of such changes."
Any changes or updates will be effective immediately.,कुनै पनि परिवर्तन वा अद्यावधिक तुरुन्तै प्रभावकारी हुनेछ।,Any changes or updates will take effect immediately.
You take the responsibility to check these Terms of Use periodically for changes.,तपाईंले परिवर्तनहरूको लागि आवधिक रूपमा प्रयोगका यी सर्तहरू जाँच गर्ने जिम्मेवारी लिनुहुन्छ।,You take responsibility for periodically checking these Terms of Use for changes.
Your continued use of the platform post such revision shall constitute acceptance of the modified Terms.,मंच पोस्टको तपाइँको निरन्तर प्रयोगले यस्तो संशोधन परिमार्जित सर्तहरूको स्वीकृति गठन गर्नेछ।,Your continued use of the forum post will constitute acceptance of such amendments to the amended terms.
How many different types of reports can be generated over Poshan Tracker Dashboard?,पोषण ट्र्याकर ड्यासबोर्डमा कति फरक प्रकारका रिपोर्टहरू उत्पन्न गर्न सकिन्छ?,How many different types of reports can be generated in the nutrition tracker dashboard?
How to revive your health if you are Severely Wasted (SAM),तपाईको स्वास्थ्यलाई कसरी पुनर्जीवित गर्ने यदि तपाई गम्भीर रूपमा बर्बाद हुनुहुन्छ (एसएएम),Ne how to restore your health if you are seriously wasted (SAM)
"See assessment charts for Stunted, Wasted and Underweight parameters","स्टन्टेड, बर्बाद र कम वजन मापदण्डहरूको लागि मूल्याङ्कन चार्ट हेर्नुहोस्","For stunted, wasted, and lightweight parameters, see rating chart."
Resources for growth monitoring and general awareness,वृद्धि अनुगमन र सामान्य जागरूकताका लागि संसाधन,Resources for increased monitoring and general awareness.
AWW are required to enter details related to infrastructure present in a particular Anganwadi centre.,AWW हरूले एक विशेष आंगनवाडी केन्द्रमा अवस्थित पूर्वाधारसँग सम्बन्धित विवरणहरू प्रविष्ट गर्नुपर्ने छ।,AWWs are required to enter details related to infrastructure located in a particular Anganwadi Centre.
"This includes structure, basic amenities, facilities, sanitization, drinking water etc.","यसले संरचना, आधारभूत सुविधाहरू, सुविधा, सरसफाइ, पिउने पानी आदि समावेश गर्दछ।","This includes structure, infrastructure, facilities, sanitation, drinking water, etc."
Lactating mothers who received Take Home Ration (THR),घरको राशन लिनुहोस् (टीएचआर) प्राप्त गर्ने स्तनपान गराउने आमाहरू,Ne take home ration (THR) for breastfeeding mothers who receive
"Poshan Tracker reserve the unconditional right to change, modify, add, or remove any part of this Privacy Policy at any time, without specifically notifying you of such changes.","पोशन ट्रयाकर ले यस गोपनीयता नीतिको कुनै पनि भागलाई कुनै पनि समयमा परिवर्तन, परिमार्जन, थप्न वा हटाउने बिना शर्त अधिकार आरक्षित गर्दछ, विशेष रूपमा त्यस्ता परिवर्तनहरूको बारेमा तपाईंलाई सूचित नगरी।","Position Tracker reserves the unconditional right to change, amend, add or remove any part of this Privacy Policy at any time, in particular without informing you of such changes."
Any changes or updates will be effective immediately.,कुनै पनि परिवर्तन वा अद्यावधिक तुरुन्तै प्रभावकारी हुनेछ।,Any changes or updates will take effect immediately.
You should review this Privacy Policy regularly for changes.,तपाईंले परिवर्तनहरूको लागि यो गोपनीयता नीति नियमित रूपमा समीक्षा गर्नुपर्छ।,You should review this privacy policy regularly for changes.
"We will use commercially reasonable efforts to generally notify all users of any material changes to this Privacy Policy, such as through a notice on the System.","हामी यस गोपनीयता नीतिमा कुनै पनि भौतिक परिवर्तनहरू, जस्तै प्रणालीमा सूचना मार्फत सबै प्रयोगकर्ताहरूलाई सूचित गर्न व्यावसायिक रूपमा उचित प्रयासहरू प्रयोग गर्नेछौं।","We will use commercially reasonable efforts to notify all users of any material changes to this privacy policy, such as through notification to the system."
"However, as a user of the System, you should regularly check the Privacy Policy for any changes.","यद्यपि, प्रणालीको प्रयोगकर्ताको रूपमा, तपाईंले नियमित रूपमा कुनै पनि परिवर्तनहरूको लागि गोपनीयता नीति जाँच गर्नुपर्छ।","However, as a user of the system, you should regularly check the privacy policy for any changes."
"We will also update the “Last Updated” date at the top of this Privacy Policy, which reflects the effective date of this Privacy Policy.","हामी यस गोपनीयता नीतिको शीर्षमा रहेको ""अन्तिम अद्यावधिक"" मितिलाई पनि अद्यावधिक गर्नेछौं, जसले यस गोपनीयता नीतिको प्रभावकारी मितिलाई प्रतिबिम्बित गर्दछ।","We will also update the ""last updated"" date at the top of this privacy policy, which reflects the effective date of this privacy policy."
Your continued access or use of the System after the date of the new Privacy Policy constitutes your acceptance of the new Privacy Policy.,नयाँ गोपनीयता नीतिको मिति पछि प्रणालीको तपाईंको निरन्तर पहुँच वा प्रयोगले नयाँ गोपनीयता नीतिको तपाईंको स्वीकृतिलाई गठन गर्दछ।,Your continued access to or use of the system after the date of the new privacy policy constitutes your acceptance of the new privacy policy.
"If you do not agree to the new Privacy Policy, you must stop accessing and/or using the System.","यदि तपाईं नयाँ गोपनीयता नीतिमा सहमत हुनुहुन्न भने, तपाईंले प्रणाली पहुँच र/वा प्रयोग गर्न बन्द गर्नुपर्छ।","If you do not agree to the new privacy policy, you should stop accessing and/or using the system."
What is the eligibility of a beneficiary?,एउटा लाभार्थीको पात्रता के हो?,What is the eligibility of a beneficiary?
"No, Poshan Tracker is available only for Android version","छैन, पोषण ट्र्याकर एन्ड्रोइड संस्करणका लागि मात्र उपलब्ध छ।","No, nutrition tracker is only available for the Android version."
 XV. INDEMNITY AND LIMITATION OF LIABILITY, XV. क्षतिपूर्ति र सीमाको दायित्व,XVne. Liability for damages and limitation.
Growth monitoring report for all health indicators,सबै स्वास्थ्य सूचकहरूका लागि वृद्धि अनुगमन रिपोर्ट,Growth monitoring reports for all health indicators.
Children are defined as stunted if their height-for-age is more than two standard deviations below the WHO Child Growth Standards median,यदि तिनीहरूको उचाइ-का लागि-उमेर दुई भन्दा बढी मानक विचलनहरू डब्ल्यूएचओ बाल वृद्धि मापदण्ड औसतभन्दा कम छ भने बालबालिकाहरूलाई स्टन्टेड भनी परिभाषित गरिन्छ।,"If their height-for-age deviations of more than two standard deviations are below the WHO child growth standard average, children are defined as stunted."
What is the purpose of Launching Poshan Tracker?,पोषण ट्र्याकर सुरू गर्नुको उद्देश्य के हो?,What is the purpose of launching a nutrition tracker?
"As a registered user, you have the right to access your profile at any time.","एउटा दर्ता प्रयोगकर्ताको रूपमा, तपाईंसँग कुनै पनि समयमा आफ्नो प्रोफाइल पहुँच गर्ने अधिकार छ।","As a registered user, you have the right to access your profile at any time."
"Although, the changes can only be done as prescribed by the Poshan Tracker system from time to time.","यद्यपि, परिवर्तनहरू पोशन ट्र्याकर प्रणालीले समय-समयमा तोकिएबमोजिम मात्र गर्न सकिन्छ।","However, changes can only be made periodically by the Positions Tracker System."
You cannot manage the communications that you receive from us or how you receive them.,तपाईंले हामीबाट प्राप्त गर्ने सञ्चारहरू वा तपाईंले तिनीहरूलाई कसरी प्राप्त गर्नुहुन्छ त्यसलाई तपाईंले व्यवस्थापन गर्न सक्नुहुन्न।,You cannot manage the communications you receive from us or how you receive them.
" XIII. COMPLIANCE WITH LAW, THIRD PARTY RIGHTS, AND OTHER TERMS OF SERVICE"," XIII. कानूनको अनुपालन, तेस्रो पक्ष अधिकार, र सेवाका अन्य सर्तहरू","XIII. Compliance with the law, third party rights, and other terms of servicene."
"repeated infection, and inadequate psychosocial stimulation","बारम्बार संक्रमण, र अपर्याप्त मनोसामाजिक उत्तेजना","Repeated infections, and insufficient psychosocial arousal."
Beneficiary migration from one AWC to another AWC,एक AWC बाट अर्को AWC मा लाभार्थीको स्थानांतरण,Transfer of beneficiaries from one AWC to another AWCne
"Training on ICT Platform under POSHAN Abhiyaan (02 February, 2021)","पोषण अभियानअन्तर्गत ICT प्लेटफार्ममा प्रशिक्षण (०२ फेब्रुअरी, २०२१)","Training in ICT platforms under the Nutrition Campaign (February 02, 2021)"
You may browse the Site without registering for an account.,तपाइँ खाताको लागि दर्ता नगरी साइट ब्राउज गर्न सक्नुहुन्छ।,You can browse the site without registering for an account.
"You will be required to register for an account with your mobile number, if you intent to use certain features or services offered by the Site.","तपाईंले आफ्नो मोबाइल नम्बरको साथ एक खाताको लागि दर्ता गर्न आवश्यक हुनेछ, यदि तपाईं साइटद्वारा प्रस्ताव गरिएका केही सुविधाहरू वा सेवाहरू प्रयोग गर्न चाहनुहुन्छ भने।",You will need to register for an account with your mobile number if you want to use some of the features or services offered by the site.
You are solely responsible for maintaining the confidentiality of your personal information and registration and all activities that might result from you failing from keeping this information secure.,तपाइँ तपाइँको व्यक्तिगत जानकारी र दर्ता र यो जानकारी सुरक्षित राख्न असफल भएको कारण हुन सक्ने सबै गतिविधिहरूको गोपनीयता कायम राख्नको लागि तपाइँ मात्र जिम्मेवार हुनुहुन्छ।,You are solely responsible for maintaining the confidentiality of your personal information and registration and all activities that may be caused by the failure to keep this information secure.
Your registration or mobile number shall be kept confidentialYou undertake that:You have obtained consent from the concerned individuals for creating their records through your account.,तपाईको दर्ता वा मोबाइल संख्या गोप्य राखिनेछतपाईंले यो उतरदायित्व लिनुःतपाईंले आफ्नो खाता मार्फत तिनीहरूको रेकर्ड बनाउनको लागि सम्बन्धित व्यक्तिहरूबाट स्वीकृति लिनुभएको छ।,Your registration or mobile number will be kept confidential and you take this responsibility: you have obtained approval from the relevant persons to make their records through your account.
Your account or mobile number shall not include the name of another person with the intent to impersonate that person.,तपाईंको खाता वा मोबाइल नम्बरले त्यो व्यक्तिको नक्कल गर्ने उद्देश्यले अर्को व्यक्तिको नाम समावेश गर्नु हुँदैन।,Your account or mobile number should not include another person's name for the purpose of duplicating that person.
You shall not use another user's account without their permission.,तपाईंले उनीहरूको अनुमति बिना अर्को प्रयोगकर्ताको खाता प्रयोग गर्नुहुने छैन।,You will not use another user's account without their permission.
"You shall immediately notify us in writing, if you discover any unauthorized use of your account or other account-related security breach.","यदि तपाईंले आफ्नो खाताको कुनै अनधिकृत प्रयोग वा खाता-सम्बन्धित अन्य सुरक्षा उल्लंघनहरू फेला पार्नुभयो भने, तपाईंले तुरुन्तै हामीलाई लिखित रूपमा सूचित गर्नुहुनेछ।","If you discover any unauthorized use of your account or other account-related security breaches, you will immediately notify us in writing."
"If we receive a complaint that your account violates someone else's rights, or violates our policies we may cancel or block your account.",यदि हामीले तपाईंको खाताले अरू कसैको अधिकार उल्लङ्घन गरेको वा हाम्रा नीतिहरूलाई उल्लङ्घन गरेको उजुरी प्राप्त गरेमा हामी तपाईंको खाता रद्द वा ब्लक गर्न सक्छौं।,"If we receive a complaint that your account violates someone else's rights or violates our policies, we may cancel or block your account."
"You shall not attempt to conceal your identity by using multiple Internet Protocol addresses or mobile no, or by any other means, to register participants on the Site","तपाईले धेरै इन्टरनेट प्रोटोकल ठेगानाहरू वा मोबाइल नम्बरहरू प्रयोग गरेर वा अन्य कुनै पनि माध्यमद्वारा, साइटमा सहभागीहरूलाई दर्ता गर्न आफ्नो पहिचान लुकाउने प्रयास गर्नुहुँदैन।",You should not try to hide your identity to register participants on the site by using multiple Internet protocol addresses or mobile numbers or by any other means.
Poshan Tracker App is available in 22 different languagesThe various languages available are:EnglishHindiGujaratiPunjabiMarathiBanglaKannadaTamilTeluguMalyalamOdiaAssameseNepaliDogriKonkaniSindhiBodoMaithiliManipuriSanthaliUrduKashmiri,पोषण ट्र्याकर एप २२ विभिन्न भाषाहरूमा उपलब्ध छउपलब्ध विभिन्न भाषाहरूःअंग्रेजीहिन्दीगुजरातीपंजाबीमराठीबंगलाकन्नडतामिलतेलेगुमलयालमओडियाअसमियाNepaliDogriKonkaniSindhiBodoMaithiliManipuriSanthaliUrduKashmiri,The Nutrition Tracker app is available in 22 different languages available in different languages:English Hindi GujaratiPunjabi MarathiBangalak Kannada Tamil TeluguMalayLayal OdiaAsamiyaNepaliDogriKonkaniSindhiBodoMaithiliManipuriSanthaliUrduKashmiri
"The proposed system should enable real-time monitoring and tracking of all AWCs, AWWs and beneficiaries on the defined indicators.","प्रस्तावित प्रणालीले परिभाषित संकेतकहरूमा सबै AWCहरू, AWWहरू र लाभार्थीहरूको वास्तविक समयको अनुगमन र ट्र्याकिंग सक्षम पार्नु पर्दछ।","The proposed system should enable real-time monitoring and tracking of all AWCs, AWWs and beneficiaries at the indicators defined by the proposed system."
How to Login in Poshan Tracker App?,पोषण ट्र्याकर एपमा कसरी लगइन गर्ने?,How to log in to the Nutrition Tracker app?
Height and weight of child has not been measured,बच्चाको उचाइ र तौल मापन गरिएको छैन,The child's height and weight have not been measured.
Calculator to measure the child growth based on the WHO Child Growth Standards.,डब्ल्यूएचओ बाल विकास मापदण्डहरूमा आधारित बाल विकास मापन गर्न क्याल्कुलेटर,A calculator to measure child development based on WHO child development criteria.
TAKE HOME RATION (THR) GIVEN TODAY,आज दिएको खाद्यन(THR) घर लैजानुहोस,Take home the food you gave us today.
A beneficiary is eligible for THR for at least 21 days in a month.,एउटा लाभार्थी एक महिनामा कम्तिमा 21 दिनको लागि टीएचआर को लागि योग्य हुन्छ।,One beneficiary is eligible for THR for at least 21 days a month.
 III. NOTICE REGARDING FUTURE CHANGES TO TERMS:, III. सर्तहरूमा भविष्यमा हुने परिवर्तनहरू बारे सूचनाः,III.ne. Notification of future changes to the terms and conditions:
Planning And Organising Community Based Events At AWC,योजना बनाउँदै र एडब्ल्यूसी मा समुदायमा आधारित घटनाहरू,Planning and community-based events at the WTCne
Please find the following steps to LoginStep 1- Click on Poshan Tracker Website https://poshantracker.,Please find the following steps to LoginStep 1- Click on Poshan Tracker Website https://poshantracker.,Please find the following steps to LoginStep 1- Click on the Poshan Tracker Website https://poshantracker.
inStep 2- Enter your registered Mobile Number and pre-set 4 digit MPIN.,inStep 2- Enter your registered Mobile Number and pre-set 4 digit MPIN.,InStep 2- Enter your registered Mobile Number and pre-set your 4-digit MPIN.
How AWWS can sign up on the app if they are unable to register via their mobile numbers?,AWWहरूले आफ्नो मोबाइल नम्बरमार्फत दर्ता गर्न असमर्थ भएमा कसरी एपमा साइन अप गर्न सक्छन्?,How can AWWs sign up for an app if they can't register with their mobile number?
Poshan Tracker adds new Reports feature,पोशन ट्र्याकरले नयाँ रिपोर्टहरूको सुविधा थप्छ,The position tracker adds the feature of new reportsne.
General Awareness about preventing illness in Children,बालबालिकामा रोगबाट बच्नका लागि सामान्य जागरूकता,General awareness of the prevention of disease in children.
2. HOW WE USE PERSONAL INFORMATION,2. हामी कसरी व्यक्तिगत जानकारी प्रयोग गर्छौं,2.and how we use personal information.
The following are the Terms of Service (“Terms”) that govern your use of the Swastha Balak Balika Spardha Platform hosted at https://poshantracker.,"The following are the Terms of Service (""Terms"") that govern your use of the Swastha Balak Balika Spardha Platform hosted at https://poshantracker.","The following are the Terms of Service (""Terms"") that govern your use of the Swastha Balak Balika Spardha Platform hosted at https://poshantracker."
"in, and all associated sites linked to it, its subsidiaries, and affiliates (collectively, the “Site”).","in, and all associated sites linked to it, its subsidiaries, and affiliates (collectively, the ""Site"").","connected in, and all associated sites linked to it, its subsidiaries, and affiliates (collectively, the ""Site"")."
Please provide your mobile number and a ticket number.,कृपया आफ्नो मोबाइल संख्या र टिकट संख्या प्रदान गर्नुहोस्।,Please provide your mobile number and ticket number.
Please contact your respective Anganwadi worker.,कृपया आफ्नो सम्बन्धित आंगनवाडी कार्यकर्तालाई सम्पर्क गर्नुहोस्।,Please contact your respective Anganwadi worker.ne
SAM Children under 5 years who received Supplementary Nutrition,पूरक पोषण प्राप्त गर्ने 5 वर्ष मुनिका एसएएम बालबालिका,Children under 5 years of age who receive supplemental nutrition are SMEs.
OPV-1Pentavalent-1Rotavirus Vaccine (RVV)-1Fractional dose of Inactivated Polio Vaccine (fIPV)-1Pneumococcal Conjugate Vaccine (PCV) -1,ओपीवी -1पेंटावलेंट-1रोटावायरस खोप (आरवीवी) -1आंशिक खुराक को निष्क्रिय पोलियो खोप (एफआईपीवी) -1न्यूमोकोकल कंजुगेट खोप (पीसीवी) -1,OPV-1neventovalent-1rotovirus vaccine (RVV) -1paral dose of passive polio vaccine (FIPV) -1neumocal conjugate vaccine (PCV) -1
Height should be between 38 to 150,उचाई 38 देखि 150 का बीच हुनुपर्छ,The height should be between 38 and 150ne.
How to contact Poshan Tracker Team?,पोशन ट्र्याकर टोलीलाई कसरी सम्पर्क गर्ने?,How do I contact the position tracker team?
Take Home Ration (THR) Given Today,आज दिएको खाद्यन(THR) घर लैजानुहोस,Take home the food you gave us today.
How many different forms are there in Poshan Tracker App?,पोषन ट्र्याकर एपमा कति फरक प्रकारहरू छन्?,How many different types of nutrition tracker apps are there?
There are 7 different types of forms for beneficiaries.,लाभार्थीहरूका लागि विभिन्न प्रकारका फारामहरू हुन्छन्।,There are various forms available for beneficiaries.
This includes:Lactating motherPregnant womenChild 0-6 MonthsChild 6 Months to 3 YearsChild  3 Years to 6 YearsAdolescent Girls (11 Years-19 Years),यसले निम्न समावेश गर्दछःस्तनपान गराउने आमागर्भवती महिलाबच्चा ०-६ महिनाबच्चा ६ महिनादेखि ३ वर्षबच्चा ३ वर्षदेखि ६ वर्षकिशोरीहरू (११ वर्ष-१९ वर्ष),This includes:ne Breastfeeding and pregnant womenChildren 0-6 monthsChildren 6 months to 3 yearsChildren 3 years to 6 yearsTeens (11 years to 19 years)
Shibpur I C D S Project,शिबपुर आईसीडीएस परियोजना,The Shippur ICDS project is a project of the ICDS.
"In the recent one to three months, no Aanganwadi Worker has visited the beneficiary's home",बितेका एकदेखि तीन महिनामा कोही आंगनवाडी कार्यकर्ता लाभार्थीको घर गएका छैनन्,"In the past one to three months, no Anganwadi worker has visited the beneficiary's home."
Please enter Weight greater than 0.49 and less than 40.01,कृपया 0.49 भन्दा बढी र 40.01 भन्दा कम तौल प्रविष्ट गर्नुहोस्,Please enter weights greater than 0.49 and less than 40.01ne.
You can register with your mobile number directly through the website https://poshantracker.,You can register with your mobile number directly through the website https://poshantracker.,You can register with your mobile number directly through the website https://neposhantracker.
in or by downloading the Poshan Tracker App.,in or by downloading the Poshan Tracker App.,in or by downloading the Posnehan Tracker App.
MPIN is a 4 digits passcode which is set by an Anganwadi worker while registering over the Poshan Tracker App.,MPIN भनेको ४ अंकको पासकोड हो जुन पोसन ट्र्याकर एपमा दर्ता गर्दा आंगनवाडी कार्यकर्ताले सेट गरेको हुन्छ।,MPIN is a 4-digit password code that is set by an Anganwadi worker when registering in the Poson Tracker app.
"Specifications of Smart phone and Technical Compatibility Testing (02 February, 2021)","स्मार्ट फोन र प्राविधिक अनुकूलता परीक्षणका विशिष्टताहरू (०२ फेब्रुअरी, २०२१)","Specifications of smartphones and technical compatibility tests (February 02, 2021)"
Request for child's height and weight measurement,बच्चाको उचाइ र तौल मापनका लागि अनुरोध गर्नुहोस्,Request a measurement of the child's height and weight.
Children (6 months - 3 years),बच्चाहरू (6 महिना - 3 वर्ष),Children (6 months - 3 years)
"We log usage data when you visit or otherwise use our Services, including our sites, app and platform technology.","जब तपाइँ हाम्रो साइटहरू, एप र मंच प्रविधि सहित हाम्रो सेवाहरू भ्रमण गर्नुहुन्छ वा अन्यथा प्रयोग गर्नुहुन्छ हामी प्रयोग डेटा लग गर्छौं।","When you visit or otherwise use our services, including our sites, apps, and platform technology, we collect usage data."
"Result couldn't be fetch, please enter valid data","नतिजा ल्याउन सकिएन, कृपया मान्य डाटा प्रविष्ट गर्नुहोस्","Results were not available, please enter valid data."
Central Golaghat I. C. D. S. Project,केन्द्रीय गोलाघाट आईसीडीएस परियोजना,The central sphere of the ICDS project is the ICDSne.
