eng,or,mBART600M
Please go back to the homepage,ଦୟାକରି ମୂଳପୃଷ୍ଠାକୁ ଫେରନ୍ତୁ |,Please return to the homepage.
Please enter Height greater than 29.99 and less than 140.01,ଦୟାକରି 29.99 ରୁ ଅଧିକ ଏବଂ 140.01 ରୁ କମ୍ ଉଚ୍ଚତା ପ୍ରବେଶ କରନ୍ତୁ |,or please enter a height above 29.99 and below 140.01.
"While login to the Poshan Tracker App, AWWs are required to enter the MPIN set by them.","ପୋଷନ୍ ଟ୍ରାକର୍ ଆପ୍ରେ ଲଗ୍ଇନ୍ କରିବା ସମୟରେ, ଏଡବ୍ଲ୍ୟୁଡବ୍ଲ୍ୟୁମାନେ ସେମାନଙ୍କ ଦ୍ୱାରା ସେଟ୍ ହୋଇଥିବା ପ୍ରବେଶ କରିବାକୁ ଆବଶ୍ୟକ କରିଥାନ୍ତି ।","When logging in to the Nutrition Tracker app, AWWs are required to access the access they set."
This MPIN will act as a passcode to run the Poshan Tracker App and entering the information in the beneficiaries forms.,ଏହି ଏମ୍ପିଆଇଏନ୍ ପୋଷନ୍ ଟ୍ରାକର୍ ଆପ୍ ଚଲାଇବା ଏବଂ ହିତାଧିକାରୀ ଫର୍ମରେ ସୂଚନା ପ୍ରବେଶ କରିବା ପାଇଁ ଏକ ପାସକୋଡ୍ ଭାବରେ କାମ କରିବ ।,This MPAN or Nutrition Tracker will act as a password to run the app and access information in the beneficiary form.
How to ensure timely initiation of complementary feeding,ସଂପନ୍ନ ଖାଦ୍ୟପେୟର ସମୟାନୁବର୍ତ୍ତୀକୁ କିପରି ସୁନିଶ୍ଚିତ କରିବେ,How to ensure that a rich meal is timely?
Poshan Tracker App can only be installed in Android Phone with Android version 6.0 and above.,ପୋଷନ୍ ଟ୍ରାକର୍ ଆପ୍କୁ କେବଳ ଆଣ୍ଡ୍ରଏଡ୍ ଭର୍ସନ୍ 6.0 ଏବଂ ତଦୁର୍ଦ୍ଧ ସହିତ ଆଣ୍ଡ୍ରଏଡ୍ ଫୋନରେ ଇନ୍ଷ୍ଟଲ୍ ହୋଇପାରିବ ।,The Nutritional Tracker app can only be installed on Android phones with Android version 6.0 and above.
General Awareness about Growth Monitoring of Children,ପିଲାମାନଙ୍କର ଅଭିବୃଦ୍ଧି ତଦାରଖ ବିଷୟରେ ସାଧାରଣ ସଚେତନତା,or general awareness of child development monitoring.
Wasting is defined as low weight-for-height,କମ୍ ଓଜନ-ଉଚ୍ଚତା ପାଇଁ ଅପଚୟ କୁ ବ୍ୟାଖ୍ୟା କରାଯାଇଛି |,The definition of waste is for low weight-height.
Hot Cooked Meal (HCM) Given Today,ଆଜି ଦିଆଯାଇଥିବା ଗରମ ଭୋଜନ (HCM),Or the hot meal served today (HCM).
There are 6 categories for beneficiariesPregnant WomenLactating MotherChildren from 0 to 6 monthsChildren from 6 months to 3 yearsChildren from 3 years to 6 yearsAdolescent girls,ହିତାଧିକାରୀଙ୍କ ପାଇଁ 6 ଟି ବର୍ଗ ଅଛିଗର୍ଭବତୀ ମହିଳାସ୍ତନ୍ୟପାନ କରାଉଥିବା ମାତା0 ରୁ 6 ମାସ ପର୍ଯ୍ୟନ୍ତ ପିଲାମାନେ6 ମାସରୁ 3 ବର୍ଷ ପର୍ଯ୍ୟନ୍ତ ପିଲାମାନେ3 ବର୍ଷରୁ 6 ବର୍ଷ ପର୍ଯ୍ୟନ୍ତ ପିଲାମାନେକିଶୋର ଝିଅମାନେ,There are six categories for beneficiaries or pregnant women breastfeeding mothers0 to 6 months children6 months to 3 years children3 to 6 years childrenadolescent girls
"Data Plan for Mobile Application (01 March, 2021)","ମୋବାଇଲ୍ ଆପ୍ଲିକେସନ୍ ପାଇଁ ଡାଟା ପ୍ଲାନ୍ (01 ମାର୍ଚ୍ଚ, 2021)","or data plan for mobile applications (March 01, 2021)"
 VIII. LIMITATIONS OF MULTI- LINGUAL INTERFACE, VIII. ଏକାଧିକ ଭାଷାଭାଷୀ ଇଣ୍ଟରଫେସ୍ ର ସୀମା |,VIII.or the boundary of multilingual interfaces.
Srijangram I. C. D. S. Project,ଶ୍ରୀଜନଗ୍ରାମ ଆଇସିଡିଏସ ପ୍ରକଳ୍ପ,The Srijanorgram ICDS project is being implemented in Srijanor.
Poshan Calculator helps to identify various health conditions of the child as per World Health Organization (WHO) standards,ବିଶ୍ୱ ସ୍ୱାସ୍ଥ୍ୟ ସଂଗଠନ (WHO) ମାନକ ଅନୁଯାୟୀ ପୃଷ୍ଟିକର କାଲ୍କୁଲେଟର ଶିଶୁର ବିଭିନ୍ନ ସ୍ୱାସ୍ଥ୍ୟ ଅବସ୍ଥା ଚିହ୍ନଟ କରିବାରେ ସାହାଯ୍ୟ କରେ,"According to the World Health Organization (WHO) standard, a nutrition calculator helps identify various health conditions in a child."
How to take care of weak newborn with the help of Kangaroo Mother Care,କଙ୍ଗାରୁ ମଦର କେୟାର ସାହାଯ୍ୟରେ କିପରି ଦୁର୍ବଳ ନବଜାତ ଶିଶୁର ଯତ୍ନ ନେବେ,How can Kangaroo Mother Care help her care for a weak newborn baby?
Poshan Tracker App is available over Google playstore https://play. google. com/store/apps/details?,ଗୁଗଲ୍ ପ୍ଲେ ଷ୍ଟୋର https://play. google. com/store/apps/details?,Or the Google Play Store https://play.google.com/store/apps/details?
Can App be accessed without internet?,ଇଣ୍ଟରନେଟ୍ ବିନା ଆପ୍କୁ ବ୍ୟବହାର କରାଯାଇପାରିବ କି?,Is it possible to use the app without the internet?
The Government has taken several initiatives to break the intergenerational cycle of malnutrition in children.,ଶିଶୁମାନଙ୍କର ପୁଷ୍ଟିହୀନତାର ଆନ୍ତ gen ଜାତୀୟ ଚକ୍ରକୁ ଭାଙ୍ଗିବା ପାଇଁ ସରକାର ଅନେକ ପଦକ୍ଷେପ ନେଇଛନ୍ତି।,The government has taken several steps to break the intergenic national cycle of child malnutrition.
"Adopting a life-cycle approach, interventions have been designed to meet the nutritional requirement of adolescent girls and boys, pregnant women, lactating mothers and children.","ଏକ ଜୀବନଚକ୍ର ପଦ୍ଧତିକୁ ଗ୍ରହଣ କରି କିଶୋର ବାଳିକା ଏବଂ ବାଳକ, ଗର୍ଭବତୀ ମହିଳା, ସ୍ତନ୍ୟପାନ କରାଉଥିବା ମା ଏବଂ ପିଲାମାନଙ୍କର ପୁଷ୍ଟିକର ଆବଶ୍ୟକତା ପୂରଣ ପାଇଁ ହସ୍ତକ୍ଷେପ ପ୍ରସ୍ତୁତ କରାଯାଇଛି |","The intervention is designed to meet the nutritional needs of teenage girls and boys, pregnant women, breastfeeding mothers and children by adopting a lifecycle approach."
Awareness for Pregnancy in Preventing Anemia,ରକ୍ତହୀନତାକୁ ରୋକିବାରେ ଗର୍ଭଧାରଣ ପାଇଁ ସଚେତନତା,Awareness of pregnancy in preventing anemia
"Howrah North (U) I. C. D. S. Project, Howrah","ହାୱଡା ନର୍ଥ (ୟୁ) ଆଇସିଡିଏସ ପ୍ରୋଜେକ୍ଟ, ହାୱଡା","Hawada North (U) ICDS Project, Hawada"
Birth Preparedness- For Institutional and Home Delivery,ଜନ୍ମ ପ୍ରସ୍ତୁତି- ଅନୁଷ୍ଠାନିକ ଏବଂ ଗୃହ ବିତରଣ ପାଇଁ,Or birth preparation - for institutional and home delivery.
New beneficiary addition with skip OTP option,ସ୍କିପ୍ OTP ବିକଳ୍ପ ସହିତ ନୂତନ ହିତାଧିକାରୀ ଯୋଗ,Adding new beneficiaries with the Skipor OTP option
We are now available on Video Conference,ଆମେ ବର୍ତ୍ତମାନ ଭିଡିଓ କନଫରେନ୍ସରେ ଉପଲବ୍ଧ,We are now available via videoconferencing or video conferencing.
"Poshan Tracker App is meant for Aanganwadi workers, Anganwadi centers to enter beneficiaries data in the forms.","ପୋଷନ୍ ଟ୍ରାକର୍ ଆପ୍ ଆଙ୍ଗାନୱାଡି କର୍ମକର୍ତ୍ତା, ଅଙ୍ଗନୱାଡି କେନ୍ଦ୍ରଗୁଡିକ ପାଇଁ ଫର୍ମରେ ହିତାଧିକାରୀଙ୍କ ତଥ୍ୟ ପ୍ରବେଶ କରିବା ପାଇଁ ଉଦ୍ଦିଷ୍ଟ ।","The Nutrition Tracker app is designed for Anganwadi workers, Anganwadi centers to access the beneficiary's data on the form."
It is not at all developed for general public.,ଏହା ସାଧାରଣ ଜନତାଙ୍କ ପାଇଁ ଏହା ବିକାଶ କରାଯାଇ ନାହିଁ ।,Or it is not developed for the general public.
Swastha Balak/Balika Spardha Mission is about celebrating the health of children in India.,Swastha Balak/Balika Spardha Mission is about celebrating the health of children in India.,Swastha Balak/Balika Spardha Mission is about celebrating the health of children in India.
It entails identification and awareness of health conditions and providing necessary support wherever required.,It entails identification and awareness of health conditions and providing necessary support wherever required.,Or it involves identifying and raising awareness of health conditions and providing necessary support wherever needed.
”Our Privacy Policy applies when you use our Services (described below).,"""Our Privacy Policy applies when you use our Services (described below).","""or Our Privacy Policy applies when you use our Services (described below)."
"This Privacy Policy is meant to help you understand what information we collect, why we collect it, and how it is used and shared.","This Privacy Policy is meant to help you understand what information we collect, why we collect it, and how it is used and shared.","or This Privacy Policy is intended to help you understand what information we collect, why we collect it, and how it is used and shared."
The collecting and retaining agency in respect of your information is Ministry of Women and Child Development.,The collecting and retaining agency in respect of your information is Ministry of Women and Child Development.,The agency collecting and retaining your information is the Ministry of Women and Child Development.
We are committed to protecting the security of your personal information and safeguarding your privacy.,We are committed to protecting the security of your personal information and safeguarding your privacy.,or We are committed to protecting the security of your personal information and safeguarding your privacy.
How to revive your health if you are Underweight,ଯଦି ତୁମେ ଓଜନ କମ ତେବେ କିପରି ତୁମର ସ୍ୱାସ୍ଥ୍ୟକୁ ପୁନର୍ଜୀବିତ କରିବ ।,Or how to restore your health if you are underweight.
Can a beneficiary change his/her AWC?,ଜଣେ ହିତାଧିକାରୀ ତାଙ୍କର AWC ପରିବର୍ତ୍ତନ କରିପାରିବେ କି?,Or can a beneficiary change his AWC?
"We use the information we have, to help verify accounts.The records may be used for verification of health status for the purposes of Poshan Tracker control and response.",ଖାତା ଯାଞ୍ଚ କରିବାରେ ସାହାଯ୍ୟ କରିବାକୁ ଆମେ ପାଖରେ ଥିବା ସୂଚନା ବ୍ୟବହାର କରୁ | ରେକର୍ଡଗୁଡିକ ପୃଷ୍ଟିକର ଟ୍ରାକର୍ ନିୟନ୍ତ୍ରଣ ଏବଂ ପ୍ରତିକ୍ରିୟା ଉଦ୍ଦେଶ୍ୟରେ ସ୍ୱାସ୍ଥ୍ୟ ସ୍ଥିତିର ଯାଞ୍ଚ ପାଇଁ ବ୍ୟବହୃତ ହୋଇପାରେ |,We use the information we have available to help verify the account or records that can be used to verify health status for the purpose of monitoring and tracking the feed's tracking and response.
Scan the QR Code to Download the App,ଆପ୍ ଡାଉନଲୋଡ୍ କରିବାକୁ କ୍ୟୁଆର୍ କୋଡ୍ ସ୍କାନ୍ କରନ୍ତୁ,Scan the QR code to download the app.
Who is eligible for Hot Cooked Meal?,ଗରମ ରନ୍ଧା ଖାଦ୍ୟ ପାଇଁ କିଏ ଯୋଗ୍ୟ?,Or who is eligible for hot-cooked meals?
Identifying and preventing Severe Acute Malnutrition,ଗୁରୁତର ତୀବ୍ର ପୁଷ୍ଟିହୀନତାକୁ ଚିହ୍ନଟ କରିବା ଏବଂ ପ୍ରତିରୋଧ କରିବା,Or to identify and prevent severe acute malnutrition.
Children who are identified as deficit on nutrition are eligible for additional food supplements.,ପୁଷ୍ଟିକର ଖାଦ୍ୟର ଅଭାବ ବୋଲି ଚିହ୍ନିତ ପିଲାମାନେ ଅତିରିକ୍ତ ଖାଦ୍ୟ ସପ୍ଲିମେଣ୍ଟ ପାଇଁ ଯୋଗ୍ୟ ଅଟନ୍ତି |,Children who are identified as malnourished are eligible for additional food supplements.
Who is eligible for additional supplementary food.,କିଏ ଅତିରିକ୍ତ ସପ୍ଲିମେଣ୍ଟାରୀ ଖାଦ୍ୟ ପାଇଁ ଯୋଗ୍ୟ ଅଟେ |,Who is eligible for additional supplementary food?
"Uploading of Data of Anganwadi Services Schemes in Poshan Tracker (24 May, 2021)","ପୋଷଣ ଟ୍ରାକରରେ ଅଙ୍ଗନୱାଡି ସେବା ସ୍କିମଗୁଡିକର ଡାଟା ଅପଲୋଡ୍ (24 ମଇ, 2021)",Uploaded data of the Anganwadi service schemes in the Nutrition Tracker (24 May 2021)
Children between 6 months - 3 years,6 ମାସ -3 ବର୍ଷ ମଧ୍ୟରେ ପିଲାମାନେ,Children between 6 months and 3 years of age.
"Ministry of Women and Child Development, Government of India, Shastri Bhawan, New Delhi","ମହିଳା ଏବଂ ଶିଶୁ ବିକାଶ ମନ୍ତ୍ରଣାଳୟ, ଭାରତ ସରକାର, ଶାସ୍ତ୍ରୀ ଭବନ, ନୂଆଦିଲ୍ଲୀ","Ministry of Women and Child Development, Government of India, Shastri Bhavan, New Delhi"
Care of the weak newborn baby - How many weak babies are we missing?,ଦୁର୍ବଳ ନବଜାତ ଶିଶୁର ଯତ୍ନ - ଆମେ କେତେ ଦୁର୍ବଳ ଶିଶୁ ହରାଉଛୁ?,Or caring for a weak newborn - how many vulnerable babies are we losing?
Underweight children who received Supplementary Nutrition,ସପ୍ଲିମେଣ୍ଟାରୀ ପୁଷ୍ଟିକର ଗ୍ରହଣ କରିଥିବା ଅଳ୍ପ ଓଜନ ବିଶିଷ୍ଟ ପିଲାମାନେ,Children with low weight who have taken supplemental nutrients
Identification and care of a Weak Newborn baby,ଏକ ଦୁର୍ବଳ ନବଜାତ ଶିଶୁର ପରିଚୟ ଏବଂ ଯତ୍ନ,Or identifying and caring for a weak newborn child.
1.2. Information from use of services.,1.2. ସେବାଗୁଡିକର ବ୍ୟବହାରରୁ ସୂଚନା |,1.2.or information from the use of services.
Please contact your respective Anganwadi Centre.,ଦୟାକରି ଆପଣଙ୍କର ସମ୍ପୃକ୍ତ ଅଙ୍ଗନୱାଡି କେନ୍ଦ୍ର ସହିତ ଯୋଗାଯୋଗ କରନ୍ତୁ |,Please contact your associated Anganwadi Centre.
GOBARDANGA I. C. D. S PROJECT(U),ଗୋବର୍ଦଙ୍ଗା ଆଇସିଡିଏସ ପ୍ରକଳ୍ପ (ୟୁ),Gowardanga is the ICDS project (U)
Please fill in the form below to create a new ticket.Anganwadi Worker will reach out to you within 48 hours.,ଦୟାକରି ଏକ ନୂତନ ଟିକେଟ୍ ସୃଷ୍ଟି କରିବାକୁ ନିମ୍ନରେ ଥିବା ଫର୍ମ ପୂରଣ କରନ୍ତୁ | ଅଙ୍ଗନୱାଡି କର୍ମୀ 48 ଘଣ୍ଟା ମଧ୍ୟରେ ଆପଣଙ୍କ ନିକଟରେ ପହଞ୍ଚିବ |,"To create a new ticket, please fill out the form below.The Anganwadi worker will reach you within 48 hours."
Please note down the ticket number for future reference.,ଦୟାକରି ଭବିଷ୍ୟତ ରେଫରେନ୍ସ ପାଇଁ ଟିକେଟ୍ ନମ୍ବର୍ ନୋଟ୍ କରନ୍ତୁ।,Or please note the ticket number for future reference.
Poshan Tracker is a project of Ministry of Women and Child Development.,ପୋଷଣ ଟ୍ରାକର ହେଉଛି ମହିଳା ଏବଂ ଶିଶୁ ବିକାଶ ମନ୍ତ୍ରଣାଳୟର ଏକ ପ୍ରକଳ୍ପ ।,Nutrition Tracker is a project of the Ministry of Women and Child Development.
Digital India Corporation is the technical partner of MoWCD.,ଡିଜିଟାଲ ଇଣ୍ଡିଆ କର୍ପୋରେସନ ହେଉଛି MoWCDର ବୈଷୟିକ ଅଂଶୀଦାର ।,Digital India Corporation is the technical partner of MoWCD.
Poshan Tracker focuses on eradication of malnutrition from India.,ପୋଷଣ ଟ୍ରାକର ଭାରତରୁ ପୁଷ୍ଟିହୀନତା ନିରାକରଣ ଉପରେ ଧ୍ୟାନ ଦେଇଥାଏ ।,Nutrition Tracker focuses on the prevention of malnutrition from India.
It serves as a mechanism to monitor and improvise on the service delivery under Poshan Abhiyaan,ଏହା ପୋଷଣ ଅଭିଯାନ ଅଧୀନରେ ସେବା ବିତରଣ ଉପରେ ନଜର ରଖିବା ଏବଂ ଉନ୍ନତି କରିବା ପାଇଁ ଏକ ପ୍ରଣାଳୀ ଭାବରେ କାର୍ଯ୍ୟ କରେ,It also serves as a mechanism for monitoring and improving service delivery under the Nutrition Campaign.
Is poshan trackers app available over Apple I Store also?,ଆପଲ୍ ଆଇ ଷ୍ଟୋରରେ ପୋଷନ୍ ଟ୍ରାକ୍ ଆପ୍ ମଧ୍ୟ ଉପଲବ୍ଧ ରହିଛି କି?,Is the Nutrition Track app also available on the Apple Apple Store?
Number of records becoming inactive and number of records migrating from one category to another,ରେକର୍ଡଗୁଡିକର ସଂଖ୍ୟା ନିଷ୍କ୍ରିୟ ହେବା ଏବଂ ଗୋଟିଏ ବର୍ଗରୁ ଅନ୍ୟ ବର୍ଗକୁ ସ୍ଥାନାନ୍ତରିତ ରେକର୍ଡ୍ ସଂଖ୍ୟା,Or the number of records being inactive and the number of records being transferred from one category to another.
In How many languages the Poshan Tracker App is available?,ପୋଷନ୍ ଟ୍ରାକର୍ ଆପ୍ କେତୋଟି ଭାଷାରେ ଉପଲବ୍ଧ ରହିଛି?,How many languages is the Nutrition Tracker app available?
AWWs are requested to enter their mobile numbers in the Login screen.,ଏଡବ୍ଲ୍ୟୁଡବ୍ଲ୍ୟୁମାନଙ୍କୁ ଲଗଇନ୍ ସ୍କ୍ରିନରେ ନିଜର ମୋବାଇଲ୍ ନମ୍ବର ପ୍ରବେଶ କରିବାକୁ ଅନୁରୋଧ କରାଯାଇଛି ।,AWS is asked to enter their mobile number on the login screen.
"An OTP will be sent to your registered mobile number, post which you are required too set your MPIN.","ଆପଣଙ୍କର ପଞ୍ଜୀକୃତ ମୋବାଇଲ୍ ନମ୍ବରକୁ ଏକ ଓଟିପି ପଠାଯିବ, ଯାହାପରେ ଆପଣଙ୍କୁ ଏମ୍ପିଆଇଏନ୍ ସେଟ୍ କରିବାକୁ ପଡିବ ।","An OTP will be sent to your registered mobile number, after which you will need to set the MPIN."
Measles Containing vaccine (MCV)/MR-2JE-2**DiphtheriaPertussis & Tetanus (DPT)-Booster-1OPV –Booster,ମିଳିମିଳା ଧାରଣକାରୀ ଟିକା (MCV) / MR-2JE-2**ଡିଫଥେରିଆପର୍ଟୁସିସ୍ ଏବଂ ଟିଟାନସ୍ (DPT) -ବଷ୍ଟର -1OPV - ବୁଷ୍ଟର,or the fluid-containing vaccine (MCV) /MR-2JE-2**dephtheriapertucis and titanium (DPT) -buster -1OPV -buster
"The MGRS collected primary growth data and related information from approximately 8500 children from widely different ethnic backgrounds and cultural settings (Brazil, Ghana, India, Norway, Oman and the USA)","MGRS ପ୍ରାଥମିକ ଅଭିବୃଦ୍ଧି ତଥ୍ୟ ଏବଂ ଆନୁସଙ୍ଗିକ ସୂଚନା ପ୍ରାୟ 8500 ପିଲାଙ୍କ ଠାରୁ ବିଭିନ୍ନ ଜାତିଗତ ପୃଷ୍ଠଭୂମି ଏବଂ ସାଂସ୍କୃତିକ ସେଟିଂସମୂହ (ବ୍ରାଜିଲ, ଘାନା, ଭାରତ, ନରୱେ, ଓମାନ ଏବଂ ଯୁକ୍ତରାଷ୍ଟ୍ର) ରୁ ସଂଗ୍ରହ କରିଥିଲା   |","MGorRS collected preliminary growth data and related information from approximately 8,500 children from various ethnic backgrounds and cultural settings (Brazil, Ghana, India, Norway, Oman and the United States)."
"Awareness for Children Stunting, Wasting to prevent malnutrition in children","ପିଲାମାନଙ୍କ ପାଇଁ ସଚେତନତା, ପିଲାମାନଙ୍କଠାରେ ପୁଷ୍ଟିହୀନତାକୁ ରୋକିବା ପାଇଁ ଅପଚୟ","or awareness for children, waste to prevent childhood malnutrition."
Poshan Tracker adds new application features,ପୋଷଣ ଟ୍ରାକର୍ ନୂତନ ଆପ୍ଲିକେସନ୍ ବୈଶିଷ୍ଟ୍ୟଗୁଡିକ ଯୋଡିଥାଏ,Nutrition tracker adds new application features to the feed.
Making or Updating Home Visit Planner and Initiating home visits,ଘର ପରିଦର୍ଶନ ଯୋଜନା ପ୍ରସ୍ତୁତ କରିବା କିମ୍ବା ଅଦ୍ୟତନ କରିବା ଏବଂ ଘର ପରିଦର୍ଶନ ଆରମ୍ଭ କରିବା,Or to prepare or update a home visitation plan and start home visits.
Poshan Calculator is designed to measure growth of the child based on standards defined by World Health Organization (WHO),ବିଶ୍ୱ ସ୍ୱାସ୍ଥ୍ୟ ସଂଗଠନ (WHO) ଦ୍ୱାରା ବ୍ୟାଖ୍ୟା କରାଯାଇଥିବା ମାନାଙ୍କ ଉପରେ ଆଧାର କରି ଶିଶୁର ଅଭିବୃଦ୍ଧି ମାପିବା ପାଇଁ ପୃଷ୍ଟିକର କାଲ୍କୁଲେଟର ଡିଜାଇନ୍ କରାଯାଇଛି,Nutrition calculator is designed to measure the growth of a child based on the standards defined by the World Health Organization (WHO).
Migrated from one category to another,ଗୋଟିଏ ବର୍ଗରୁ ଅନ୍ୟ ବର୍ଗକୁ ସ୍ଥାନାନ୍ତରିତ ହୋଇଛି,Or moved from one category to another.
It usually occurs when a person has not had food of adequate quality and quantity and/or they have had frequent or prolonged illnesses,ଏହା ସାଧାରଣତ ଘଟେ ଯେତେବେଳେ ଜଣେ ବ୍ୟକ୍ତିର ପର୍ଯ୍ୟାପ୍ତ ଗୁଣ ଏବଂ ପରିମାଣର ଖାଦ୍ୟ ନଥାଏ ଏବଂ / କିମ୍ବା ସେମାନଙ୍କର ବାରମ୍ବାର କିମ୍ବା ଦୀର୍ଘସ୍ଥାୟୀ ରୋଗ ହୋଇଥାଏ |,Or it usually happens when a person does not have enough quality and quantity of food and/or they have a recurrent or chronic illness.
"Poshan Abhiyaan is India’s flagship programme to improve nutritional outcomes for children, adolescents, pregnant women and lactating mothers by leveraging technology, a targeted approach and convergence.","ଶିଶୁ, କିଶୋର, ଗର୍ଭବତୀମାନଙ୍କ ପାଇଁ ପୁଷ୍ଟିକର ପରିଣାମକୁ ସୁଦୃଢ କରିବା ପାଇଁ ପୋଷନ୍ ଅଭିଆନ୍ ହେଉଛି ଭାରତର ଏକ ପ୍ରମୂଖ କାର୍ଯ୍ୟକ୍ରମ ।","PURN ABIAN is a flagship programme in India to strengthen the nutritional outcomes for children, adolescents, pregnant women."
Hot Cooked Meal (HCM) given in last 30 days,ବିଗତ 30 ଦିନ ମଧ୍ୟରେ ଦିଆଯାଇଥିବା ଗରମ ଭୋଜନ (HCM),Or a hot meal (HCM) served within the last 30 days.
Uploading of Data of Anganwadi Services Schemes in Poshan Tracker,ପୃଷ୍ଟିକର ଟ୍ରାକରରେ ଅଙ୍ଗନୱାଡି ସେବା ଯୋଜନା ଗୁଡିକର ଡାଟା ଅପଲୋଡ୍,Uploading data of the Anganwadi service schemes to the feeder tracker.
How can one Download Poshan Tracker App?,ଜଣେ କିପରି ଭାବେ ପୋଷନ୍ ଟ୍ରାକର୍ ଆପ୍ ଡାଉନଲୋଡ୍ କରିପାରିବେ?,How can one download the Nutrition Tracker app?
"Clarification regarding Cost of Smart phones (03 June, 2021)","ସ୍ମାର୍ଟ ଫୋନର ମୂଲ୍ୟ ବିଷୟରେ ସ୍ପଷ୍ଟୀକରଣ (03 ଜୁନ୍, 2021)","Or clarification on the price of a smartphone (June 03, 2021)"
along with status update once resolved,ଥରେ ସମାଧାନ ହେବା ପରେ ସ୍ଥିତି ଅପଡେଟ୍ ସହ,"Once resolved, the status is updated with the status update."
Poshan Tracker adds new Resources on Website,ପୋଷଣ ଟ୍ରାକର୍ ୱେବସାଇଟ୍ ବୈଶିଷ୍ଟ୍ୟରେ ନୂତନ ଉତ୍ସ ଯୋଡିଥାଏ,Nutrition Tracker adds new resources to the website feature.
"If this is your first time contacting us or you've lost the ticket number, please open a new ticket","ଯଦି ଏହା ଆମର ପ୍ରଥମ ଥର ଆମ ସହିତ ଯୋଗାଯୋଗ କରେ କିମ୍ବା ଆପଣ ଟିକେଟ୍ ନମ୍ବର ହରାଇଛନ୍ତି, ଦୟାକରି ଏକ ନୂତନ ଟିକେଟ୍ ଖୋଲନ୍ତୁ","If this is our first time contacting us or you have lost your ticket number, please open a new ticket."
"Technology under Poshan Tracker is being leveraged for dynamic identification of stunting, wasting, under-weight prevalence among children and last mile tracking of nutrition service delivery","ପୋଶାନ୍ ଟ୍ରାକର୍ ଅନ୍ତର୍ଗତ ଟେକ୍ନୋଲୋଜିକୁ ଷ୍ଟଣ୍ଟିଂ, ଅପଚୟ, ପିଲାମାନଙ୍କ ମଧ୍ୟରେ କମ୍ ଓଜନ ପ୍ରାଦୁର୍ଭାବ ଏବଂ ପୁଷ୍ଟିକର ସେବା ବିତରଣର ଶେଷ ମାଇଲ୍ ଟ୍ରାକିଂର ଗତିଶୀଳ ଚିହ୍ନଟ ପାଇଁ ବ୍ୟବହାର କରାଯାଉଛି |","The technology under the Poshanor Tracker is being used to dynamically identify stunts, waste, childhood obesity and last mile tracking of nutrition services."
"The System also takes feedback about system performance and experience.Information on name, mobile number, date of registration and health status may be used for these purposes","ସିଷ୍ଟମ୍ କାର୍ଯ୍ୟଦକ୍ଷତା ଏବଂ ଅଭିଜ୍ଞତା ବିଷୟରେ ମତାମତ ମଧ୍ୟ ନେଇଥାଏ | ଏହି ଉଦ୍ଦେଶ୍ୟରେ ନାମ, ମୋବାଇଲ୍ ନମ୍ବର, ପଞ୍ଜୀକରଣ ତାରିଖ ଏବଂ ସ୍ୱାସ୍ଥ୍ୟ ସ୍ଥିତି ବିଷୟରେ ସୂଚନା ବ୍ୟବହୃତ ହୋଇପାରେ |","The system also takes feedback on performance and experience, for which information about name, mobile number, registration date and health status may be used."
Tracking of services to the end beneficiary at a click of a button.,ଏକ ବଟନ୍ କ୍ଲିକ୍ କରି ଶେଷ ହିତାଧିକାରୀଙ୍କୁ ସେବାଗୁଡିକର ଟ୍ରାକିଂ କର।,Tracking services to the end beneficiaries by clicking a button.
"Services like Take Home Ration (THR) and Hot cooked Meal (HCM), vaccination for Infants and Pregnant Women","ଘରର ରାସନ ନିଅ (THR) ଏବଂ ରନ୍ଧା ଖାଦ୍ୟ (HCM), ଶିଶୁ ଏବଂ ଗର୍ଭବତୀ ମହିଳାଙ୍କ ପାଇଁ ଟୀକାକରଣ ପରି ସେବାଗୁଡିକ |","Take home ration (THR) and cooked food (HCM), vaccination for babies and pregnant women, and other services."
"New Poshan Tracker App (13 January, 2021)","ନୂତନ ପୋଷନ୍ ଟ୍ରାକର୍ ଆପ୍ (13 ଜାନୁଆରୀ, 2021)","Oror is the new nutrition tracker app (January 13, 2021)"
Preventing illnesses to avert Malnutrition and Death,ପୁଷ୍ଟିହୀନତା ଏବଂ ମୃତ୍ୟୁକୁ ରୋକିବା ପାଇଁ ରୋଗକୁ ରୋକିବା,Or preventing illness to prevent malnutrition and death.
Scan the QR Code to Download the App,ଆପ୍ ଡାଉନଲୋଡ୍ କରିବାକୁ QR କୋଡ୍ ସ୍କାନ୍ କରନ୍ତୁ,Scan the QR code to download the app.
Pregnant women who received Take Home Ration (THR),ଗର୍ଭବତୀ ମହିଳାମାନେ ଯେଉଁମାନେ ଘର ରାସନ (THR) ଗ୍ରହଣ କରିଥିଲେ,or pregnant women who received a home ration (THR).
General Awareness on SAM and MAM,SAM ଏବଂ MAM ଉପରେ ସାଧାରଣ ସଚେତନତା,General awareness about SAMor and MAM.
"App can be accessed offline, currently daily tracking feature is available for offline data entry.Offline mode can store latest 3 days data.","ନା, ବୈଧ ଇଣ୍ଟରନେଟ୍ ସଂଯୋଗ ବିନା ଆପ୍ କାମ କରିବ ନାହିଁ ।","No, the app won't work without a valid internet connection."
These organizations will not use the APIs/ No-code webpage integration to encourage or promote illegal activity or violation of third-party rights including these Terms with Poshan Tracker.,ବେଆଇନ କାର୍ଯ୍ୟକଳାପକୁ ପ୍ରୋତ୍ସାହନ ଦେବା ପାଇଁ କିମ୍ବା ପୃଷ୍ଟିକର ଟ୍ରାକର୍ ସହିତ ଏହି ସର୍ତ୍ତଗୁଡିକ ସହିତ ତୃତୀୟ-ପକ୍ଷ ଅଧିକାରର ଉଲ୍ଲଂଘନକୁ ପ୍ରୋତ୍ସାହନ ଦେବା ପାଇଁ ଏହି ସଂସ୍ଥାଗୁଡିକ API / No-code ୱେବପୃଷ୍ଠା ସଂଯୋଗକୁ ବ୍ୟବହାର କରିବେ ନାହିଁ |,These entities will not use API/No-code web page connections to promote illegal activity or to promote violations of third-party rights with these Terms and Conditions with a page tracker.
"Pregnant Women, Lactating Mothers, Children from 6 months to 3 years and adolescent girls.","ଗର୍ଭବତୀ ମହିଳା, ସ୍ତନ୍ୟପାନ କରାଉଥିବା ମା, 6 ମାସରୁ 3 ବର୍ଷ ପର୍ଯ୍ୟନ୍ତ ପିଲା ଏବଂ କିଶୋର ବାଳିକା |","Pregnant women, nursing mothers, infants from 6 months to 3 years old and teenage girls."
"New Poshan Tracker App : CSC-SPV Nodal Person (02 February, 2021)","ନୂଆ ପୋଷନ୍ ଟ୍ରାକର୍ ଆପ୍ଃ CSC-SPV ନୋଡାଲ୍ ବ୍ୟକ୍ତି (02 ଫେବୃଆରୀ, 2021)","Or the new nutrition tracker app: CSC-SPV nodal person (February 02, 2021)"
An AWW can use ‘Migrate Beneficiary’ option to migrate a beneficiary from one AWC to another AWC basis their Aadhaar number.,ଜଣେ AWW ଏକ ହିତାଧିକାରୀଙ୍କୁ ଗୋଟିଏ AWC ରୁ ଅନ୍ୟ AWC ଆଧାର ନମ୍ବର ଆଧାରରେ ସ୍ଥାନାନ୍ତର କରିବା ପାଇଁ 'ସ୍ଥାନାନ୍ତର ହିତାଧିକାରୀ' ବିକଳ୍ପ ବ୍ୟବହାର କରିପାରିବ |,An AWW or AWW can use the 'Transfer Beneficiary' option to transfer a beneficiary from one AWC to another based on AWC Aadhaar number.
A beneficiary is eligible for HCM for at least 21 days in a month.,ଜଣେ ହିତାଧିକାରୀ ଏକ ମାସରେ ଅତି କମ୍ ରେ 21 ଦିନ ପାଇଁ HCM ପାଇଁ ଯୋଗ୍ୟ ଅଟନ୍ତି |,Or a beneficiary is eligible for HCM for at least 21 days a month.
ABHA (Health ID) and its Benefits,ABHA (ସ୍ୱାସ୍ଥ୍ୟ ID) ଏବଂ ଏହାର ଉପକାରିତା,ABorHA (Health ID) and its usefulness.
"We'ar sorry, the page you requested could not be found.","ଆମେ ଦୁ sorry ଖିତ, ଆପଣ ଅନୁରୋଧ କରିଥିବା ପୃଷ୍ଠା ମିଳିଲା ନାହିଁ |","We are sorry, but the page you requested did not appear."
Dadra & Nagar Haveli - Daman & Diu,ଦାଦ୍ରା ଏବଂ ନଗର ହାଭେଲି - ଦମାନ ଏବଂ ଦିଉ,Dadra and Nagar Haveli - Daman and Diu
Download Mobile App from Play Store,ପ୍ଲେ ଷ୍ଟୋରରୁ ମୋବାଇଲ୍ ଆପ୍ ଡାଉନଲୋଡ୍ କରନ୍ତୁ,Download the mobile app from the Playor Store.
General Awareness on the Delivery of the child,ଶିଶୁର ପ୍ରସବ ଉପରେ ସାଧାରଣ ସଚେତନତା,Or general awareness of childbirth.
Where can I enquire about Hot Cooked Meal?,ଗରମ ରନ୍ଧା ଖାଦ୍ୟ ବିଷୟରେ ମୁଁ କେଉଁଠାରେ ପଚାରିବି?,Or where can I ask about hot food?
In how many languages AWW can enter the data while filling up the form?,ଫର୍ମ ପୂରଣ କରିବା ସମୟରେ ଏଡବ୍ଲ୍ୟୁଡବ୍ଲ୍ୟୁ କିମ୍ୱା ଏଡବ୍ଲ୍ୟୁସି କେତେଗୋଟି ଭାଷାରେ ତଥ୍ୟ ପ୍ରବେଶ କରିପାରିବେ?,When filling out a form or how many languages can AWS or AWS access data in?
Children who are identified as deficit on nutrition are eligible for additional food supplements.,ପୁଷ୍ଟିକର ଖାଦ୍ୟର ଅଭାବ ବୋଲି ଚିହ୍ନିତ ପିଲାମାନେ ଅତିରିକ୍ତ ଖାଦ୍ୟ ସପ୍ଲିମେଣ୍ଟ ପାଇଁ ଯୋଗ୍ୟ ଅଟନ୍ତି |,Children who are identified as malnourished are eligible for additional food supplements.
An underweight person is a person whose body weight is considered too low to be healthy,"ଜଣେ ଓଜନିଆ ବ୍ୟକ୍ତି ହେଉଛନ୍ତି ଜଣେ ବ୍ୟକ୍ତି, ଯାହାର ଶରୀରର ଓଜନ ସୁସ୍ଥ ରହିବା ପାଇଁ ଅତ୍ୟଧିକ କମ୍ ବୋଲି ବିବେଚନା କରାଯାଏ |",An overweight person is someone whose body weight is considered too low to be healthy.
When and how to use MPIN?,ଏମ୍ପିଆଇଏନ୍କୁ କେବେ ଏବଂ କିପରି ଭାବେ ବ୍ୟବହାର କରିବେ?,When and how to use the MPAN?
Ensuring that complementary feeding improves over time,ସୁନିଶ୍ଚିତ କରିବା ଯେ ସଂପନ୍ନ ଖାଦ୍ୟପେୟ ସମୟ ସହିତ ଉନ୍ନତି କରେ,Or making sure that the fortified diet improves over time.
Using ABHA (Health ID) is the first step towards creating safer and efficient digital health records for you and your family.,ABHA (ସ୍ୱାସ୍ଥ୍ୟ ID) ବ୍ୟବହାର କରିବା ଆପଣଙ୍କ ଏବଂ ଆପଣଙ୍କ ପରିବାର ପାଇଁ ନିରାପଦ ଏବଂ ଦକ୍ଷ ଡିଜିଟାଲ୍ ସ୍ୱାସ୍ଥ୍ୟ ରେକର୍ଡ ସୃଷ୍ଟି କରିବାର ପ୍ରଥମ ପଦକ୍ଷେପ |,Using ABorHA (Health ID) is the first step towards creating a safe and efficient digital health record for you and your family.
ABHA (earlier known as Health ID) is an acronym for Ayushman Bharat Health Account.,ABHA (ପୂର୍ବରୁ ସ୍ୱାସ୍ଥ୍ୟ ID ଭାବରେ ଜଣାଶୁଣା) ଆୟୁଷ୍ମାନ ଭାରତ ସ୍ବାସ୍ଥ୍ୟ ଖାତା ପାଇଁ ଏକ ସଂକ୍ଷିପ୍ତ ଶବ୍ଦ |,ABorHA (formerly known as Health ID) is an acronym for Ayushman Bharat Health Account.
AWW/AWCs can only be added by nodal level official.Anybody in the above rank in the hierarchy.,"ଏଡବ୍ଲ୍ୟୁଡବ୍ଲ୍ୟୁ / ଏଡବ୍ଲ୍ୟୁସିଙ୍କୁ କେବଳ ନୋଡାଲ୍ ସ୍ତରର ଅଧିକାରୀଙ୍କ ଦ୍ୱାରା ଯୋଡାଯାଇପାରିବ ।ଉପରୋକ୍ତ ପଦାନୁକ୍ରମରେ ଯେକୌଣସି ବ୍ୟକ୍ତି ।ଯେପରିକି ଜାତୀୟ ସ୍ତରର ବ୍ୟବହାରକାରୀ ରାଜ୍ୟ, ଜିଲ୍ଲା, ପ୍ରକଳ୍ପ ଏବଂ କ୍ଷେତ୍ର ସ୍ତରର ବ୍ୟବହାରକାରୀ ସୃଷ୍ଟି କରିପାରିବେ ।ରାଜ୍ୟ ସ୍ତରୀୟ ବ୍ୟବହାରକାରୀ ଜିଲ୍ଲା, ପ୍ରକଳ୍ପ ଏବଂ କ୍ଷେତ୍ର ସ୍ତରୀୟ ବ୍ୟବହାରକାରୀ ସୃଷ୍ଟି କରିପାରିବେ, ଜିଲ୍ଲା ସ୍ତରୀୟ ବ୍ୟବହାରକାରୀ ପ୍ରକଳ୍ପ ଏବଂ କ୍ଷେତ୍ର ସ୍ତରୀୟ ବ୍ୟବହାରକାରୀ ସୃଷ୍ଟି କରିପାରିବେ, ପ୍ରକଳ୍ପ ସ୍ତରର ବ୍ୟବହାରକାରୀ କ୍ଷେତ୍ର ସ୍ତରୀୟ ବ୍ୟବହାରକାରୀ ସୃଷ୍ଟି କରିପାରିବେ ।","Or AWW/AWC can only be linked by nodal-level officials.Anyone in the above sub-sequence.such as a national user can create state, district, project and region-level users.State-level users can create district, project and region-level users, district-level user projects and region-level users, project-level users can create region-level users."
Where can I enquire about take home ration?,ଘରର ରାସନ ନେବା ବିଷୟରେ ମୁଁ କେଉଁଠାରେ ପଚାରିବି?,Or where can I ask about taking home ration?
We use the information we collect from all our services for the following purposes:,ଆମେ ଆମର ସମସ୍ତ ସେବାରୁ ସଂଗ୍ରହ କରୁଥିବା ସୂଚନାକୁ ନିମ୍ନଲିଖିତ ଉଦ୍ଦେଶ୍ୟରେ ବ୍ୟବହାର କରୁଃ,We use the information we collect from all our services or use the information we collect for the following purposes:
Identification & Referral of Sick Newborn,ଅସୁସ୍ଥ ନବଜାତ ଶିଶୁର ପରିଚୟ ଏବଂ ରେଫରାଲ୍,Identification and referral of a sick newborn child.
 XIV. CORRECTNESS OF DATA PROVIDED BY THIRD PARTY SYSTEMS, XIV. ତୃତୀୟ ପାର୍ଟି ସିଷ୍ଟମ ଦ୍ୱାରା ପ୍ରଦତ୍ତ ତଥ୍ୟର ସଂଶୋଧନ,XIV. Modification of data provided by third party systems.
Who is eligible for Take Home Ration?,ଘର ରାସନ ପାଇଁ କିଏ ଯୋଗ୍ୟ?,Who is eligible for a household ration?
Supporting mothers with issues in Breastfeeding,ସ୍ତନ୍ୟପାନରେ ସମସ୍ୟା ଥିବା ମା'ମାନଙ୍କୁ ସହାୟତା କରିବା,or to help mothers with breastfeeding problems.
"The proposed system should enable real-time monitoring and tracking of all AWCs, AWWs and beneficiaries on the defined indicators.","ପ୍ରସ୍ତାବିତ ପ୍ରଣାଳୀ ନିର୍ଦ୍ଦିଷ୍ଟ ସଙ୍କେତ ଉପରେ ସମସ୍ତ ଏଡବ୍ଲ୍ୟୁସି, ଏଡବ୍ଲ୍ୟୁଡବ୍ଲ୍ୟୁ ଏବଂ ହିତାଧିକାରୀଙ୍କ ପ୍ରକୃତ ନୀରିକ୍ଷଣ ଏବଂ ଟ୍ରାକିଂକୁ ସକ୍ଷମ କରିବା ଉଚିତ ।","The proposed system should enable actual monitoring and tracking of all AWS, AWW, and beneficiaries on specific signals."
Above standards are defined as per given above mentioned age brackets,ଉପରୋକ୍ତ ମାନାଙ୍କ ଉପରେ ଦିଆଯାଇଥିବା ମାନାଙ୍କ ଉପରେ ଉପରୋକ୍ତ ମାନକକୁ ବ୍ୟାଖ୍ୟା କରାଯାଇଛି |,Or the above standard is defined by the above standards.
"If a person is underweight, their body may not be getting the nutrients it needs to build healthy bones, skin and hair","ଯଦି କୌଣସି ବ୍ୟକ୍ତିର ଓଜନ କମ୍ ଥାଏ, ତେବେ ସେମାନଙ୍କ ଶରୀର ସୁସ୍ଥ ହାଡ, ଚର୍ମ ଏବଂ କେଶ ଗଠନ ପାଇଁ ଆବଶ୍ୟକ ପୁଷ୍ଟିକର ଖାଦ୍ୟ ପାଇ ନପାରେ |","If a person is underweight, their body may not have access to the nutrients needed to build healthy bones, skin, and hair."
MPIN can be set by respective Anganwadi worker by requesting an OTP against his/her mobile number.,ସମ୍ପୃକ୍ତ ଅଙ୍ଗନୱାଡି କର୍ମୀଙ୍କ ଦ୍ୱାରା ମୋବାଇଲ୍ ନମ୍ବର ପାଇଁ ଓଟିପି ଅନୁରୋଧ କରି ଏମ୍ପିଆଇଏନ୍ ସେଟ୍ କରାଯାଇପାରିବ ।,The MPIN can be set by requesting an OTP for a mobile number by the concerned Anganwadi worker.
"If Mobile number is already present in the database, the respective Anganwadi person will receive 4 digits OTP on registered mobile number.","ଯଦି ଡାଟାବେସ୍ରେ ମୋବାଇଲ୍ ନମ୍ବର ପୂର୍ବରୁରହିଥାଏ, ସଂପୃକ୍ତ ଅଙ୍ଗନୱାଡି ବ୍ୟକ୍ତି ଜଣକ ପଞ୍ଜୀକୃତ ମୋବାଇଲ୍ ନମ୍ବରରେ 4 ଅଙ୍କ ବିଶିଷ୍ଟ ଏକ ଓଟିପି ପ୍ରାପ୍ତ କରିବେ ।","If the mobile number already exists in the database, the person concerned will receive a 4-digit OTP from the registered mobile number."
"Post entering the OTP, AWW can easily set customized MPIN.","ଓଟିପି ପ୍ରବେଶ କରିବା ପରେ, ଏଡବ୍ଲ୍ୟୁଡବ୍ଲ୍ୟୁମାନେ ସହଜରେ କଷ୍ଟୋମାଇଜ୍ ଏମ୍ପିଆଇଏନ୍ ସେଟ୍ କରିପାରିବେ ।","Once the OTP is entered, AWWs can easily set customized MPINs."
"It enables your interaction with participating healthcare providers, and allows you to receive your digital lab reports, prescriptions and diagnosis seamlessly from verified healthcare professionals and health service providers.","ଏହା ଅଂଶଗ୍ରହଣକାରୀ ସ୍ୱାସ୍ଥ୍ୟସେବା ପ୍ରଦାନକାରୀଙ୍କ ସହିତ ଆପଣଙ୍କର ପାରସ୍ପରିକ କ୍ରିୟାକୁ ସକ୍ଷମ କରିଥାଏ ଏବଂ ଯାଞ୍ଚ ହୋଇଥିବା ସ୍ୱାସ୍ଥ୍ୟ ସେବା ବୃତ୍ତିଗତ ଏବଂ ସ୍ୱାସ୍ଥ୍ୟ ସେବା ପ୍ରଦାନକାରୀଙ୍କ ଠାରୁ ଆପଣଙ୍କର ଡିଜିଟାଲ୍ ଲ୍ୟାବ୍ ରିପୋର୍ଟ, ପ୍ରେସକ୍ରିପସନ୍ ଏବଂ ନିରାକରଣକୁ ନିରନ୍ତର ଭାବରେ ଗ୍ରହଣ କରିବାକୁ ଅନୁମତି ଦେଇଥାଏ |","It enables your interaction with participating healthcare providers and allows you to continuously receive your digital lab reports, prescriptions and prevention from verified healthcare professionals and healthcare providers."
Bacillus Calmette Guerin (BCG)Oral Polio Vaccine (OPV)-0 dose Hepatitis B birth dose OPV-1 T,ବାକିଲସ୍ କାଲମେଟ୍ ଗୁରେନ୍ (BCG)ଓରାଲ୍ ପୋଲିଓ ଟିକା (OPV) -0 ର ମାତ୍ରା ହେପାଟାଇଟିସ୍ ବି ଜନ୍ମ ମାତ୍ରା OPV-1 T,Bacillus calamine gueren (BCG) dose of oral polio vaccine (OPV) -0 dose of hepatitis B birth rate OPV-1 T
Training on ICT Platform under POSHAN Abhiyaan,ପୃଷ୍ଟିକର ଅଭିଯାନ ଅଧୀନରେ ICT ପ୍ଲାଟଫର୍ମ ଉପରେ ତାଲିମ,Training on ICT platforms under the Nutrior campaign
"Know more about stunting, wasting and underweight","ଷ୍ଟଣ୍ଟିଂ, ଅପଚୟ ଏବଂ କମ୍ ଓଜନ ବିଷୟରେ ଅଧିକ ଜାଣ |","Learn more about stunting, weight loss and weight loss."
What information to be added in AWC forms?,ଏଡବ୍ଲ୍ୟୁସି ଫର୍ମରେ କେଉଁ ସୂଚନା ଯୋଡାଯିବ?,What information will be added to the AWC form?
How to revive your health if you are Moderately Wasted (MAM),ଯଦି ତୁମେ ସାମାନ୍ୟ ନଷ୍ଟ ହୋଇଯାଅ (MAM),Or if you get slightly damaged (MAM)
AWC Workers Registered In Last 30 Days,AWC କର୍ମୀ ଗତ 30 ଦିନରେ ପଞ୍ଜିକୃତ,A worker who is registered as an AWC worker in the last 30 days.
Click on above button to get this App,ଏହି ଆପ୍ ପାଇବା ପାଇଁ ଉପରୋକ୍ତ ବଟନ୍ ଉପରେ କ୍ଲିକ୍ କରନ୍ତୁ,Or click on the button above to access this app.
Beneficiaries Registered In Last 30 Days,ହିତାଧିକାରୀମାନେ ଗତ 30 ଦିନରେ ପଞ୍ଜିକୃତ ହୋଇଥିଲେ,or beneficiaries were registered in the last 30 days.
Specifications of Smart phone and Technical Compatibility Testing,ସ୍ମାର୍ଟ ଫୋନ୍ ଏବଂ ଯାନ୍ତ୍ରିକ ସୁସଙ୍ଗତତା ପରୀକ୍ଷଣର ବିଶେଷତା,Or feature smartphones and mechanical compatibility testing.
Preparation During Pregnancy - For NewBorn Care & Family Planning,ଗର୍ଭଧାରଣ ସମୟରେ ପ୍ରସ୍ତୁତି - ନବଜାତ ଯତ୍ନ ଏବଂ ପରିବାର ଯୋଜନା ପାଇଁ,Or preparation for pregnancy - for newborn care and family planning.
Stunting is the impaired growth and development that children experience from poor nutrition,ଷ୍ଟଣ୍ଟିଂ ହେଉଛି ଦୁର୍ବଳ ଅଭିବୃଦ୍ଧି ଏବଂ ବିକାଶ ଯାହା ପିଲାମାନେ ଖରାପ ପୁଷ୍ଟିକର ଖାଦ୍ୟରୁ ଅନୁଭବ କରନ୍ତି |,Stunting is the weak growth and development that children experience from poor nutrition.
Children in the age group of 3 years to 6 years,3 ବର୍ଷରୁ 6 ବର୍ଷ ବୟସର ପିଲାମାନେ,Children between the ages of 3 and 6 years old.
Poshan Tracker Dashboard can be accessed by signing onto the dashboard.,ଦାସବୋର୍ଡରେ ସାଇନ୍ ଇନ୍ କରି ପୋଷନ୍ ଟ୍ରାକର୍ ଦାସବୋର୍ଡକୁ ବ୍ୟବହାର କରାଯାଇପାରିବ ।,The Nutrition Tracker dashboard can be used by signing in to the Dashboardor.
Dashboard can be accessed by clicking the link https://poshantracker.,ଲିଙ୍କ୍ https://poshantracker.in/admin ରେ କ୍ଲିକ୍ କରି ଦାସବୋର୍ଡକୁ ବ୍ୟବହାର କରାଯାଇପାରିବ ।,The dashboard can be used by clicking on the link https://poshantracker.in/admin.
"in/admin Only nominated Nodal level officials at National, State, District, Project and Sector level are provided with a unique credentials to access the dashboard.","କେବଳ ଜାତୀୟ, ରାଜ୍ୟ, ଜିଲ୍ଲା, ପ୍ରକଳ୍ପ ଏବଂ କ୍ଷେତ୍ର ସ୍ତରରେ ମନୋନୀତ ନୋଡାଲ ସ୍ତରର ଅଧିକାରୀମାନଙ୍କୁ ଦାସବୋର୍ଡକୁ ବ୍ୟବହାର କରିବା ପାଇଁ ଏକ ସ୍ୱତନ୍ତ୍ର ପ୍ରମାଣପତ୍ର ପ୍ରଦାନ କରାଯାଇଥାଏ ।","Only officials of the nodale level selected at the national, state, district, project and regional levels are issued a special certificate for using the dashboard."
What is the eligibility of a beneficiary?,ଜଣେ ହିତାଧିକାରୀଙ୍କ ଯୋଗ୍ୟତା କ'ଣ?,Or what is the eligibility of a beneficiary?
Who are the target userbase of Poshan Tracker App?,ପୋଷନ୍ ଟ୍ରାକର୍ ଆପ୍ର ଲକ୍ଷ୍ୟ ରଖିଥିବା ବ୍ୟବହାରକାରୀ କିଏ ଅଟନ୍ତି?,Who is the target user of the Nutrition Tracker Appor?
"It often indicates recent and severe weight loss, although it can also persist for a long time","ଏହା ପ୍ରାୟତ ସାମ୍ପ୍ରତିକ ଏବଂ ଗୁରୁତର ଓଜନ ହ୍ରାସକୁ ସୂଚାଇଥାଏ, ଯଦିଓ ଏହା ମଧ୍ୟ ଦୀର୍ଘ ସମୟ ପର୍ଯ୍ୟନ୍ତ ରହିପାରେ |","Or it often indicates current and serious weight loss, although it can also last for a long time."
What is the minimum requirement to install Poshan Tracker App in mobile?,ମୋବାଇଲରେ ପୋଷନ୍ ଟ୍ରାକର୍ ଆପ୍ ଇନଷ୍ଟଲ୍ କରିବାର ସର୍ବନିମ୍ନ ଆବଶ୍ୟକତା କଣ କଣ ରହିଛି?,What is the minimum requirement to install a nutrition tracker app on a mobile?
You can participate in Swastha Balak Balika Spardha by registering through the website https://poshantracker.,You can participate in Swastha Balak Balika Spardha by registering through the website https://poshantracker.,You can participate in Swastor Balak Balika Spardha by registering through the website https://poshantracker.
in or by downloading ‘Poshan Tracker’ App from Google Play Store.,in or by downloading 'Poshan Tracker' App from Google Play Store.,or by downloading the 'Poshan Tracker' App from the Google Play Store.
The following are the Terms of Service (“Terms”) that govern your use of the Poshan Tracker Platform hosted at https://poshantracker.,"ନିମ୍ନଲିଖିତଗୁଡିକ ହେଉଛି ସେବା ସର୍ତ୍ତାବଳୀ (""ସର୍ତ୍ତାବଳୀ"") ଯାହାକି  https://poshantracker.","or The following are the Terms of Service (""Terms"") which are available at https://poshantracker.com/"
"in, and all associated sites linked to it, its subsidiaries, and affiliates (collectively, the “Site”).","in ରେ ହୋଷ୍ଟ ହୋଇଥିବା ପୃଷ୍ଟିକର ଟ୍ରାକର୍ ପ୍ଲାଟଫର୍ମର ବ୍ୟବହାରକୁ ନିୟନ୍ତ୍ରଣ କରେ | ଏହାକୁ, ଏହାର ସହାୟକ ଏବଂ ଅନୁବନ୍ଧିତ (ସାମୂହିକ ଭାବରେ, ""ସାଇଟ୍"") |","The content tracker, hosted on inor, controls the use of the platform, it, its support and its affiliates (collectively, the ""site"")."
Clarification regarding Cost of Smart phones,ସ୍ମାର୍ଟ ଫୋନର ମୂଲ୍ୟ ସମ୍ବନ୍ଧରେ ସ୍ପଷ୍ଟୀକରଣ,Or clarification regarding the price of a smartphone.
Measles Containing vaccine (MCV)/Measles & Rubella (MR)-1Japanese Encephalitis(JE)-1**PCV-Booster,ମିଳିମିଳା ଧାରଣକାରୀ ଟିକା (MCV) / ମିଳିମିଳା ଏବଂ ରୁବେଲା (MR) -1ଜାପାନିଜ ଏନସେଫାଲାଇଟିସ୍ (JE) -1**PCV- ବୁଷ୍ଟର୍,or the mildew-containing vaccine (MCV) /mildew and rubella (MR) -1Japanese encephalitis (JE) -1**PCV-booster.
Mobile number need to be validated within a week,ଏକ ସପ୍ତାହ ମଧ୍ୟରେ ମୋବାଇଲ୍ ନମ୍ବର୍ ବୈଧ ହେବା ଆବଶ୍ୟକ,The mobile number must be valid within one week.
Currently a beneficiary can register by the help of an AWW,ବର୍ତ୍ତମାନ ଜଣେ ହିତାଧିକାରୀ AWW ସାହାଯ୍ୟରେ ପଞ୍ଜିକରଣ କରିପାରିବେ,Now a beneficiary can register with AWW or help from AWW.
Awareness for Lactating Mother Complimentary Feeding for Children,ପିଲାମାନଙ୍କ ପାଇଁ ମାତୃ ସ୍ତନ୍ୟପାନ କରାଇବା ପାଇଁ ସଚେତନତା,Or awareness for babies to be breastfed by mothers.
New Poshan Tracker App - CSC-SPV Nodal Person,ନୂତନ ପୃଷ୍ଟିକର ଟ୍ରାକର୍ ଆପ୍ - CSC-SPV ନୋଡାଲ୍ ବ୍ୟକ୍ତି,Or the new Nutrition Tracker app - CSC-SPV nodal person - is coming to you.
1.1. Information you provide to us.,1.1. ଆପଣ ଆମକୁ ପ୍ରଦାନ କରୁଥିବା ସୂଚନା |,1.1.or the information you provide us with.
How can one access Poshan Tracker Dashboard?,ଜଣେ କିପରି ପୋଷନ୍ ଟ୍ରାକର୍ ଦାସବୋର୍ଡକୁ ବ୍ୟବହାର କରିପାରିବେ?,How can one use the nutrition tracker dashboard?
Prevention of Anemia in children and adolescents girls,ଶିଶୁ ଏବଂ କିଶୋର ବାଳିକାମାନଙ୍କରେ ରକ୍ତହୀନତା ରୋକିବା,Preventing anemia in infants and young girls
Gangarampur Addl. I. C. D. S Project,ଗଙ୍ଗାରାମପୁର ଆଡିସନାଲ୍  ଆଇ. ସି. ଡି. ଏସ୍ ପ୍ରକଳ୍ପ,Gangarampur is an additional ICDS project.
Can a beneficiary register directly using application.,ଆପ୍ଲିକେସନ୍ ବ୍ୟବହାର କରି ଜଣେ ହିତାଧିକାରୀ ସିଧାସଳଖ ପଞ୍ଜିକରଣ କରିପାରିବେ କି|,Using the app or a beneficiary can directly register whether or not to use the app.
Weight should be between 0.90 to 58,ଓଜନ 0.90 ରୁ 58 ମଧ୍ୟରେ ହେବା ଉଚିତ୍,Weight should be between 0.90 and 58 pounds.
MPIN can be easily reset by any AWW/AWC user.,ଯେକୌଣସି ଏଡବ୍ଲ୍ୟୁଡବ୍ଲ୍ୟୁ / ଏଡବ୍ଲ୍ୟୁସି ବ୍ୟବହାରକାରୀଙ୍କ ଦ୍ୱାରା ଏମ୍ପିଆଇଏନ୍କୁ ସହଜରେ ପୁନଃସେଟ୍ କରାଯାଇପାରିବ ।,The MPIN can be easily reset by any AWS/AWC user.
"You are required to click on Forgot MPIN, and enter your registered mobile number.",ଆପମହ୍କୁ ଭୁଲିଯାଇଥିବା ଏମ୍ପିଆଇଏନ୍ ଉପରେ କ୍ଲିକ୍ କରିବାକୁ ଏବଂ ଆପଣଙ୍କର ପଞ୍ଜୀକୃତ ମୋବାଇଲ୍ ନମ୍ବର ପ୍ରବେଶ କରିବାକୁ ପଡିବ ।,Or you'll have to click on the forgotten MPIN and enter your registered mobile number.
You will receive and OTP on your registered mobile number and you can ealily reset your MPIN,ଆପଣ ନିଜର ପଞ୍ଜୀକୃତ ମୋବାଇଲ୍ ନମ୍ବରରେ ଓଟିପି ପାଇବେ ଏବଂ ଆପଣ ଏମ୍ପିଆଇଏନ୍କୁ ସହଜରେ ପୁନଃସେଟ୍ କରିପାରିବେ ।,Or you will receive an OTP to your registered mobile number and you can easily reset the MPIN.
Please enter valid Date of Birth,ଦୟାକରି ବୈଧ ଜନ୍ମ ତାରିଖ ପ୍ରବେଶ କରନ୍ତୁ,Please enter a valid date of birth.
Who is eligible for additional supplementary food?,ଅତିରିକ୍ତ ସପ୍ଲିମେଣ୍ଟାରୀ ଖାଦ୍ୟ ପାଇଁ କିଏ ଯୋଗ୍ୟ?,Or who is eligible for supplemental nutrition?
How many different types of reports can be generated over Poshan Tracker Dashboard?,ପୋଷନ୍ ଟ୍ରାକର୍ ଦାସବୋର୍ଡରେ କେତେ ପ୍ରକାରର ରିପୋର୍ଟ ପ୍ରସ୍ତୁତ କରାଯାଇପାରିବ?,How many reports can be created on the nutrition tracker dashboard?
How to revive your health if you are Severely Wasted (SAM),କିପରି ତୁମର ସ୍ୱାସ୍ଥ୍ୟକୁ ପୁନର୍ଜୀବିତ କରିବେଯଦି ତୁମେ ଗୁରୁତର ଭାବରେ ନଷ୍ଟ ହୋଇଯାଅ (SAM),Or how to revive your health if you are seriously damaged (SAM)
"See assessment charts for Stunted, Wasted and Underweight parameters","ଷ୍ଟଣ୍ଟେଡ୍, ନଷ୍ଟ ହୋଇଥିବା ଏବଂ ଓଜନ କମ ପାରାମିଟରଗୁଡିକ ପାଇଁ ମୂଲ୍ୟାଙ୍କନ ଚାର୍ଟ ଦେଖନ୍ତୁ |","For stunted, damaged, and weight-loss parameters, see the rating chart."
Resources for growth monitoring and general awareness,ଅଭିବୃଦ୍ଧି ମନିଟରିଂ ଏବଂ ସାଧାରଣ ସଚେତନତା ପାଇଁ ସମ୍ବଳ,Or resources for growth monitoring and public awareness.
"AWW are required to enter details related to infrastructure present in a particular Anganwadi centre.This includes structure, basic amenities, facilities, sanitization, drinking water etc.","ଏଡବ୍ଲ୍ୟୁଡବ୍ଲ୍ୟୁମାନଙ୍କୁ ଏକ ନିର୍ଦ୍ଦିଷ୍ଟ ଅଙ୍ଗନୱାଡି କେନ୍ଦ୍ରରେ ଉପସ୍ଥିତ ଭିତ୍ତିଭୂମି ସମ୍ବନ୍ଧୀୟ ବିବରଣୀ ପ୍ରବେଶ କରିବାକୁ ପଡିବ ଏଥିରେ ସଂରଚନା, ମୌଳିକ ସୁବିଧା, ସୁବିଧା, ପରିମଳ ବ୍ୟବସ୍ଥା, ପାନୀୟ ଜଳ ଇତ୍ୟାଦି ଅନ୍ତର୍ଭୁକ୍ତ ।","AWWs must enter details of the infrastructure at a specific Anganwadi centre, including infrastructure, infrastructure, facilities, sanitation, drinking water, etc."
Lactating mothers who received Take Home Ration (THR),ସ୍ତନ୍ୟପାନ କରାଉଥିବା ମାତାମାନେ ଯେଉଁମାନେ ଘର ରାସନ (THR) ଗ୍ରହଣ କରିଥିଲେ,or breastfeeding mothers who received a home ration (THR).
What is the eligibility of a beneficiary?,ଜଣେ ହିତାଧିକାରୀଙ୍କ ଯୋଗ୍ୟତା କ'ଣ?,Or what is the eligibility of a beneficiary?
"No, Poshan Tracker is available only for Android version","ନା, କେବଳ ଆଣ୍ଡ୍ରଏଡ୍ ଭର୍ସନ୍ ପାଇଁ ପୋଷନ୍ ଟ୍ରାକର୍ ଉପଲବ୍ଧ ।","No, nutrition tracker is only available for the Android version."
 XV. INDEMNITY AND LIMITATION OF LIABILITY, XV. ଦାୟିତ୍ବ ର ସୀମା ଏବଂ ସୀମିତତା,XVor. Limitations and limitations of responsibility.
Growth monitoring report for all health indicators,ସମସ୍ତ ସ୍ୱାସ୍ଥ୍ୟ ସୂଚକ ପାଇଁ ଅଭିବୃଦ୍ଧି ମନିଟରିଂ ରିପୋର୍ଟ,Growth monitoring reports for all health indicators.
Take Home Ration (THR) given in last 30 days,ବିଗତ 30 ଦିନ ମଧ୍ୟରେ ଦିଆଯାଇଥିବା ରାସନ୍ (THR) ଘରକୁ ନେଇଯାଆନ୍ତୁ,Or take home the ration (THR) you have received within the last 30 days.
Children are defined as stunted if their height-for-age is more than two standard deviations below the WHO Child Growth Standards median,"WHO ଶିଶୁ ଅଭିବୃଦ୍ଧି ମାନାଙ୍କ ତଳେ ଯଦି ସେମାନଙ୍କର ଉଚ୍ଚତା-ବୟସ ଦୁଇଟି ଷ୍ଟାଣ୍ଡାର୍ଡ ବିଚ୍ଛିନ୍ନତାଠାରୁ ଅଧିକ ହୁଏ, ତେବେ ପିଲାମାନେ ଷ୍ଟଣ୍ଟ୍ ଭାବରେ ବ୍ୟାଖ୍ୟା କରାଯାଇଥାଏ |","If their height-age is below the WHO or child growth standard and exceeds two standard isolation levels, children are defined as stunted."
What is the purpose of Launching Poshan Tracker?,ପୋଷନ୍ ଟ୍ରାକର୍ ଆରମ୍ଭ କରିବାର ଉଦ୍ଦେଶ୍ୟ କଣ?,What is the purpose of starting a nutrition tracker?
" XIII. COMPLIANCE WITH LAW, THIRD PARTY RIGHTS, AND OTHER TERMS OF SERVICE"," XIII. ନିୟମ, ତୃତୀୟ ପାର୍ଟି ଅଧିକାର ଏବଂ ସେବାଗୁଡିକର ଅନ୍ୟାନ୍ୟ ସର୍ତ୍ତାବଳୀ ସହିତ ସମନ୍ୱୟ","XIIIor. coordination with the rules, third party rights and other terms of service."
"repeated infection, and inadequate psychosocial stimulation","ବାରମ୍ବାର ସଂକ୍ରମଣ, ଏବଂ ପର୍ଯ୍ୟାପ୍ତ ମନୋବିଜ୍ଞାନ ଉତ୍ସାହ |","or recurrent infections, and sufficient psychological enthusiasm."
Beneficiary migration from one AWC to another AWC,ହିତାଧିକାରୀ ଗୋଟିଏ ଏଡବ୍ଲୁସିରୁ ଅନ୍ୟ ଏକ ଏଡବ୍ଲୁସିକୁ ସ୍ଥାନାନ୍ତର,Or the transfer of a beneficiary from one AWS to another AWS.
"Training on ICT Platform under POSHAN Abhiyaan (02 February, 2021)","ପୋଷନ୍ ଅଭିଯାନ ଅନ୍ତର୍ଗତରେ ଆଇସିଟି ପ୍ଲାଟଫର୍ମ ଉପରେ ପ୍ରଶିକ୍ଷଣ (02 ଫେବୃଆରୀ, 2021)","Training on the ICT platform under the Nutritional Campaign (February 02, 2021)"
Poshan Tracker App is available in 22 different languagesThe various languages available are:EnglishHindiGujaratiPunjabiMarathiBanglaKannadaTamilTeluguMalyalamOdiaAssameseNepaliDogriKonkaniSindhiBodoMaithiliManipuriSanthaliUrduKashmiri,ପୋଷନ୍ ଟ୍ରାକର୍ ଆପ୍ 22 ଗୋଟି ବିଭିନ୍ନ ଭାଷାରେ ଉପଲବ୍ଧ ।ଉପଲବ୍ଧ ଥିବା ବିଭିନ୍ନ ଭାଷାଗୁଡିକ ହେଲେଃଇଂରାଜୀହିନ୍ଦୀଗୁଜୁରାତିପଞ୍ଜାବୀମରାଠୀବଙ୍ଗଳାକନ୍ନଡତାମିଲ୍ତେଲୁଗୁମାଲୟାଲମ୍ଓଡିଆଆସାମୀNepaliDogriKonkaniSindhiBodoMaithiliManipuriSanthaliUrduKashmiri,The Purn Tracker app is available in 22 different languages.The various languages available are: English HindiGujaratiPunjabiMaraathiBanglaKannadaTamilTamilTamilTamilTamilTamilMalayaLumMediaAsamiNepaliDogriKonkaniSindhiBodoMaithiliManipuriSanthaliUrduKashmiri
How to Login in Poshan Tracker App?,ପୋଷନ୍ ଟ୍ରାକର୍ ଆପ୍ରେ କିପରି ଭାବେ ଲଗ୍ଇନ୍ କରିପାରିବେ?,How can you log in to the Nutrition Tracker app?
Height and weight of child has not been measured,ଶିଶୁର ଉଚ୍ଚତା ଏବଂ ଓଜନ ମାପ କରାଯାଇ ନାହିଁ,The height and weight of the baby have not been measured.
Calculator to measure the child growth based on the WHO Child Growth Standards.,WHO ଶିଶୁ ଅଭିବୃଦ୍ଧି ମାନାଙ୍କ ଉପରେ ଆଧାର କରି ଶିଶୁର ଅଭିବୃଦ୍ଧି ମାପିବା ପାଇଁ କାଲ୍କୁଲେଟର |,WHOor a calculator to measure a child's growth based on child growth standards.
TAKE HOME RATION (THR) GIVEN TODAY,ଆଜି ଦିଆଯାଇଥିବା ରାସନ୍ (THR) ଘରକୁ ନେଇଯାଆନ୍ତୁ,Or take home the ration (THR) given today.
A beneficiary is eligible for THR for at least 21 days in a month.,ଜଣେ ହିତାଧିକାରୀ ଏକ ମାସରେ ଅତି କମ୍ ରେ 21 ଦିନ THR ପାଇଁ ଯୋଗ୍ୟ ଅଟନ୍ତି |,A beneficiary is eligible for THR for at least 21 days a month.
 III. NOTICE REGARDING FUTURE CHANGES TO TERMS:, III. ସର୍ତ୍ତାବଳୀରେ ଭବିଷ୍ୟତ ପରିବର୍ତ୍ତନ ବିଷୟରେ ବିଜ୍ଞପ୍ତିଃ,IIIor. Notification of future changes to the terms and conditions:
Planning And Organising Community Based Events At AWC,AWC ରେ ସମ୍ପ୍ରଦାୟ ଭିତ୍ତିକ ଘଟଣାଗୁଡିକର ଯୋଜନା ଏବଂ ଆୟୋଜନ,Planning and organizing community-based events at AWC.
Please find the following steps to LoginStep 1- Click on Poshan Tracker Website https://poshantracker.,Please find the following steps to LoginStep 1- Click on Poshan Tracker Website https://poshantracker.,Please find the following steps to LoginStep 1- Click on the Poshan Tracker Website https://poshantracker.
inStep 2- Enter your registered Mobile Number and pre-set 4 digit MPIN.,inStep 2- Enter your registered Mobile Number and pre-set 4 digit MPIN.,InStep 2- Enter your registered Mobile Number and pre-set 4 digit MPIN.
How AWWS can sign up on the app if they are unable to register via their mobile numbers?,ଯଦି ଏଡବ୍ଲ୍ୟୁଡବ୍ଲ୍ୟୁମାନେ ମୋବାଇଲ୍ ନମ୍ବର ମାଧ୍ୟମରେ ପଞ୍ଜୀକରଣ କରିବାରେ ଅସମର୍ଥ ତେବେ ସେମାନେ ଆପରେ କିପରି ଭାବେ ସାଇନ୍ ଅପ୍ କରିପାରିବେ?,"If AWWs are unable to register via a mobile number, how can they sign up for the app?"
Poshan Tracker adds new Reports feature,ପୋଷଣ ଟ୍ରାକର୍ ନୂତନ ରିପୋର୍ଟ୍ ବୈଶିଷ୍ଟ୍ୟ ଯୋଡିଥାଏ,Nutrition Tracker adds a new reporting feature to the nutrition tracker.
General Awareness about preventing illness in Children,ପିଲାମାନଙ୍କଠାରେ ରୋଗ ରୋକିବା ବିଷୟରେ ସାଧାରଣ ସଚେତନତା,Or general awareness of prevention of disease in children.
2. HOW WE USE PERSONAL INFORMATION,2. ଆମେ କିପରି ବ୍ୟକ୍ତିଗତ ସୂଚନା ବ୍ୟବହାର କରୁ,2.or how we use personal information.
The following are the Terms of Service (“Terms”) that govern your use of the Swastha Balak Balika Spardha Platform hosted at https://poshantracker.,"The following are the Terms of Service (""Terms"") that govern your use of the Swastha Balak Balika Spardha Platform hosted at https://poshantracker.","The following are the Terms of Service (""Terms"") that govern your use of the Swastha Balak Balika Spardha Platform hosted at https://poshantracker."
"in, and all associated sites linked to it, its subsidiaries, and affiliates (collectively, the “Site”).","in, and all associated sites linked to it, its subsidiaries, and affiliates (collectively, the ""Site"").","In, and all associated sites linked to, the Site, its subsidiaries, and affiliates (collectively, the ""Site"")."
Please provide your mobile number and a ticket number.,ଦୟାକରି ଆପଣଙ୍କର ମୋବାଇଲ୍ ନମ୍ବର ଏବଂ ଏକ ଟିକେଟ୍ ନମ୍ବର ପ୍ରଦାନ କରନ୍ତୁ |,Or please provide your mobile number and a ticket number.
Please contact your respective Anganwadi worker.,ଦୟାକରି ଆପଣଙ୍କର ସମ୍ପୃକ୍ତ ଅଙ୍ଗନୱାଡି କର୍ମୀ ସହିତ ଯୋଗାଯୋଗ କରନ୍ତୁ |,Please contact your associated Anganwadi worker.
SAM Children under 5 years who received Supplementary Nutrition,SAM 5 ବର୍ଷରୁ କମ୍ ପିଲାମାନେ ଯେଉଁମାନେ ସପ୍ଲିମେଣ୍ଟାରୀ ପୁଷ୍ଟିକର ଗ୍ରହଣ କରିଥିଲେ,SAMor children under 5 years of age who took supplemental nutrients.
OPV-1Pentavalent-1Rotavirus Vaccine (RVV)-1Fractional dose of Inactivated Polio Vaccine (fIPV)-1Pneumococcal Conjugate Vaccine (PCV) -1,OPV-1ପେଣ୍ଟାଭାଲାଣ୍ଟ-1ରୋଟାଭାଇରସ୍ ଟିକା (RVV) -1ନିଷ୍କ୍ରିୟ ପୋଲିଓ ଭ୍ୟାକ୍ସିନ୍ (fIPV) -1 ର ଭଗ୍ନାଂଶ ଡୋଜ୍ନିମୋୋକୋକାଲ୍ କନଜୁଗେଟ୍ ଭ୍ୟାକ୍ସିନ୍ (PCV) -1,OPV-1Pentavalant-1Rotavirus vaccine (RVV) -1A fragment of the passive polio vaccine (fIPV) -1 is known as the Dosiamococcal conjugate vaccine (PCV) -1
Height should be between 38 to 150,ଉଚ୍ଚତା 38 ରୁ 150 ମଧ୍ୟରେ ହେବା ଉଚିତ୍,Or height should be between 38 and 150.
How to contact Poshan Tracker Team?,ପୃଷ୍ଟିକର ଟ୍ରାକର୍ ଟିମ୍ ସହିତ କିପରି ଯୋଗାଯୋଗ କରିବେ?,How do you get in touch with the feeder tracker team?
Take Home Ration (THR) Given Today,ଆଜି ଦିଆଯାଇଥିବା ରାସନ୍ (THR) ଘରକୁ ନେଇଯାଆନ୍ତୁ,Or take home the ration (THR) given today.
How many different forms are there in Poshan Tracker App?,ପୋଷନ୍ ଟ୍ରାକର୍ ଆପ୍ରେ କେତେଗୋଟି ଫର୍ମ ରହିଥାଏ?,How many forms are there in the Nutrition Tracker app?
There are 7 different types of forms for beneficiaries.,ହିତାଧିକାରୀଙ୍କ ପାଇଁ 7ଟି ବିଭିନ୍ନ ପ୍ରକାରର ଫର୍ମ ରହିଛି ।,There are 7 different forms available to the beneficiaries.
This includes:Lactating motherPregnant womenChild 0-6 MonthsChild 6 Months to 3 YearsChild  3 Years to 6 YearsAdolescent Girls (11 Years-19 Years),ଏଥିରେ ଅନ୍ତର୍ଭୁକ୍ତ ଅଟନ୍ତିଃସ୍ତନପାନ କରାଉଥିବା ମାଗର୍ଭବତୀ ମହିଳା0-6 ମାସର ଶିଶୁ6 ମାସରୁ 3 ବର୍ଷ ପର୍ଯ୍ୟନ୍ତର ଶିଶୁ3 ବର୍ଷରୁ 6 ବର୍ଷ ପର୍ଯ୍ୟନ୍ତର ଶିଶୁକିଶୋରୀ ବାଳିକା (11 ବର୍ଷ -19 ବର୍ଷ),or include: Breastfeeding pregnant women0-6 months baby6 months to 3 years old baby3 years to 6 years old teenage girl (11 years to 19 years old)
Shibpur I C D S Project,ଶିବପୁର ଆଇ ସି ଡି ଏସ୍ ପ୍ରୋଜେକ୍ଟ,Shivpur ICDS project is being implemented by the ICDS.
"In the recent one to three months, no Aanganwadi Worker has visited the beneficiary's home","ନିକଟରେ ଏକରୁ ତିନି ମାସ ମଧ୍ୟରେ, କୌଣସି ଅଙ୍ଗନୱାଡି କର୍ମୀ ହିତାଧୀକାରୀଙ୍କ ଗୃହକୁ ପରିଦର୍ଶନ କରିନାହାଁନ୍ତି","Or in the recent one to three months, no Anganwadi worker has visited the beneficiary's home."
Please enter Weight greater than 0.49 and less than 40.01,ଦୟାକରି 0.49 ରୁ ଅଧିକ ଓଜନ 40.01 ରୁ କମ୍ ପ୍ରବେଶ କରନ୍ତୁ |,or please enter a weight greater than 0.49 or less than 40.01.
You can register with your mobile number directly through the website https://poshantracker.,You can register with your mobile number directly through the website https://poshantracker.,You can register with your mobile number directly through the website https://poshantracker.
in or by downloading the Poshan Tracker App.,in or by downloading the Poshan Tracker App.,or by downloading the Poshan Tracker App.
MPIN is a 4 digits passcode which is set by an Anganwadi worker while registering over the Poshan Tracker App.,ଏମ୍ପିଆଇଏନ୍ ହେଉଛି ଏକ 4 ଅଙ୍କ ବିଶିଷ୍ଟ ପାସକୋଡ୍ ଯାହା ପୋଷନ୍ ଟ୍ରାକର୍ ଆପ୍ରେ ପଞ୍ଜୀକରଣ କରିବା ସମୟରେ ଅଙ୍ଗନୱାଡି କର୍ମୀଙ୍କ ଦ୍ୱାରା ସେଟ୍ ହୋଇଛି ।,MPANor is a 4-digit password that was set by an Anganwadi worker when registering on the Nutrition Tracker app.
"Specifications of Smart phone and Technical Compatibility Testing (02 February, 2021)","ସ୍ମାର୍ଟ ଫୋନ୍ ଏବଂ ଯାନ୍ତ୍ରିକ ସୁସଙ୍ଗତା ପରୀକ୍ଷଣର ବିଶେଷତା (02 ଫେବୃଆରୀ, 2021)","Or feature of smartphones and mechanical compatibility testing (February 02, 2021)"
Request for child's height and weight measurement,ଶିଶୁର ଉଚ୍ଚତା ଏବଂ ଓଜନ ମାପିବା ପାଇଁ ଅନୁରୋଧ,Or request a measurement of the child's height and weight.
Children (6 months - 3 years),ପିଲାମାନେ (6 ମାସ - 3 ବର୍ଷ),Or children (6 months - 3 years old)
"Result couldn't be fetch, please enter valid data","ଫଳାଫଳ ଆଣିବା ସମ୍ଭବ ନୁହେଁ, ଦୟାକରି ବୈଧ ତଥ୍ୟ ପ୍ରବେଶ କରନ୍ତୁ |","Or it is not possible to produce results, please enter valid data."
Central Golaghat I. C. D. S. Project,ସେଣ୍ଟ୍ରାଲ ଗୋଲାଘାଟ ଆଇସିଡିଏସ ପ୍ରକଳ୍ପ,The Central Golaghat ICDS project is being implemented.
