eng,pa,translation_text
The Site is directed to the people residing in India.,ਸਾਈਟ ਨੂੰ ਭਾਰਤ ਵਿੱਚ ਰਹਿਣ ਵਾਲੇ ਲੋਕਾਂ ਲਈ ਨਿਰਦੇਸਿਤ ਕੀਤਾ ਗਿਆ ਹੈ।, The site is directed to people living in India.
We do not represent that Content available on or through the Site is appropriate or available in other locations.,ਅਸੀਂ ਇਸ ਗੱਲ ਦੀ ਨੁਮਾਇੰਦਗੀ ਨਹੀਂ ਕਰਦੇ ਹਾਂ ਕਿ ਸਾਈਟ 'ਤੇ ਜਾਂ ਇਸ ਰਾਹੀਂ ਉਪਲਬਧ ਸਮੱਗਰੀ ਹੋਰ ਸਥਾਨਾਂ 'ਤੇ ਉਚਿਤ ਜਾਂ ਉਪਲਬਧ ਹੈ।, We do not represent that the content available on the site or through it is appropriate or available elsewhere.
We may limit the availability of the Site or any service or product described on the Site to any person or geographic area at any time.,ਅਸੀਂ ਕਿਸੇ ਵੀ ਸਮੇਂ ਕਿਸੇ ਵੀ ਵਿਅਕਤੀ ਜਾਂ ਭੂਗੋਲਿਕ ਖੇਤਰ ਲਈ ਸਾਈਟ ਜਾਂ ਸਾਈਟ 'ਤੇ ਦੱਸੇ ਗਏ ਕਿਸੇ ਸੇਵਾ ਜਾਂ ਉਤਪਾਦੀ ਉਪਲਬਧਤਾ ਨੂੰ ਸੀਮਤ ਕਰ ਸਕਦੇ ਹਾਂ।, We may at any time restrict the availability of any service or derivative mentioned on the site for any person or geographic area.
"If you choose to access the Site from outside India, you do so at your own risk.","ਜੇਕਰ ਤੁਸੀਂ ਭਾਰਤ ਤੋਂ ਬਾਹਰ ਸਾਈਟ ਨੂੰ ਐਕਸੈਸ ਕਰਨ ਦੀ ਚੋਣ ਕਰੋਗੇ, ਤਾਂ ਤੁਸੀਂ ਆਪਣੇ ਜੋਖਮ 'ਤੇ ਅਜਿਹਾ ਕਰਦੇ ਹੋ।"," If you choose to access the site outside of India, you do so at your own risk."
Please go back to the homepage,ਕਿਰਪਾ ਕਰਕੇ ਹੋਮਪੇਜ ਤੇ ਵਾਪਸ ਜਾਓ,"eng, silahkan kembali ke homepage"
Please enter Height greater than 29.99 and less than 140.01,ਕਿਰਪਾ ਕਰਕੇ 29.99 ਤੋਂ ਵੱਧ ਅਤੇ 140.01 ਤੋਂ ਘੱਟ ਉਚਾਈ ਦਰਜ ਕਰੋ,eng please enter height above 29.99pa and height below 140.01pa
"While login to the Poshan Tracker App, AWWs are required to enter the MPIN set by them.","ਪੋਸਣ ਟ੍ਰੈਕਰ ਐਪ ਤੇ ਲੋਗਿਨ ਕਰਦੇ ਸਮੇਂ, ਏਡਬਲਯੂਡਬਲਯੂ ਨੂੰ ਉਹਨਾਂ ਦੁਆਰਾ ਨਿਰਧਾਰਤ ਐਮਪੀਆਈ ਦਾਖਲ ਕਰਨ ਦੀ ਲੋੜ ਹੁੰਦੀ ਹੈ।"," When logging into Nutrition Tracker app, AWS is required to enter the MPI they set."
This MPIN will act as a passcode to run the Poshan Tracker App and entering the information in the beneficiaries forms.,ਇਹ ਐਮਪੀਆਈਐਨ ਪੋਸਣ ਟ੍ਰੈਕਰ ਐਪ ਚਲਾਉਣ ਅਤੇ ਲਾਭਪਾਤਰੀਆਂ ਦੇ ਫਾਰਮ ਵਿਚ ਜਾਣਕਾਰੀ ਦਾਖਲ ਕਰਨ ਲਈ ਇਕ ਪਾਸਕੋਡ ਵਜੋਂ ਕੰਮ ਕਰੇਗੀ ।, This will act as a passcode to run the MPIN Nutrition Tracker app and enter information in the beneficiaries' form.
How to ensure timely initiation of complementary feeding,ਪੂਰਕ ਆਹਾਰ ਦੀ ਸਮੇਂ ਸਿਰ ਸੁਰੂਆਤ ਨੂੰ ਕਿਵੇਂ ਯਕੀਨੀ ਬਣਾਇਆ ਜਾਵੇ, How to ensure timely start of dietary supplementation
Poshan Tracker App can only be installed in Android Phone with Android version 6.0 and above.,ਪੋਸਣ ਟ੍ਰੈਕਰ ਐਪ ਸਿਰਫ ਐਂਡਰਾਇਡ ਫੋਨ ਵਿੱਚ ਐਂਡਰਾਇਡ ਵਰਜਨ 6.0 ਅਤੇ ਇਸਤੋਂ ਵੱਧ ਦੇ ਨਾਲ ਇੰਸਟੌਲ ਕੀਤਾ ਜਾ ਸਕਦਾ ਹੈ।,eng Tracker Apppa can only be installed on Android phones with Android version 6.0 and above.
General Awareness about Growth Monitoring of Children,ਬੱਚਿਆਂ ਦੇ ਵਿਕਾਸ ਦੀ ਨਿਗਰਾਨੀ ਬਾਰੇ ਆਮ ਜਾਗਰੂਕਤਾ,engekonsultasi umum tentang pemantauan perkembangan anak
Wasting is defined as low weight-for-height,ਦੁਰਬਲਤਾ ਨੂੰ ਉਚਾਈ ਅਨੁਸਾਰ ਘੱਟ ਭਾਰ ਵਜੋਂ ਪਰਿਭਾਸਿਤ ਕੀਤਾ ਗਿਆ ਹੈ,engengengengengengengengengengengengengengengengengengengengengengengengengengengengengengengengengengengengengengengengengengengengengengengengengengengengengengengengengengengengengengengengengengengengengengengengengengengengengengengengengengengengengengengengengengengengengengengengengengengengengengengengengengengengengengengengengengengengengengengengengengengengengengengengengengengengengengengengengengengengengengengengengengengengengengengengengengengengengengengengengengengengengengengengengengengengengengengengengengengengengengengengengengengengengengengengengengengengengengeng
Hot Cooked Meal (HCM) Given Today,ਅੱਜ ਦਿੱਤਾ ਗਿਆ ਗਰਮ ਪਕਾਇਆ ਭੋਜਨ (ਐਚਸੀਐਮ) ਲਓ, Take the hot cooked meal (HCPA) given today.
There are 6 categories for beneficiariesPregnant WomenLactating MotherChildren from 0 to 6 monthsChildren from 6 months to 3 yearsChildren from 3 years to 6 yearsAdolescent girls,ਲਾਭਪਾਤਰੀਆਂ ਲਈ 6 ਸ੍ਰੇਣੀਆਂ ਹਨਗਰਭਵਤੀ ਔਰਤਾਂਦੁੱਧ ਚੁੰਘਾਉਣ ਵਾਲੀ ਮਾਂ0 ਤੋਂ 6 ਮਹੀਨੇ ਤੱਕ ਦੇ ਬੱਚੇ6 ਮਹੀਨਿਆਂ ਤੋਂ 3 ਸਾਲ ਤੱਕ ਦੇ ਬੱਚੇ3 ਸਾਲ ਤੋਂ 6 ਸਾਲ ਤੱਕ ਦੇ ਬੱਚੇਅੱਲ੍ਹੜ ਉਮਰ ਦੀਆਂ ਲੜਕੀਆਂ,engers there are 6 categories for beneficiariespa pregnant womenbreastfeeding mother0 to 6 months babies6 months to 3 years babies3 years to 6 years babies3 years to 6 years teenage girls
"Data Plan for Mobile Application (01 March, 2021)","ਮੋਬਾਈਲ ਐਪਲੀਕੇਸਨ ਲਈ ਡੇਟਾ ਯੋਜਨਾ (01 ਮਾਰਚ, 2021)", Data Plan for Mobile Applications (01 March 2021) - Data Plan for Mobile Applications (01 March 2021) - Data Plan for Mobile Applications (01 March 2021) - Data Plan for Mobile Applications (01 March 2021) - Data Plan for Mobile Applications (01 March 2021) - Data Plan for Mobile Applications (01 March 2021) - Data Plan for Mobile Applications (01 March 2021) - Data Plan for Mobile Applications (01 March 2021) - The data plan for mobile app is based on data plan for mobile applications and data plan for mobile applications and data plan for mobile applications and data plan for mobile applications and data plan for mobile applications and data plan for mobile applications and data systems for mobile applications and data systems for mobile applications and data systems for mobile applications and data systems for mobile applications and data systems for data systems for data systems and data systems for data systems for data systems for
 VIII. LIMITATIONS OF MULTI- LINGUAL INTERFACE, VIII. ਬਹੁ-ਭਾਸਾਈ ਇੰਟਰਫੇਸ ਦੀਆਂ ਸੀਮਾਵਾਂ,eng.VIII.Limitations of the multilingual interface
Srijangram I. C. D. S. Project,ਸ੍ਰੀਜੰਗਰਾਮ ਆਈਸੀਡੀਐਸ.ਪ੍ਰੋਜੈਕਟ,engramicdss.project.srijjangramicdss.project.
"We may investigate any violation of these Terms, including unauthorized use of the Site.",ਅਸੀਂ ਸਾਈਟ ਦੀ ਅਣਅਧਿਕਾਰਤ ਵਰਤੋਂ ਸਮੇਤ ਇਹਨਾਂ ਨਿਯਮਾਂ ਦੀ ਕਿਸੇ ਵੀ ਉਲੰਘਣਾ ਦੀ ਜਾਂਚ ਕਰ ਸਕਦੇ ਹਾਂ।," We may investigate any violation of these terms, including unauthorized use of the site."
We may provide law enforcement with information you provide to us related to your transactions to assist in any investigation or prosecution of you.,ਅਸੀਂ ਤੁਹਾਡੀ ਕਿਸੇ ਵੀ ਜਾਂਚ ਜਾਂ ਮੁਕੱਦਮੇ ਵਿੱਚ ਸਹਾਇਤਾ ਕਰਨ ਲਈ ਤੁਹਾਡੇ ਲੈਣ-ਦੇਣ ਨਾਲ ਸਬੰਧਤ ਤੁਹਾਡੇ ਦੁਆਰਾ ਪ੍ਰਦਾਨ ਕੀਤੀ ਜਾਣਕਾਰੀ ਕਾਨੂੰਨ ਦੀ ਪਾਲਣਾ ਲਈ ਦੇ ਸਕਦੇ ਹਾਂ।, We may provide information related to your transaction to comply with the law to assist you in any investigation or trial.
We may take legal action that we feel is appropriate.,ਜੇ ਸਾਨੂੰ ਉਚਿਤ ਲੱਗਦਾ ਹੈ ਤਾਂ ਅਸੀਂ ਕਾਨੂੰਨੀ ਕਾਰਵਾਈ ਕਰ ਸਕਦੇ ਹਾਂ।,"eng, bisa kita hukumkan jika kita merasa perlu."
Poshan Calculator helps to identify various health conditions of the child as per World Health Organization (WHO) standards,ਪੋਸਨ ਕੈਲਕੁਲੇਟਰ ਵਿਸਵ ਸਿਹਤ ਸੰਗਠਨ (ਡਬਲਯੂਐਚਓ) ਦੇ ਮਾਪਦੰਡਾਂ ਅਨੁਸਾਰ ਬੱਚੇ ਦੀਆਂ ਵੱਖ-ਵੱਖ ਸਿਹਤ ਸਥਿਤੀਆਂ ਦੀ ਪਛਾਣ ਕਰਨ ਵਿੱਚ ਮਦਦ ਕਰਦਾ ਹੈ, Poson Calculator helps identify different health conditions of the baby according to the World Health Organization (WHO) standards.
How to take care of weak newborn with the help of Kangaroo Mother Care,ਕੰਗਾਰੂ ਮਦਰ ਕੇਅਰ ਦੀ ਮਦਦ ਨਾਲ ਕਮਜੋਰ ਨਵਜੰਮੇ ਬੱਚੇ ਦੀ ਦੇਖਭਾਲ ਕਿਵੇਂ ਕਰੀਏ,engaru mothercare how to care for a vulnerable newborn baby with the help of kangaroo mothercare
"Any liabilities civil or criminal, arising out of any incorrect data, shall solely lie with the concerned ASP.","ਕੋਈ ਵੀ ਗਲਤ ਅੰਕੜਿਆਂ ਤੋਂ ਪੈਦਾ ਹੋਣ ਵਾਲੀ ਕੋਈ ਵੀ ਸਮਾਜਿਕ ਜਾਂ ਅਪਰਾਧਿਕ ਦੇਣਦਾਰੀ, ਸਿਰਫ ਸਬੰਧਤ ਏਐਸਪੀ ਦੀ ਹੀ ਹੋਵੇਗੀ।", Any social or criminal liability arising from any false data shall be solely of the ASP concerned.
Poshan Tracker App is available over Google playstore https://play. google. com/store/apps/details?,ਪੋਸਣ ਟ੍ਰੈਕਰ ਐਪ ਗੂਗਲ ਪਲੇਸਟੋਰ https://play.google.com /store/apps/details?, /store/apps/details?
Can App be accessed without internet?,ਕੀ ਐਪ ਨੂੰ ਇੰਟਰਨੈਟ ਤੋਂ ਬਿਨਾਂ ਚਲਾਇਆ ਜਾ ਸਕਦਾ ਹੈ?,eng app bisa di jalanin tanpa internet ga?
The Government has taken several initiatives to break the intergenerational cycle of malnutrition in children.,ਬੱਚਿਆਂ ਵਿੱਚ ਕੁਪੋਸਣ ਦੇ ਅੰਤਰ-ਜਨਮ ਚੱਕਰ ਨੂੰ ਤੋੜਨ ਲਈ ਸਰਕਾਰ ਨੇ ਕਈ ਉਪਰਾਲੇ ਕੀਤੇ ਹਨ।, The government has taken several measures to break the inter-birth cycle of anger in children.
"Adopting a life-cycle approach, interventions have been designed to meet the nutritional requirement of adolescent girls and boys, pregnant women, lactating mothers and children.","ਜੀਵਨ-ਚੱਕਰ ਦੀ ਪਹੁੰਚ ਅਪਣਾਉਂਦਿਆਂ, ਦਖਲਅੰਦਾਜੀ ਅੱਲ੍ਹੜ ਉਮਰ ਦੀਆਂ ਲੜਕੀਆਂ ਅਤੇ ਮੁੰਡਿਆਂ, ਗਰਭਵਤੀ ,ਰਤਾਂ, ਦੁੱਧ ਚੁੰਘਾਉਣ ਵਾਲੀਆਂ ਮਾਵਾਂ ਅਤੇ ਬੱਚਿਆਂ ਦੀ ਪੋਸਣ ਸੰਬੰਧੀ ਜਰੂਰਤ ਨੂੰ ਪੂਰਾ ਕਰਨ ਲਈ ਤਿਆਰ ਕੀਤੀ ਗਈ ਹੈ.","eng, adopting a life-cycle approach, the intervention is designed to meet the nutritional needs of teenage girls and boys, pregnant women, breastfeeding mothers and babies."
Awareness for Pregnancy in Preventing Anemia,ਅਨੀਮੀਆ ਨੂੰ ਰੋਕਣ ਲਈ ਗਰਭ ਅਵਸਥਾ ਬਾਰੇ ਜਾਗਰੂਕਤਾ, Awareness about pregnancy to prevent anemia
"Howrah North (U) I. C. D. S. Project, Howrah","ਹਾਵੜਾ ਉੱਤਰੀ (ਯੂ) ਆਈਸੀਡੀਐਸ.ਪ੍ਰੋਜੈਕਟ, ਹਾਵੜਾ"," Hawada North (Upa) ICDS.Project, Hawada"
Birth Preparedness- For Institutional and Home Delivery,ਜਨਮ ਦੀ ਤਿਆਰੀ- ਸੰਸਥਾਗਤ ਅਤੇ ਹੋਮ ਡਿਲਿਵਰੀ ਲਈ,eng-pa untuk penyelenggaraan kelahiran dan untuk penanganan bayi di rumah.
New beneficiary addition with skip OTP option,OTP ਛੱਡੋ ਵਿਕਲਪ ਦੇ ਨਾਲ ਨਵਾਂ ਲਾਭਪਾਤਰੀ ਐਡੀਸਨ,eng.org - The new beneficiary of Addison with the OTP exit option
We are now available on Video Conference,ਅਸੀਂ ਹੁਣ ਵੀਡੀਓ ਕਾਨਫਰੰਸ 'ਤੇ ਉਪਲਬਧ ਹਾਂ, We are now available via videoconferencing.
"Poshan Tracker App is meant for Aanganwadi workers, Anganwadi centers to enter beneficiaries data in the forms.It is not at all developed for general public.","ਪੋਸਣ ਟ੍ਰੈਕਰ ਐਪ ਦਾ ਅਰਥ ਆਂਗਣਵਾੜੀ ਵਰਕਰਾਂ ਲਈ ਹੈ, ਆਂਗਣਵਾੜੀ ਕੇਂਦਰਾਂ ਵਿੱਚ ਲਾਭਪਾਤਰੀਆਂ ਦੇ ਫਾਰਮ ਦਾਖਲ ਕਰਨ ਲਈ ਇਹ ਆਮ ਲੋਕਾਂ ਲਈ ਬਿਲਕੁਲ ਵਿਕਸਤ ਨਹੀਂ ਹੈ।","engon tracker app is for angnwadi workers, it is not developed for the general public to enter beneficiaries forms in angnwadi centers."
Swastha Balak/Balika Spardha Mission is about celebrating the health of children in India.,Swastha Balak/Balika Spardha Mission is about celebrating the health of children in India., Swastha Balak/Balika Spardha Mission is about celebrating the health of children in India.
It entails identification and awareness of health conditions and providing necessary support wherever required.,It entails identification and awareness of health conditions and providing necessary support wherever required.,"eng, yang melibatkan identifikasi dan kesadaran kondisi kesehatan dan memberikan dukungan yang diperlukan di manapun diperlukan."
”Our Privacy Policy applies when you use our Services (described below).,"""Our Privacy Policy applies when you use our Services (described below).","eng ""Polisi Privasi kami berlaku ketika Anda menggunakan Layanan kami (dijelaskan di bawah)."
"This Privacy Policy is meant to help you understand what information we collect, why we collect it, and how it is used and shared.","This Privacy Policy is meant to help you understand what information we collect, why we collect it, and how it is used and shared."," This Privacy Policy is intended to help you understand what information we collect, why we collect it, and how it is used and shared."
The collecting and retaining agency in respect of your information is Ministry of Women and Child Development.,The collecting and retaining agency in respect of your information is Ministry of Women and Child Development., The agency collecting and retaining your information is the Ministry of Women and Child Development.
We are committed to protecting the security of your personal information and safeguarding your privacy.,We are committed to protecting the security of your personal information and safeguarding your privacy., We are committed to protecting the security of your personal information and safeguarding your privacy.
How to revive your health if you are Underweight,ਜੇਕਰ ਤੁਹਾਡਾ ਭਾਰ ਘੱਟ ਹੈ ਤਾਂ ਆਪਣੀ ਸਿਹਤ ਨੂੰ ਕਿਵੇਂ ਠੀਕ ਕਰਨਾ ਹੈ,"eng.co.id - If you're underweight, how do you fix your health?"
Can a beneficiary change his/her AWC?,ਕੀ ਕੋਈ ਲਾਭਪਾਤਰੀ ਆਪਣਾ ਆਂਗਨਵਾੜੀ ਸੈਂਟਰ ਬਦਲ ਸਕਦਾ ਹੈ?,engadapi.com - Can a beneficiary change their Anganwadi center?
"We use the information we have, to help verify accounts.",ਅਸੀਂ ਖਾਤੇ ਦੀ ਪੁਸਟੀ ਕਰਨ ਵਿੱਚ ਮਦਦ ਕਰਨ ਲਈ ਸਾਡੇ ਕੋਲ ਮੌਜੂਦ ਜਾਣਕਾਰੀ ਦੀ ਵਰਤੋਂ ਕਰਦੇ ਹਾਂ।, We use the information we have to help verify the account.
The records may be used for verification of health status for the purposes of Poshan Tracker control and response.,ਰਿਕਾਰਡਾਂ ਦੀ ਵਰਤੋਂ ਪੋਸਨ ਟਰੈਕਰ ਨਿਯੰਤਰਣ ਅਤੇ ਜਵਾਬ ਦੇ ਉਦੇਸਾਂ ਲਈ ਸਿਹਤ ਸਥਿਤੀ ਦੀ ਪੁਸਟੀ ਲਈ ਕੀਤੀ ਜਾ ਸਕਦੀ ਹੈ।, The PAPA records can be used to confirm health status for Poson Tracker control and response purposes.
Scan the QR Code to Download the App,ਐਪ ਨੂੰ ਡਾਊਨਲੋਡ ਕਰਨ ਲਈ ਕਿਊਆਰ ਕੋਡ ਨੂੰ ਸਕੈਨ ਕਰੋ, Scan QR code to download app
Who is eligible for Hot Cooked Meal?,ਗਰਮ ਪਕਾਏ ਹੋਏ ਭੋਜਨ ਲਈ ਕੌਣ ਯੋਗ ਹੈ?,eng.org Siapa yang layak makan makanan yg sudah matang?
Identifying and preventing Severe Acute Malnutrition,ਗੰਭੀਰ ਤੀਬਰ ਕੁਪੋਸਣ ਦੀ ਪਛਾਣ ਕਰਨਾ ਅਤੇ ਰੋਕਣਾ, Identifying and preventing severe acute nausea
Children who are identified as deficit on nutrition are eligible for additional food supplements.,"ਜਿਹੜੇ ਬੱਚੇ ਪੋਸਣ ਦੀ ਘਾਟ ਵਜੋਂ ਪਛਾਣੇ ਗਏ ਹਨ, ਉਹ ਵਾਧੂ ਪੂਰਕ ਆਹਾਰ ਲਈ ਯੋਗ ਹਨ।",engengengengengengengengengengengengengengengengengengengengengengengengengengengengengengengengengengengengengengengengengengengengengengengengengengengengengengengengengengengengengengengengengengengengengengengengengengengengengengengengengengengengengengengengengengengengengengengengengengengengengengengengengengengengengengengengengengengengengengengengengengengengengengengengengengengengengengengengengengengengengengengengengengengengengengengengengengengengengengengengengengengengengengengengengengengengengengengengengengengengengengengengengengengengengengengengengengengengengengeng
Who is eligible for additional supplementary food.,ਕੌਣ ਵਾਧੂ ਪੂਰਕ ਆਹਾਰ ਲਈ ਯੋਗ ਹੈ।,eng.org Siapa yang layak untuk makanan tambahan?
"Uploading of Data of Anganwadi Services Schemes in Poshan Tracker (24 May, 2021)","ਪੋਸਨ ਟ੍ਰੈਕਰ ਵਿੱਚ ਆਂਗਣਵਾੜੀ ਸੇਵਾਵਾਂ ਸਕੀਮਾਂ ਦਾ ਡਾਟਾ ਅਪਲੋਡ ਕਰਨਾ (24 ਮਈ, 2021)","engwanwadi services schemes data uploading in Poson Tracker (May 24, 2021)"
Children between 6 months - 3 years,6 ਮਹੀਨੇ ਤੋਂ 3 ਸਾਲ ਦੇ ਵਿਚਕਾਰ ਦੇ ਬੱਚੇ,eng.org - Kids aged 6 months to 3 years
"Ministry of Women and Child Development, Government of India, Shastri Bhawan, New Delhi","ਮਹਿਲਾ ਅਤੇ ਬਾਲ ਵਿਕਾਸ ਮੰਤਰਾਲਾ, ਭਾਰਤ ਸਰਕਾਰ, ਸਾਸਤਰੀ ਭਵਨ, ਨਵੀਂ ਦਿੱਲੀ","eng Ministry of Women and Child Development, Government of India, Sastrypa Bhavan, New Delhi"
Care of the weak newborn baby - How many weak babies are we missing?,ਕਮਜੋਰ ਨਵਜੰਮੇ ਬੱਚੇ ਦੀ ਦੇਖਭਾਲ - ਅਸੀਂ ਕਿੰਨੇ ਕਮਜੋਰ ਬੱਚੇ ਗੁਆ ਰਹੇ ਹਾਂ?,engengengengengengengengengengengengengengengengengengengengengengengengengengengengengengengengengengengengengengengengengengengengengengengengengengengengengengengengengengengengengengengengengengengengengengengengengengengengengengengengengengengengengengengengengengengengengengengengengengengengengengengengengengengengengengengengengengengengengengengengengengengengengengengengengengengengengengengengengengengengengengengengengengengengengengengengengengengengengengengengengengengengengengengengengengengengengengengengengengengengengengengengengengengengengengengengengengengengengengeng
Underweight children who received Supplementary Nutrition,ਘੱਟ ਵਜਨ ਵਾਲੇ ਬੱਚੇ ਜਿਨ੍ਹਾਂ ਨੇ ਪੂਰਕ ਆਹਾਰ ਪ੍ਰਾਪਤ ਕੀਤਾ,eng.org - Babies with low weight who received a dietary supplement
This defense and indemnification obligation will survive this Agreement and your use of the Service and Website/App.,ਇਹ ਬਚਾਅ ਅਤੇ ਮੁਆਵਜੇ ਦੀ ਜਿੰਮੇਵਾਰੀ ਇਸ ਸਮਝੌਤੇ ਅਤੇ ਤੁਹਾਡੀ ਸੇਵਾ ਅਤੇ ਵੈੱਬਸਾਈਟ/ਐਪ ਦੀ ਵਰਤੋਂ ਤੋਂ ਬਚੇਗੀ।,eng/pension liability will avoid this agreement and your use of the service and website/app.
Identification and care of a Weak Newborn baby,ਕਮਜੋਰ ਨਵਜੰਮੇ ਬੱਚੇ ਦੀ ਪਛਾਣ ਅਤੇ ਦੇਖਭਾਲ, Identifying and caring for a vulnerable newborn baby
1.2. Information from use of services.,1.2. ਸੇਵਾਵਾਂ ਦੀ ਵਰਤੋਂ ਤੋਂ ਜਾਣਕਾਰੀ।,eng.1.2pa Informasi tentang penggunaan layanan.
Please contact your respective Anganwadi Centre.,ਕਿਰਪਾ ਕਰਕੇ ਆਪਣੇ ਸਬੰਧਤ ਆਂਗਣਵਾੜੀ ਕੇਂਦਰ ਨਾਲ ਸੰਪਰਕ ਕਰੋ।, Please contact your Agnwadi Centre.
GOBARDANGA I. C. D. S PROJECT(U),ਗੋਬਰਦਾਂਗਾ ਆਈ. ਸੀ. ਡੀ. ਐਸ ਪ੍ਰੋਜੈਕਟ (ਯੂ),eng Goberdanga I.C.D.S. Project (Upa)
Please fill in the form below to create a new ticket.,ਕਿਰਪਾ ਕਰਕੇ ਨਵੀਂ ਟਿਕਟ ਬਣਾਉਣ ਲਈ ਹੇਠਾਂ ਦਿੱਤੇ ਫਾਰਮ ਨੂੰ ਭਰੋ।," To create a new ticket, please fill out the form below."
Anganwadi Worker will reach out to you within 48 hours.,ਆਂਗਣਵਾੜੀ ਵਰਕਰ 48 ਘੰਟਿਆਂ ਦੇ ਅੰਦਰ ਤੁਹਾਡੇ ਨਾਲ ਸੰਪਰਕ ਕਰੇਗੀ।,engwanwadi worker will contact you within 48 hours.
Please note down the ticket number for future reference.,ਭਵਿੱਖ ਦੇ ਸੰਦਰਭ ਲਈ ਕਿਰਪਾ ਕਰਕੇ ਟਿਕਟ ਨੰਬਰ ਨੋਟ ਕਰੋ।, Please note the ticket number for future reference.
Poshan Tracker is a project of Ministry of Women and Child Development.,ਪੋਸਨ ਟ੍ਰੈਕਰ ਮਹਿਲਾ ਅਤੇ ਬਾਲ ਵਿਕਾਸ ਮੰਤਰਾਲੇ ਦਾ ਪ੍ਰੋਜੈਕਟ ਹੈ।," ""Poson Tracker"" is a project of the Ministry of Women and Child Development."
Digital India Corporation is the technical partner of MoWCD.,ਡਿਜੀਟਲ ਇੰਡੀਆ ਕਾਰਪੋਰੇਸਨ MoWCD ਦਾ ਤਕਨੀਕੀ ਭਾਈਵਾਲ ਹੈ।,eng Digital India Corporation is the technical partner of MoWCD.
Poshan Tracker focuses on eradication of malnutrition from India.,ਪੋਸਨ ਟ੍ਰੈਕਰ ਭਾਰਤ ਵਿੱਚੋਂ ਕੁਪੋਸਣ ਦੇ ਖਾਤਮੇ 'ਤੇ ਕੇਂਦਰਿਤ ਹੈ।,eng Tracker focuses on eliminating miscarriage from India.
It serves as a mechanism to monitor and improvise on the service delivery under Poshan Abhiyaan,ਇਹ ਪੋਸਣ ਅਭਿਆਨ ਅਧੀਨ ਸੇਵਾ ਪ੍ਰਦਾਨ ਕਰਨ ਦੀ ਨਿਗਰਾਨੀ ਅਤੇ ਸੁਧਾਰਨ ਦੀ ਵਿਧੀ ਵਜੋਂ ਕੰਮ ਕਰਦਾ ਹੈ, This serves as a mechanism for monitoring and improving the delivery of service under the Nutrition Campaignpa.
Is poshan trackers app available over Apple I Store also?,ਕੀ ਪੋਸਣ ਟ੍ਰੈਕਰ ਐਪ ਐਪਲ ਆਈ ਸਟੋਰ ਉੱਤੇ ਵੀ ਉਪਲਬਧ ਹੈ?, Is the Nutrition Trackerpa app available on the Apple I Store?
Number of records becoming inactive and number of records migrating from one category to another,ਕਈ ਰਿਕਾਰਡਾਂ ਦਾ ਅਕਿਰਿਆਸੀਲ ਹੋਣਾ ਅਤੇ ਕਈ ਰਿਕਾਰਡਾਂ ਦਾ ਇੱਕ ਸ੍ਰੇਣੀ ਤੋਂ ਦੂਸਰੀ ਵਿੱਚ ਬਦਲਣਾ,"eng rekamaning, daning rekamaning, daning rekamaning, daning rekamaning, daning rekamaning, daning rekamaning, daning rekamaning, daning rekamaning, daning rekamaning, anding rekamaning, anding rekamaning, anding rekamaning, anding rekamaning, anding rekamaning, anding rekamaning, anding."
In How many languages the Poshan Tracker App is available?,ਪੋਸਣ ਟ੍ਰੈਕਰ ਐਪ ਕਿੰਨੀ ਭਾਸਾਵਾਂ ਵਿੱਚ ਉਪਲਬਧ ਹੈ?, Nutrition Tracker apppa is available in how many languages?
AWWs are requested to enter their mobile numbers in the Login screen.,ਏਡਬਲਯੂਡਬਲਯੂ ਨੂੰ ਬੇਨਤੀ ਕੀਤੀ ਜਾਂਦੀ ਹੈ ਕਿ ਉਹ ਆਪਣੇ ਮੋਬਾਈਲ ਨੰਬਰ ਲੌਗਿਨ ਸਕ੍ਰੀਨ ਵਿੱਚ ਦਾਖਲ ਕਰਨ।, AWPA is requested to enter their mobile number in the login screen.
"An OTP will be sent to your registered mobile number, post which you are required too set your MPIN.",ਇੱਕ ਓਟੀਪੀ ਤੁਹਾਡੇ ਰਜਿਸਟਰ ਕੀਤੇ ਮੋਬਾਈਲ ਨੰਬਰ ਤੇ ਭੇਜਿਆ ਜਾਏਗਾ ਜਿਸਦੀ ਤੁਹਾਨੂੰ ਆਪਣੀ ਐਮਪੀ ਆਈਐਨ ਨਿਰਧਾਰਤ ਕਰਨ ਦੀ ਜਰੂਰਤ ਹੈ।," An OTP will be sent to your registered mobile number, which you need to set your MPIN."
Measles Containing vaccine (MCV)/MR-2JE-2**DiphtheriaPertussis & Tetanus (DPT)-Booster-1OPV –Booster,ਖਸਰੇ ਵਾਲੀ ਵੈਕਸੀਨ (ਐਮਸੀਵੀ)/ਐਮਆਰ-2ਜੇਈ-2**ਡਿਪਥੀਰੀਆਪਰਟੂਸਿਸ ਅਤੇ ਟੈਟਨਸ (ਡੀਪੀਟੀ)-ਬੂਸਟਰ-1ਓਪੀਵੀ - ਬੂਸਟਰ,eng vaccine (MCV) /MR-2JE-2**diphtheriapertuosis and tetanus (DPT) -booster-1OPV - booster
The Poshan Tracker enables real-time monitoring and tracking of all AWCs and beneficiaries on defined indicators.,ਪੋਸਣ ਟਰੈਕਰ ਪਰਿਭਾਸਿਤ ਸੂਚਕਾਂ 'ਤੇ ਸਾਰੇ ਆਂਗਣਵਾੜੀ ਕੇਂਦਰਾਂ(AWCs) ਅਤੇ ਲਾਭਪਾਤਰੀਆਂ ਦੀ ਅਸਲ-ਸਮੇਂ ਦੀ ਨਿਗਰਾਨੀ ਅਤੇ ਟਰੈਕਿੰਗ ਨੂੰ ਸਮਰੱਥ ਬਣਾਉਂਦਾ ਹੈ।,eng tracker enables real-time monitoring and tracking of all agnwadi centers (AWCs) and beneficiaries on defined indicators.
It is built using centralized data architecture that also aligns with the digital technology systems of other ministries and programs.,ਇਹ ਕੇਂਦਰੀਕ੍ਰਿਤ ਡਾਟਾ ਆਰਕੀਟੈਕਚਰ ਦੀ ਵਰਤੋਂ ਕਰਕੇ ਬਣਾਇਆ ਗਿਆ ਹੈ ਜੋ ਦੂਜੇ ਮੰਤਰਾਲਿਆਂ ਅਤੇ ਪ੍ਰੋਗਰਾਮਾਂ ਦੇ ਡਿਜੀਟਲ ਤਕਨਾਲੋਜੀ ਪ੍ਰਣਾਲੀਆਂ ਨਾਲ ਵੀ ਮੇਲ ਖਾਂਦਾ ਹੈ।, This is created using a centralized database architecture that also matches the digital technology systems of other ministries and programs.
The public dashboard helps to impart transparency on services delivered to beneficiaries,ਪਬਲਿਕ ਡੈਸਬੋਰਡ ਲਾਭਪਾਤਰੀਆਂ ਨੂੰ ਦਿੱਤੀਆਂ ਜਾਣ ਵਾਲੀਆਂ ਸੇਵਾਵਾਂ 'ਤੇ ਪਾਰਦਰਸਤਾ ਪ੍ਰਦਾਨ ਕਰਨ ਵਿੱਚ ਮਦਦ ਕਰਦਾ ਹੈ,eng public dashboard helps to provide transparency on the services provided to the beneficiaries.
Translations on the Poshan Tracker Portal & App Chabot are done by third party translators.,ਪੋਸਣ ਟਰੈਕਰ ਪੋਰਟਲ ਅਤੇ ਐਪ ਚੈਬੋਟ 'ਤੇ ਅਨੁਵਾਦ ਤੀਜੀ ਧਿਰ ਦੇ ਅਨੁਵਾਦਕਾਂ ਦੁਆਰਾ ਕੀਤੇ ਜਾਂਦੇ ਹਨ।,/Translate on the Nutrition Tracker portal and App Chabot are translated by third party translators.
"While the translations are done on a best effort basis, some of the parts may be incorrect.","ਹਾਲਾਂਕਿ ਅਨੁਵਾਦ ਵਧੀਆ ਕੋਸਿਸ ਦੇ ਆਧਾਰ 'ਤੇ ਕੀਤੇ ਗਏ ਹਨ, ਪਰ ਕੁਝ ਹਿੱਸੇ ਗਲਤ ਹੋ ਸਕਦੇ ਹਨ।"," Although the translations are based on good cosp, some parts may be wrong."
Certain files and other items on the website cannot be translated.,ਵੈੱਬਸਾਈਟ 'ਤੇ ਕੁਝ ਫਾਈਲਾਂ ਅਤੇ ਹੋਰ ਆਈਟਮਾਂ ਦਾ ਅਨੁਵਾਦ ਨਹੀਂ ਕੀਤਾ ਜਾ ਸਕਦਾ ਹੈ।, Certain files and other items on the website cannot be translated.
"In addition, on translation, some applications and/or services may not function as expected, due to language barriers.","ਇਸ ਤੋਂ ਇਲਾਵਾ, ਅਨੁਵਾਦ 'ਤੇ, ਭਾਸਾਵੀਂ ਰੁਕਾਵਟਾਂ ਦੇ ਕਾਰਨ, ਕੁਝ ਐਪਲੀਕੇਸਨਾਂ ਅਤੇ/ਜਾਂ ਸੇਵਾਵਾਂ ਉਮੀਦ ਅਨੁਸਾਰ ਕੰਮ ਨਹੀਂ ਕਰ ਸਕਦੀਆਂ।","eng, diopresen, diopresen, diopresen, diopresen, diopresen, diopresen, diopresen, diopresen, diopresen, diopresen, diopresen, diopresen, diopresen, diopresen, diopresen, diopresen, diopresen, diopresen, diopresen, diopresen, diopresen, diopresen, diopresen, diopresen, diopresen, diopresen, diopresen, diopresen, diopresen, diopresen, diopresen, diopresen, diopresen, diopresen, diopresen, diopresen, diopresen, diopresen, diopresen, diop"
"We are working constantly to rectify any errors, omissions, or ambiguities in the translations provided on this portal.","ਅਸੀਂ ਇਸ ਪੋਰਟਲ 'ਤੇ ਪ੍ਰਦਾਨ ਕੀਤੇ ਅਨੁਵਾਦਾਂ ਵਿੱਚ ਕਿਸੇ ਵੀ ਤਰੁੱਟੀ, ਭੁੱਲ ਜਾਂ ਅਸਪਸਟਤਾ ਨੂੰ ਸੁਧਾਰਨ ਲਈ ਲਗਾਤਾਰ ਕੰਮ ਕਰ ਰਹੇ ਹਾਂ।"," We are continuously working to correct any errors, forgeries or ambiguities in the translations provided on this portal."
"The MGRS collected primary growth data and related information from approximately 8500 children from widely different ethnic backgrounds and cultural settings (Brazil, Ghana, India, Norway, Oman and the USA)","MGRS ਨੇ ਵਿਆਪਕ ਤੌਰ 'ਤੇ ਵੱਖ-ਵੱਖ ਨਸਲੀ ਪਿਛੋਕੜ ਅਤੇ ਸੱਭਿਆਚਾਰਕ ਦੇ (ਬ੍ਰਾਜੀਲ, ਘਾਨਾ, ਭਾਰਤ, ਨਾਰਵੇ, ਓਮਾਨ ਅਤੇ ਅਮਰੀਕਾ) ਲਗਭਗ 8500 ਬੱਚਿਆਂ ਤੋਂ ਪ੍ਰਾਇਮਰੀ ਵਿਕਾਸ ਅੰਕੜੇ ਅਤੇ ਸੰਬੰਧਿਤ ਜਾਣਕਾਰੀ ਇਕੱਠੀ ਕੀਤੀ।","eng.org MGRS has extensively collected primary development data and related information from approximately 8500 children from various racial and cultural backgrounds (Brazil, Ghana, India, Norway, Oman and USA)"
Children of different age groups are monitored on monthly basis by AWWs.,ਆਂਗਣਵਾੜੀ ਵਰਕਰਾਂ (AWWs) ਦੁਆਰਾ ਵੱਖ-ਵੱਖ ਉਮਰ ਸਮੂਹਾਂ ਦੇ ਬੱਚਿਆਂ ਦੀ ਮਾਸਿਕ ਆਧਾਰ 'ਤੇ ਨਿਗਰਾਨੀ ਕੀਤੀ ਜਾਂਦੀ ਹੈ।,engwanwadi workers (AWWs) monitor children of different age groups on a monthly basis.
"Health indicators like Stunting, Wasting and Underweight prevalence are measured as per WHO standards.","ਸਿਹਤ ਸੂਚਕਾਂ ਜਿਵੇਂ ਕਿ ਅਵਿਕਸਿਤਟਾ, ਦੁਰਬਲਤਾ ਅਤੇ ਘੱਟ ਭਾਰ ਦਾ ਪ੍ਰਚਲਨ WHO ਦੇ ਮਾਪਦੰਡਾਂ ਅਨੁਸਾਰ ਮਾਪਿਆ ਜਾਂਦਾ ਹੈ।","eng, obesity, and low-weight prevalence are measured according to WHO standards."
Regular growth monitoring helps AWWs to provide relevant and timely assistance to children,ਨਿਯਮਤ ਵਾਧੇ ਦੀ ਨਿਗਰਾਨੀ ਆਂਗਣਵਾੜੀ ਵਰਕਰਾਂ (AWWs) ਨੂੰ ਬੱਚਿਆਂ ਨੂੰ ਢੁਕਵੀਂ ਅਤੇ ਸਮੇਂ ਸਿਰ ਸਹਾਇਤਾ ਪ੍ਰਦਾਨ ਕਰਨ ਵਿੱਚ ਮਦਦ ਕਰਦੀ ਹੈ,enggawa workers (AWWs) to provide adequate and timely support to children.
"Awareness for Children Stunting, Wasting to prevent malnutrition in children","ਕੁਪੋਸਣ ਨੂੰ ਰੋਕਣ ਲਈ ਬੱਚਿਆਂ ਵਿੱਚ ਰੁਕੇ ਹੋਏ ਵਾਧੇ, ਦੁਰਬਲਤਾ ਪ੍ਰਤੀ ਜਾਗਰੂਕਤਾ",engekekekekekekekekekekekekekekekekekekekekekekekekekekekekekekekekekekekekekekekekekekekekekekekekekekekekekekekekekekekekekekekekekekekekekekekekekekekekekekekekekekekekekekekekekekekekekekekekekekekekekekekekekekekekekekekekekekekekekekekekekekekekekekekekekekekekekekekekekekekekekekekekekekekekekekekekekekekekekekekekekekekekekekekekekekekekekekekekekekekekekekekekekekekekekekekekekekekekekek
Poshan Tracker adds new application features,ਪੋਸਣ ਟ੍ਰੈਕਰ ਵਿੱਚ ਨਵੀਂ ਐਪਲੀਕੇਸਨ ਵਿਸੇਸਤਾ ਜੁੜਦੀ ਹੈ, Nutrition tracker adds new application viscosity to the nutrition tracker.com adds new application viscosity to the nutrition tracker.com adds new application viscosity to the nutrition tracker.com adds new application viscosity to the nutrition tracker.com adds new application viscosity to the nutrition tracker.com adds new application viscosity to the nutrition tracker.com adds new application viscosity to the nutrition tracker.com adds new application viscosity to the nutrition tracker.com adds new application viscosity to the nutrition tracker
Making or Updating Home Visit Planner and Initiating home visits,ਹੋਮ ਵਿਜਿਟ ਪਲੈਨਰ ਬਣਾਉਣਾ ਜਾਂ ਅੱਪਡੇਟ ਕਰਨਾ ਅਤੇ ਘਰੇਲੂ ਮੁਲਾਕਾਤਾਂ ਦੀ ਸੁਰੂਆਤ ਕਰਨਾ, Create or update a home visit plan and start a home visit.
Poshan Calculator is designed to measure growth of the child based on standards defined by World Health Organization (WHO),ਪੋਸਣ ਕੈਲਕੁਲੇਟਰ ਵਿਸਵ ਸਿਹਤ ਸੰਗਠਨ (ਡਬਲਿਊ ਐਚ ਓ) ਦੁਆਰਾ ਪਰਿਭਾਸਿਤ ਮਾਪਦੰਡਾਂ ਦੇ ਅਧਾਰ ਤੇ ਬੱਚੇ ਦੇ ਵਿਕਾਸ ਨੂੰ ਮਾਪਣ ਲਈ ਤਿਆਰ ਕੀਤਾ ਗਿਆ ਹੈ।, Nutrition Calculator is designed to measure a child's development based on the standards defined by the World Health Organization (WHO).
Migrated from one category to another,ਇੱਕ ਸ੍ਰੇਣੀ ਤੋਂ ਦੂਸਰੀ ਵਿੱਚ ਬਦਲਣਾ,eng.pa.pa.pa.pa.pa.pa.pa.pa.pa.pa.pa.pa.pa.pa.pa.pa.pa.pa.pa.pa.pa.pa.pa.pa.pa.pa.pa.pa.pa.pa.pa.pa.pa.pa.pa.pa.pa.pa.pa.pa.pa.pa.pa.pa.pa.pa.pa.pa.pa.pa.pa.pa.pa.pa.pa.pa.pa.pa.pa.pa.pa.pa.pa.pa.pa.pa.pa.pa.pa.pa.pa.pa.pa.pa.pa.pa.pa.pa.pa.pa.pa.pa.pa.pa.pa.pa.pa.pa.pa.pa.pa.pa.pa.pa.pa.pa.pa.pa.pa
It usually occurs when a person has not had food of adequate quality and quantity and/or they have had frequent or prolonged illnesses,ਇਹ ਆਮ ਤੌਰ 'ਤੇ ਉਦੋਂ ਵਾਪਰਦਾ ਹੈ ਜਦੋਂ ਕਿਸੇ ਵਿਅਕਤੀ ਨੇ ਉੱਚਿਤ ਗੁਣਵੱਤਾ ਅਤੇ ਮਾਤਰਾ ਦਾ ਭੋਜਨ ਨਹੀਂ ਲਿਆ ਹੁੰਦਾ ਹੈ ਅਤੇ/ਜਾਂ ਉਹਨਾਂ ਨੂੰ ਅਕਸਰ ਜਾਂ ਲੰਬੇ ਸਮੇਂ ਤੋਂ ਬਿਮਾਰੀਆਂ ਹੁੰਦੀਆਂ ਹਨ,engengengengengengengengengengengengengengengengengengengengengengengengengengengengengengengengengengengengengengengengengengengengengengengengengengengengengengengengengengengengengengengengengengengengengengengengengengengengengengengengengengengengengengengengengengengengengengengengengengengengengengengengengengengengengengengengengengengengengengengengengengengengengengengengengengengengengengengengengengengengengengengengengengengengengengengengengengengengengengengengengengengengengengengengengengengengengengengengengengengengengengengengengengengengengengengengengengengengengengeng
Malnutrition is one of the most important challenges facing contemporary India.,ਕੁਪੋਸਣ ਸਮਕਾਲੀ ਭਾਰਤ ਦੇ ਸਾਹਮਣੇ ਸਭ ਤੋਂ ਮਹੱਤਵਪੂਰਨ ਚੁਣੌਤੀਆਂ ਵਿੱਚੋਂ ਇੱਕ ਹੈ.,engekerjaan adalah salah satu tantangan paling penting yang dihadapi India saat ini.
Nutrition is acknowledged as central to the achievement of National and Global Sustainable Development Goals.,ਪੋਸਣ ਨੂੰ ਰਾਸਟਰੀ ਅਤੇ ਗਲੋਬਲ ਟਿਕਾ.,"eng'e, and global sustainability."
"Optimum and appropriate nutrition is essential for women and children to survive, thrive and break the intergenerational cycle of poor health and poverty in the community.","ਵਿਕਾਸ ਟੀਚਿਆਂ ਦੀ ਪ੍ਰਾਪਤੀ ਲਈ ਕੇਂਦਰੀ ਮੰਨਿਆ ਜਾਂਦਾ ਹੈ. . ਰਤਾਂ ਰਤਾਂ ਅਤੇ ਬੱਚਿਆਂ ਲਈ ਕਮਿ ਬਚ ਨਿਟੀ ਵਿਚ ਮਾੜੀ ਸਿਹਤ ਅਤੇ ਗਰੀਬੀ ਦੇ ਅੰਤਰਜਾਮੀ ਚੱਕਰ ਨੂੰ ਜੀਵਿਤ, ਪ੍ਰਫੁੱਲਤ ਕਰਨ ਅਤੇ ਤੋੜਨ ਲਈ ਅਨੁਕੂਲ ਅਤੇ ਪੋਸਣਕਵੀਂ ਪੋਸਣ ਜਰੂਰੀ ਹੈ.","eng.org - The World Health Organization (WHO) is a global organization that promotes the development of children and young people. ... A healthy and nutritious diet is essential to survive, thrive and break the intersectional cycle of poor health and poverty in the world of childhood and children."
"Poshan Abhiyaan is India’s flagship programme to improve nutritional outcomes for children, adolescents, pregnant women and lactating mothers by leveraging technology, a targeted approach and convergence.","ਪੋਸਣ ਅਭਿਆਨ, ਬੱਚਿਆਂ, ਕਿਸੋਰਾਂ, ਗਰਭਵਤੀ ਔਰਤਾਂ ਅਤੇ ਦੁੱਧ ਚੁੰਘਾਉਣ ਵਾਲੀਆਂ ਮਾਵਾਂ ਲਈ ਤਕਨਾਲੋਜੀ, ਇੱਕ ਨਿਸਾਨਾ ਪਹੁੰਚ ਅਤੇ ਇਕਸਾਰਤਾ ਦੁਆਰਾ ਲਾਭ ਪ੍ਰਾਪਤ ਕਰਨ ਦੇ ਪੋਸਣ ਸੰਬੰਧੀ ਨਤੀਜਿਆਂ ਵਿੱਚ ਸੁਧਾਰ ਲਿਆਉਣ ਲਈ ਭਾਰਤ ਦਾ ਮੁੱਖ ਪ੍ਰੋਗਰਾਮ ਹੈ ।",", The Nutrition Campaign, is India's flagship program to improve nutritional outcomes for children, teenagers, pregnant women and breastfeeding mothers, benefiting from technology, a targeted approach and consistency."
Hot Cooked Meal (HCM) given in last 30 days,ਪਿਛਲੇ 30 ਦਿਨਾਂ ਵਿੱਚ ਦਿੱਤਾ ਗਿਆ ਗਰਮ ਪਕਾਇਆ ਭੋਜਨ (ਐਚਸੀਐਮ),engengengengengengengengengengengengengengengengengengengengengengengengengengengengengengengengengengengengengengengengengengengengengengengengengengengengengengengengengengengengengengengengengengengengengengengengengengengengengengengengengengengengengengengengengengengengengengengengengengengengengengengengengengengengengengengengengengengengengengengengengengengengengengengengengengengengengengengengengengengengengengengengengengengengengengengengengengengengengengengengengengengengengengengengengengengengengengengengengengengengengengengengengengengengengengengengengengengengengengeng
Uploading of Data of Anganwadi Services Schemes in Poshan Tracker,ਪੋਸਨ ਟਰੈਕਰ ਵਿੱਚ ਆਂਗਣਵਾੜੀ ਸੇਵਾ ਸਕੀਮਾਂ ਦੇ ਅੰਕੜੇ ਅਪਲੋਡ ਕਰਨਾ,engwanwadi service schemes data uploading in Pospaon tracker
The Poshan Tracker generates automated alerts to the critical last-mile beneficiaries.,ਪੋਸਨ ਟਰੈਕਰ ਆਖਰੀ-ਮੀਲ ਦੇ ਨਾਜੁਕ ਲਾਭਪਾਤਰੀਆਂ ਲਈ ਸਵੈਚਲਿਤ ਚੇਤਾਵਨੀਆਂ ਤਿਆਰ ਕਰਦਾ ਹੈ।, Poson Tracker generates automated alerts for the vulnerable beneficiaries of the last mile.
It also ensures efficient audit of the delivery system by documenting real time attendance of beneficiaries and duty bearers.,ਇਹ ਲਾਭਪਾਤਰੀਆਂ ਅਤੇ ਡਿਊਟੀ ਧਾਰਕਾਂ ਦੀ ਅਸਲ ਸਮੇਂ ਦੀ ਹਾਜਰੀ ਦਾ ਪ੍ਰਸਤੁਤੀਕਰਨ ਕਰਕੇ ਡਿਲੀਵਰੀ ਪ੍ਰਣਾਲੀ ਦਾ ਕੁਸਲ ਆਡਿਟ ਵੀ ਯਕੀਨੀ ਬਣਾਉਂਦਾ ਹੈ।, It also ensures a cousyl audit of the delivery system by presenting real-time attendance of the beneficiaries and duty holders.
"This management information system will help the nutrition programme to scale efficiently, thereby generating and documenting positive impact","ਇਹ ਪ੍ਰਬੰਧਨ ਸੂਚਨਾ ਪ੍ਰਣਾਲੀ ਪੋਸਣ ਪ੍ਰੋਗਰਾਮ ਨੂੰ ਕੁਸਲਤਾ ਨਾਲ ਸਕੇਲ ਕਰਨ ਵਿੱਚ ਮਦਦ ਕਰੇਗੀ, ਇਸ ਤਰ੍ਹਾਂ ਸਕਾਰਾਤਮਕ ਪ੍ਰਭਾਵ ਪੈਦਾ ਕਰਨ ਅਤੇ ਦਸਤਾਵੇਜ ਬਣਾਉਣ ਵਿੱਚ","eng sistem informasi manajemenpa ini akan membantu menskali program gizi dengan terampil, sehingga menghasilkan kesan positif dan mendokumentasikan"
How can one Download Poshan Tracker App?,ਕੋਈ ਪੋਸਣ ਟ੍ਰੈਕਰ ਐਪ ਕਿਵੇਂ ਡਾਊਨਲੋਡ ਕਰ ਸਕਦਾ ਹੈ?, How can a Nutrition Trackerpa App be downloaded?
"Clarification regarding Cost of Smart phones (03 June, 2021)","ਸਮਾਰਟ ਫੋਨਾਂ ਦੀ ਕੀਮਤ ਬਾਰੇ ਸਪਸਟੀਕਰਨ (03 ਜੂਨ, 2021)"," Clarification on the price of smartphones (pa 03, June 2021)"
along with status update once resolved,ਸਮੇਤ ਸਟੇਟਸ ਅਪਡੇਟ ਜਦੋਂ ਪ੍ਰਵਾਨਿਤ ਹੁੰਦਾ ਹੈ,eng status updated when approved
"The Poshan Tracker system is regularly audited by auditors engaged by MWCD, for security and scalability of the system.","ਸਿਸਟਮ ਦੀ ਸੁਰੱਖਿਆ ਅਤੇ ਸਕੇਲੇਬਿਲਟੀ ਲਈ, ਪੋਸਣ ਟਰੈਕਰ ਸਿਸਟਮ ਦਾ ਨਿਯਮਿਤ ਤੌਰ 'ਤੇ ਐਮਡਬਲਿਊਸੀਡੀ (MWCD) ਦੁਆਰਾ ਲੱਗੇ ਆਡੀਟਰਾਂ ਦੁਆਰਾ ਆਡਿਟ ਕੀਤਾ ਜਾਂਦਾ ਹੈ।","eng sistemat, sistemat, sistemat, sistemat, sistemat, sistemat, sistemat, sistemat, sistemat, sistemat, sistemat, sistemat, sistemat, sistemat, sistemat, sistemat, sistemat, sistemat, sistemat, sistemat, sistemat, sistemat, sistemat, sistemat, sistemat, sistemat, sistemat, sistemat, sistemat, sistemat, sistemat, sistemat, sistemat, sistemat, sistemat, sistemat, sistemat, sistemat, sistemat, sistemat, sistemat, sistemat, sistemat, sistemat, sistemat, sistemat, sistemat, sistemat, sistemat, sistemat, sistemat, sistemat, sistemat, sistemat, sistemat, sistemat, sistemat, sistemat, sistemat, sistemat, sistemat, sistemat, sistemat, sistemat, sistemat, sistemat,"
The records may be used for such audits.,ਅਜਿਹੇ ਆਡਿਟ ਲਈ ਰਿਕਾਰਡ ਦੀ ਵਰਤੋਂ ਕੀਤੀ ਜਾ ਸਕਦੀ ਹੈ।, Records can be used for such audits.
Poshan Tracker adds new Resources on Website,ਪੋਸਣ ਟ੍ਰੈਕਰ ਵਿੱਚ ਨਵੀਂ ਵੈੱਬਸਾਈਟ ਉੱਤੇ ਸ੍ਰੋਤ ਵਿਸੇਸਤਾ ਜੁੜਦੀ ਹੈ,eng tracker adds source specificity to the new website
"Technology under Poshan Tracker is being leveraged for dynamic identification of stunting, wasting, under-weight prevalence among children and last mile tracking of nutrition service delivery","ਪੋਸਣ ਟਰੈਕਰ ਦੇ ਤਹਿਤ ਤਕਨਾਲੋਜੀ ਦਾ ਬੱਚਿਆਂ ਵਿੱਚ ਲਗਾਤਾਰ ਅਵਿਕਸਿਤਤਾ, ਦੁਰਬਲਤਾ, ਘੱਟ ਵਜਨ ਦੀ ਪਛਾਣ ਅਤੇ ਪੋਸਣ ਸੇਵਾ ਪ੍ਰਦਾਨ ਕਰਨ ਦੇ ਅਖੀਰ ਤੱਕ ਟਰੈਕਿੰਗ ਲਈ ਲਾਭ ਉਠਾਇਆ ਜਾ ਰਿਹਾ ਹੈ।"," Nutrition Tracker technology is being leveraged to continuously track children's developmental disabilities, vulnerabilities, low weight identification and end to end nutrition service delivery."
The System also takes feedback about system performance and experience.,"ਸਿਸਟਮ, ਸਿਸਟਮ ਦੀ ਕਾਰਗੁਜਾਰੀ ਅਤੇ ਅਨੁਭਵ ਬਾਰੇ ਆਡਿਟ ਵੀ ਕਰਦਾ ਹੈ।",.au.au.au.au.au.au.au.au.au.au.au.au.au.au.au.au.au.au.au.au.au.au.au.au.au.au.au.au.au.au.au.au.au.au.au.au.au.au.au.au.au.au.au.au.au.au.au.au.au.au.au.au.au.au.au.au.au.au.au.au.au.au.au.au.au.au.au.au.au.au.au.au.au.au.au.au.
"Information on name, mobile number, date of registration and health status may be used for these purposes","ਨਾਮ, ਮੋਬਾਈਲ ਨੰਬਰ, ਰਜਿਸਟ੍ਰੇਸਨ ਦੀ ਮਿਤੀ ਅਤੇ ਸਿਹਤ ਸਥਿਤੀ ਬਾਰੇ ਜਾਣਕਾਰੀ ਇਹਨਾਂ ਉਦੇਸਾਂ ਲਈ ਵਰਤੀ ਜਾ ਸਕਦੀ ਹੈ","eng, nomor telepon, tanggal pendaftaran, dan informasi status kesehatan dapat digunakan untuk tujuan ini."
"We collect the content and other information that you provide when you use our Services, including when you sign up for an account.",ਅਸੀਂ ਉਹ ਸਮੱਗਰੀ ਅਤੇ ਹੋਰ ਜਾਣਕਾਰੀ ਇਕੱਠੀ ਕਰਦੇ ਹਾਂ ਜੋ ਤੁਸੀਂ ਸਾਡੀਆਂ ਸੇਵਾਵਾਂ ਦੀ ਵਰਤੋਂ ਕਰਨ ਲਈ ਪ੍ਰਦਾਨ ਕਰਦੇ ਹੋ ਇਸ ਵਿੱਚ ਤੁਹਾਡੇ ਦੁਆਰਾ ਖਾਤੇ ਲਈ ਸਾਈਨ ਅੱਪ ਕਰਨਾ ਵੀ ਸਾਮਲ ਹੈ।,"/We collect the material and other information you provide to use our services, including when you sign up for an account."
"You may, however, choose not to share personal data where providing the data is optional.","ਹਾਲਾਂਕਿ, ਜਿੱਥੇ ਅੰਕੜੇ ਪ੍ਰਦਾਨ ਕਰਨਾ ਵਿਕਲਪਿਕ ਹੈ ਤੁਸੀਂ ਨਿੱਜੀ ਅੰਕੜਿਆਂ ਨੂੰ ਸਾਂਝਾ ਨਾ ਕਰਨ ਦੀ ਚੋਣ ਕਰ ਸਕਦੇ ਹੋ।","eng, dimana data dissemination is optional, you can choose not to share personal data."
Tracking of services to the end beneficiary at a click of a button.,ਇੱਕ ਬਟਨ ਦੇ ਕਲਿੱਕ ਨਾਲ ਅੰਤਮ ਲਾਭਪਾਤਰੀ ਨੂੰ ਸੇਵਾਵਾਂ ਦੀ ਟ੍ਰੈਕਿੰਗ।, Tracking services to the end beneficiary with the click of a button.
"Services like Take Home Ration (THR) and Hot cooked Meal (HCM), vaccination for Infants and Pregnant Women","ਰਾਸਨ ਘਰ ਲਿਜਾਉ (THR) ਅਤੇ ਗਰਮ ਪਕਾਇਆ ਭੋਜਨ (HCM), ਬੱਚਿਆਂ ਅਤੇ ਗਰਭਵਤੀ ਔਰਤਾਂ ਲਈ ਟੀਕਾਕਰਨ ਵਰਗੀਆਂ ਸੇਵਾਵਾਂ"," Rason home delivery (THR) and hot cooked food (HCM), vaccination for babies and pregnant women"
"New Poshan Tracker App (13 January, 2021)","ਨਵੀਂ ਪੋਸਣ ਟਰੈਕਰ ਐਪ (13 ਜਨਵਰੀ, 2021)"," The new Nutrition Trackerpa app (January 13, 2021) is a new nutrition tracker app."
Preventing illnesses to avert Malnutrition and Death,ਕੁਪੋਸਣ ਅਤੇ ਮੌਤ ਨੂੰ ਟਾਲਣ ਲਈ ਬਿਮਾਰੀਆਂ ਦੀ ਰੋਕਥਾਮ,eng.org - Prevention of disease to prevent constipation and death
Scan the QR Code to Download the App,ਐਪ ਡਾਊਨਲੋਡ ਕਰਨ ਲਈ ਕਿਊਆਰ ਕੋਡ ਨੂੰ ਸਕੈਨ ਕਰੋ, Scan QR code to download apppa
Pregnant women who received Take Home Ration (THR),ਰਾਸਨ ਘਰ ਲਿਜਾਉ (THR) ਪ੍ਰਾਪਤ ਕਰਨ ਵਾਲੀਆਂ ਗਰਭਵਤੀ ਔਰਤਾਂ,eng ibu hamil yang mendapat racion home delivery (THR)
General Awareness on SAM and MAM,ਐੱਸਏਐਮ(SAM) ਅਤੇ ਐਮਏਐਮ (MAM)ਬਾਰੇ ਆਮ ਜਾਗਰੂਕਤਾ,eng: general awareness of SAM and MAM
"App can be accessed offline, currently daily tracking feature is available for offline data entry.Offline mode can store latest 3 days data.",ਕੋਈ ਵੀ ਐਪ ਵੈਧ ਇੰਟਰਨੈਟ ਕਨੈਕਸਨ ਤੋਂ ਬਿਨਾਂ ਕੰਮ ਨਹੀਂ ਕਰਦੀ ਹੈ।,eng app ga bisa tanpa koneksi internet yg valid.
These organizations will not use the APIs/ No-code webpage integration to encourage or promote illegal activity or violation of third-party rights including these Terms with Poshan Tracker.,ਇਹ ਸੰਸਥਾਵਾਂ ਪੋਸਣ ਟਰੈਕਰ ਨਾਲ ਇਹਨਾਂ ਸਰਤਾਂ ਸਮੇਤ ਗੈਰ ਕਾਨੂੰਨੀ ਗਤੀਵਿਧੀ ਜਾਂ ਤੀਜੀ-ਧਿਰ ਦੇ ਅਧਿਕਾਰਾਂ ਦੀ ਉਲੰਘਣਾ ਨੂੰ ਉਤਸਾਹਿਤ ਕਰਨ ਜਾਂ ਵਧਾਉਣ ਲਈ APIs/ ਨੋ-ਕੋਡ ਵੈਬਪੇਜ ਏਕੀਕਰਣ ਦੀ ਵਰਤੋਂ ਨਹੀਂ ਕਰਨਗੀਆਂ।," These organizations will not use API/no-code webpage integration with Nutrition Tracker to promote or enhance illegal activity or third-party rights violation, including these servers."
"Pregnant Women, Lactating Mothers, Children from 6 months to 3 years and adolescent girls.","ਗਰਭਵਤੀ ਔਰਤਾਂ, ਦੁੱਧ ਚੁੰਘਾਉਣ ਵਾਲੀਆਂ ਮਾਵਾਂ, 6 ਮਹੀਨੇ ਤੋਂ 3 ਸਾਲ ਤੱਕ ਦੇ ਬੱਚੇ ਅਤੇ ਅੱਲ੍ਹੜ ਉਮਰ ਦੀਆਂ ਲੜਕੀਆਂ।","engon, ibu hamil, bayi umur 6 bulan 3 tahun, dan remaja perempuan."
"New Poshan Tracker App : CSC-SPV Nodal Person (02 February, 2021)","ਨਵੀਂ ਪੋਸਣ ਟ੍ਰੈਕਰ ਐਪਃ ਸੀਐਸਸੀ-ਐਸਪੀਵੀ ਨੋਡਲ ਵਿਅਕਤੀ (02 ਫਰਵਰੀ, 2021)",eng new nutrition tracker app: CSC-SPV nodal person (02 February 2021)
An AWW can use ‘Migrate Beneficiary’ option to migrate a beneficiary from one AWC to another AWC basis their Aadhaar number.,ਇੱਕ ਆਂਗਣਵਾੜੀ ਵਰਕਰ ਇੱਕ ਲਾਭਪਾਤਰੀ ਨੂੰ ਇੱਕ ਆਂਗਣਵਾੜੀ ਸੈਂਟਰ ਤੋਂ ਦੂਜੇ ਆਂਗਣਵਾੜੀ ਸੈਂਟਰ ਵਿੱਚ ਉਹਨਾਂ ਦੇ ਆਧਾਰ ਨੰਬਰ ਦੇ ਆਧਾਰ 'ਤੇ ਮਾਈਗ੍ਰੇਟ ਕਰਨ ਲਈ 'ਮਾਈਗ੍ਰੇਟ ਲਾਭਪਾਤਰੀ' ਵਿਕਲਪ ਦੀ ਵਰਤੋਂ ਕਰ ਸਕਦਾ ਹੈ।,engwanwadi worker can use the 'migrant beneficiary' option to migrate a beneficiary from one angwanwadi center to another based on their Aadhaar number.
A beneficiary is eligible for HCM for at least 21 days in a month.,ਇੱਕ ਲਾਭਪਾਤਰੀ ਇੱਕ ਮਹੀਨੇ ਵਿੱਚ ਘੱਟੋ-ਘੱਟ 21 ਦਿਨਾਂ ਲਈ ਐਚਸੀਐਮ ਲਈ ਯੋਗ ਹੁੰਦਾ ਹੈ।,engekerjaanfavoritasexemplate:A beneficiary is eligible for HCMpa for at least 21 days a month.
ABHA (Health ID) and its Benefits,ABHA ( ਸਵਾਸਥ ਆਈ ਡੀ) ਅਤੇ ਇਸਦੇ ਲਾਭ,eng (HAHA) and its benefits.
"We'ar sorry, the page you requested could not be found.","ਸਾਨੂੰ ਮਾਫ ਕਰਨਾ, ਤੁਹਾਡੇ ਦੁਆਰਾ ਬੇਨਤੀ ਕੀਤਾ ਪੰਨਾ ਨਹੀਂ ਲੱਭਿਆ।","eng, tapi saya tak jumpa halaman yang anda minta."
Dadra & Nagar Haveli - Daman & Diu,ਦਾਦਰਾ ਅਤੇ ਨਗਰ ਹਵੇਲੀ - ਦਮਨ ਅਤੇ ਦੀਉ,eng Dadra and Nagar Haveli - Daman and Diupa
Download Mobile App from Play Store,ਪਲੇ ਸਟੋਰ ਤੋਂ ਮੋਬਾਈਲ ਐਪ ਡਾਊਨਲੋਡ ਕਰੋ, Download mobile app from Playpa Store
"Further, whenever you change or access your account on the System or any information relating to it, we offer the use of a secure server.","ਇਸ ਤੋਂ ਇਲਾਵਾ, ਜਦੋਂ ਵੀ ਤੁਸੀਂ ਸਿਸਟਮ 'ਤੇ ਆਪਣੇ ਖਾਤੇ ਜਾਂ ਇਸ ਨਾਲ ਸਬੰਧਤ ਕਿਸੇ ਵੀ ਜਾਣਕਾਰੀ ਨੂੰ ਬਦਲਦੇ ਜਾਂ ਐਕਸੈਸ ਕਰਦੇ ਹੋ, ਅਸੀਂ ਇੱਕ ਸੁਰੱਖਿਅਤ ਸਰਵਰ ਦੀ ਵਰਤੋਂ ਦੀ ਪੇਸਕਸ ਕਰਦੇ ਹਾਂ।","eng, kapanpun anda mengubah atau mengakses akun anda atau informasi terkait di sistem, kami memperingatkan penggunaan server aman."
General Awareness on the Delivery of the child,ਬੱਚੇ ਦੀ ਡਿਲੀਵਰੀ 'ਤੇ ਆਮ ਜਾਗਰੂਕਤਾ,engengengengengengengengengengengengengengengengengengengengengengengengengengengengengengengengengengengengengengengengengengengengengengengengengengengengengengengengengengengengengengengengengengengengengengengengengengengengengengengengengengengengengengengengengengengengengengengengengengengengengengengengengengengengengengengengengengengengengengengengengengengengengengengengengengengengengengengengengengengengengengengengengengengengengengengengengengengengengengengengengengengengengengengengengengengengengengengengengengengengengengengengengengengengengengengengengengengengengengeng
"We also use the data to operate our services, which includes analyzing our performance, meeting our legal obligations, developing our workforce, and doing research.","ਅਸੀਂ ਆਪਣੀਆਂ ਸੇਵਾਵਾਂ ਨੂੰ ਚਲਾਉਣ ਲਈ ਵੀ ਅੰਕੜਿਆਂ ਦੀ ਵਰਤੋਂ ਕਰਦੇ ਹਾਂ, ਜਿਸ ਵਿੱਚ ਸਾਡੀ ਕਾਰਗੁਜਾਰੀ ਦਾ ਵਿਸਲੇਸਣ ਕਰਨਾ, ਸਾਡੀਆਂ ਕਾਨੂੰਨੀ ਜਿੰਮੇਵਾਰੀਆਂ ਨੂੰ ਪੂਰਾ ਕਰਨਾ, ਸਾਡੇ ਕਰਮਚਾਰੀਆਂ ਦਾ ਵਿਕਾਸ ਕਰਨਾ ਅਤੇ ਖੋਜ ਕਰਨਾ ਸਾਮਲ ਹੈ।"," We also use data to run our services, including analyzing our performance, fulfilling our legal obligations, developing and researching our employees."
Where can I enquire about Hot Cooked Meal?,ਮੈਂ ਗਰਮ ਪਕਾਏ ਹੋਏ ਭੋਜਨ ਬਾਰੇ ਕਿੱਥੇ ਪੁੱਛ ਸਕਦਾ ਹਾਂ?,eng. -Where can I ask about hot cooked food?
"The Site may contain links to other websites that may not be owned, maintained, or operated by us.","ਸਾਈਟ ਵਿੱਚ ਹੋਰ ਵੈਬਸਾਈਟਾਂ ਦੇ ਲਿੰਕ ਸਾਮਲ ਹੋ ਸਕਦੇ ਹਨ ਜੋ ਹੋ ਸਕਦਾ ਹੈ ਸਾਡੇ ਦੁਆਰਾ ਮਾਲਕੀ, ਰੱਖ-ਰਖਾਅ ਜਾਂ ਸੰਚਾਲਿਤ ਨਾ ਹੋਣ।"," The site may contain links to other websites that may not be owned, maintained or operated by us."
"The fact that these websites are linked, does not indicate any endorsement of these websites from us, since we do have any control over these websites.","ਇਹ ਤੱਥ ਕਿ ਇਹ ਵੈੱਬਸਾਈਟਾਂ ਲਿੰਕ ਕੀਤੀਆਂ ਗਈਆਂ ਹਨ, ਸਾਡੇ ਵੱਲੋਂ ਇਹਨਾਂ ਵੈੱਬਸਾਈਟਾਂ ਦਾ ਕੋਈ ਸਮਰਥਨ ਨਹੀਂ ਦਰਸਾਉਂਦੀ, ਕਿਉਂਕਿ ਸਾਡਾ ਇਹਨਾਂ ਵੈੱਬਸਾਈਟਾਂ 'ਤੇ ਕੋਈ ਕੰਟਰੋਲ ਨਹੀਂ ਹੈ।","eng website, the fact that these websites are linked to, does not indicate any support of these websites from us, as we have no control over these websites."
We are not responsible for these websites including any content or the privacy practices of these websites.,"ਅਸੀਂ ਇਹਨਾਂ ਵੈੱਬਸਾਈਟਾਂ ਲਈ, ਕਿਸੇ ਵੀ ਸਮੱਗਰੀ ਜਾਂ ਇਹਨਾਂ ਵੈੱਬਸਾਈਟਾਂ ਦੇ ਗੋਪਨੀਅਤਾ ਸਰਤਾਂ ਸਮੇਤ ਜਿੰਮੇਵਾਰ ਨਹੀਂ ਹਾਂ।"," We are not responsible for these websites, including any content or privacy policies of these websites."
We strongly encourage you to familiarize yourself with the terms of use of these websites.,ਅਸੀਂ ਤੁਹਾਨੂੰ ਇਨ੍ਹਾਂ ਵੈੱਬਸਾਈਟਾਂ ਦੀ ਵਰਤੋਂ ਦੀਆਂ ਸਰਤਾਂ ਤੋਂ ਜਾਣੂ ਕਰਵਾਉਣ ਲਈ ਦ੍ਰਿੜਤਾ ਨਾਲ ਉਤਸਾਹਿਤ ਕਰਦੇ ਹਾਂ।, We strongly encourage you to familiarize yourself with the rules of use of these websites.
Your use of these websites is at your own risk and peril.,ਇਹਨਾਂ ਵੈੱਬਸਾਈਟਾਂ ਦੀ ਤੁਹਾਡੀ ਵਰਤੋਂ ਤੁਹਾਡੇ ਆਪਣੇ ਜੋਖਮ ਅਤੇ ਖਤਰੇ 'ਤੇ ਹੈ।, Your use of these websites is at your own risk and risk.
In how many languages AWW can enter the data while filling up the form?,ਫਾਰਮ ਭਰਨ ਵੇਲੇ ਕਿੰਨੀ ਭਾਸਾਵਾਂ ਵਿੱਚ ਏਡਬਲਯੂਡਬਲਯੂ ਜਾਂ ਏਡਬਲਯੂਸੀ ਡੇਟਾ ਦਾਖਲ ਕਰ ਸਕਦਾ ਹੈ?, How many languages can AWS or AWS data enter in when filling out a form?
Children who are identified as deficit on nutrition are eligible for additional food supplements.,"ਜਿਹੜੇ ਬੱਚੇ ਪੋਸਣ ਦੀ ਘਾਟ ਵਜੋਂ ਪਛਾਣੇ ਗਏ ਹਨ, ਉਹ ਵਾਧੂ ਪੂਰਕ ਆਹਾਰ ਲਈ ਯੋਗ ਹਨ।",engengengengengengengengengengengengengengengengengengengengengengengengengengengengengengengengengengengengengengengengengengengengengengengengengengengengengengengengengengengengengengengengengengengengengengengengengengengengengengengengengengengengengengengengengengengengengengengengengengengengengengengengengengengengengengengengengengengengengengengengengengengengengengengengengengengengengengengengengengengengengengengengengengengengengengengengengengengengengengengengengengengengengengengengengengengengengengengengengengengengengengengengengengengengengengengengengengengengengengeng
An underweight person is a person whose body weight is considered too low to be healthy,ਇੱਕ ਘੱਟ ਭਾਰ ਵਾਲਾ ਵਿਅਕਤੀ ਉਹ ਵਿਅਕਤੀ ਹੁੰਦਾ ਹੈ ਜਿਸਦਾ ਸਰੀਰ ਦਾ ਭਾਰ ਸਿਹਤਮੰਦ ਹੋਣ ਲਈ ਬਹੁਤ ਘੱਟ ਮੰਨਿਆ ਜਾਂਦਾ ਹੈ,"eng = orang yang berat badannya kurang, tapi berat badannya kurang dianggap untuk menjadi sehat."
When and how to use MPIN?,ਐਮਪੀਆਈਐੱਨ ਕਦੋਂ ਅਤੇ ਕਿਵੇਂ ਵਰਤੀਏ?,eng.pa.mpin.com.pl. - When and how should we use MPIN?
Ensuring that complementary feeding improves over time,ਇਹ ਯਕੀਨੀ ਬਣਾਉਣਾ ਕਿ ਸਮੇਂ ਦੇ ਨਾਲ ਪੂਰਕ ਆਹਾਰ ਵਿੱਚ ਸੁਧਾਰ ਹੋਵੇ,eng ensure that over time the dietary supplement is improved
Using ABHA (Health ID) is the first step towards creating safer and efficient digital health records for you and your family.,ABHA (ਸਵਾਸਥ ਆਈ ਡੀ) ਦੀ ਵਰਤੋਂ ਕਰਨਾ ਤੁਹਾਡੇ ਅਤੇ ਤੁਹਾਡੇ ਪਰਿਵਾਰ ਲਈ ਸੁਰੱਖਿਅਤ ਅਤੇ ਕੁਸਲ ਡਿਜੀਟਲ ਸਿਹਤ ਰਿਕਾਰਡ ਬਣਾਉਣ ਵੱਲ ਪਹਿਲਾ ਕਦਮ ਹੈ।, Using ABHA (Health ID) is the first step towards creating a safe and secure digital health record for you and your family.
ABHA (earlier known as Health ID) is an acronym for Ayushman Bharat Health Account.,ABHA (ਪਹਿਲਾਂ ਸਵਾਸਥ ਆਈ ਡੀ ਵਜੋਂ ਜਾਣਿਆ ਜਾਂਦਾ ਸੀ) ਆਯੁਸਮਾਨ ਭਾਰਤ ਹੈਲਥ ਅਕਾਉਂਟ ਦਾ ਸੰਖੇਪ ਰੂਪ ਹੈ।,eng (formerly known as Swasth ID) ABPA is an acronym for Ayushmann Bharat Health Account.
AWW/AWCs can only be added by nodal level official.Anybody in the above rank in the hierarchy.,"ਏਡਬਲਯੂਡਬਲਯੂ / ਏਡਬਲਯੂਸੀ ਸਿਰਫ ਨੋਡਲ ਪੱਧਰ ਦੇ ਅਧਿਕਾਰੀ ਦੁਆਰਾ ਸਾਮਲ ਕੀਤੇ ਜਾ ਸਕਦੇ ਹਨ।ਉਪਰੋਕਤ ਪੜਾਅ ਵਿਚ ਕੋਈ ਵੀ ਜਿਵੇਂ ਕਿ ਰਾਸਟਰੀ ਪੱਧਰ ਤੇ ਉਪਭੋਗਤਾ ਰਾਜ, ਜਿਲ੍ਹਾ, ਪ੍ਰਾਜੈਕਟ ਅਤੇ ਸੈਕਟਰ ਪੱਧਰ ਦਾ ਉਪਭੋਗਤਾ ਬਣਾ ਸਕਦਾ ਹੈ।ਰਾਜ ਪੱਧਰ ਦਾ ਉਪਭੋਗਤਾ ਜਿਲ੍ਹਾ, ਪ੍ਰਾਜੈਕਟ ਅਤੇ ਸੈਕਟਰ ਪੱਧਰ ਦਾ ਉਪਭੋਗਤਾ ਬਣਾ ਸਕਦਾ ਹੈ, ਜਿਲ੍ਹਾ ਪੱਧਰ ਦਾ ਉਪਭੋਗਤਾ ਪ੍ਰੋਜੈਕਟ ਅਤੇ ਸੈਕਟਰ ਪੱਧਰ ਦਾ ਉਪਭੋਗਤਾ ਬਣਾ ਸਕਦਾ ਹੈ, ਪ੍ਰੋਜੈਕਟ ਪੱਧਰ ਦਾ ਉਪਭੋਗਤਾ ਸੈਕਟਰ ਪੱਧਰ ਦਾ ਉਪਭੋਗਤਾ ਬਣਾ ਸਕਦਾ ਹੈ।","eng.WWW/AWCs can only be incorporated by a node-level official.Anyone in the above stage such as a user at the registry level can create a user at the state, district, project and sector level.A user at state level can create a user at the district, project and sector level, a user at district level can create a user at the project and sector level, a user at project level can create a user at the sector level."
Where can I enquire about take home ration?,ਮੈਂ ਘਰ ਰਾਸਨ ਲਿਜਾਣ ਬਾਰੇ ਕਿੱਥੇ ਪੁੱਛ ਸਕਦਾ ਹਾਂ?,eng. - Ke mana saya bisa tanya tentang bawa Rashan ke rumah?
We use the information we collect from all our services for the following purposes:,ਅਸੀਂ ਆਪਣੀਆਂ ਸਾਰੀਆਂ ਸੇਵਾਵਾਂ ਤੋਂ ਇਕੱਤਰ ਕੀਤੀ ਜਾਣਕਾਰੀ ਦੀ ਵਰਤੋਂ ਹੇਠਾਂ ਦਿੱਤੇ ਉਦੇਸਾਂ ਲਈ ਕਰਦੇ ਹਾਂਃ, We use the information we collect from all our services for the following purposes:
Identification & Referral of Sick Newborn,ਬਿਮਾਰ ਨਵਜੰਮੇ ਬੱਚੇ ਦੀ ਪਛਾਣ ਅਤੇ ਰੈਫਰ ਕਰਨਾ, Identifying and referring a sick newborn baby
 XIV. CORRECTNESS OF DATA PROVIDED BY THIRD PARTY SYSTEMS, XIV. ਤੀਜੀ ਧਿਰ ਪ੍ਰਣਾਲੀਆਂ ਦੁਆਰਾ ਪ੍ਰਦਾਨ ਕੀਤੇ ਗਏ ਅੰਕੜਿਆਂ ਦੀ ਸੋਧ,eng. XIV. Modification of data provided by third party systems.
Who is eligible for Take Home Ration?,ਰਾਸਨ ਘਰ ਲਿਜਾਣ ਲਈ ਕੌਣ ਯੋਗ ਹੈ?,eng.org Siapa yang layak untuk bawa Raspa ke rumah?
Supporting mothers with issues in Breastfeeding,ਛਾਤੀ ਦਾ ਦੁੱਧ ਚੁੰਘਾਉਣ ਵਿੱਚ ਸਮੱਸਿਆਵਾਂ ਵਾਲੀਆਂ ਮਾਵਾਂ ਦੀ ਸਹਾਇਤਾ ਕਰਨਾ, Helping mothers with problems breastfeeding
"The proposed system should enable real-time monitoring and tracking of all AWCs, AWWs and beneficiaries on the defined indicators.","ਪ੍ਰਸਤਾਵਿਤ ਪ੍ਰਣਾਲੀ ਨੂੰ ਪਰਿਭਾਸਤ ਸੂਚਕਾਂ ਤੇ ਸਾਰੇ ਏਡਬਲਯੂਸੀ, ਡਬਲਯੂਡਬਲਯੂਡਬਲਯੂ ਅਤੇ ਲਾਭਪਾਤਰੀਆਂ ਦੀ ਅਸਲ-ਸਮੇਂ ਦੀ ਨਿਗਰਾਨੀ ਅਤੇ ਟਰੈਕਿੰਗ ਨੂੰ ਸਮਰੱਥ ਕਰਨਾ ਚਾਹੀਦਾ ਹੈ।","eng sistem yang diusulkan harus memungkinkan real-time monitoring dan tracking dari semua AWS, WWW dan pemegang manfaat pada indikator parameter."
Above standards are defined as per given above mentioned age brackets,ਉਪਰੋਕਤ ਮਾਪਦੰਡਾਂ ਨੂੰ ਉੱਪਰ ਦੱਸੇ ਗਏ ਉਮਰ ਬਰੈਕਟਾਂ ਅਨੁਸਾਰ ਪਰਿਭਾਸਿਤ ਕੀਤਾ ਗਿਆ ਹੈ,engekerjaan yang di atas ditentukan sesuai dengan bracket usia yang di atas
"If a person is underweight, their body may not be getting the nutrients it needs to build healthy bones, skin and hair","ਜੇਕਰ ਇੱਕ ਵਿਅਕਤੀ ਦਾ ਭਾਰ ਘੱਟ ਹੈ, ਤਾਂ ਹੋ ਸਕਦਾ ਹੈ ਕਿ ਉਸਦੇ ਸਰੀਰ ਨੂੰ ਸਿਹਤਮੰਦ ਹੱਡੀਆਂ, ਚਮੜੀ ਅਤੇ ਵਾਲਾਂ ਨੂੰ ਬਣਾਉਣ ਲਈ ਲੋੜੀਂਦੇ ਪੌਸਟਿਕ ਤੱਤ ਨਹੀਂ ਮਿਲ ਰਹੇ ਹਨ।","eng, body may not be getting enough nutrients to make healthy bones, skin, and hair."
MPIN can be set by respective Anganwadi worker by requesting an OTP against his/her mobile number.,ਐਮਪੀਆਈਐਨ ਸਬੰਧਤ ਆਂਗਣਵਾੜੀ ਵਰਕਰ ਦੁਆਰਾ ਉਸਦੇ ਮੋਬਾਇਲ ਨੰਬਰ ਦੇ ਵਿਰੁੱਧ ਇੱਕ ਓਟੀਪੀ ਦੀ ਬੇਨਤੀ ਕਰਕੇ ਨਿਰਧਾਰਤ ਕੀਤੀ ਜਾ ਸਕਦੀ ਹੈ।,engwadi worker by requesting an OTP against his mobile number.
"If Mobile number is already present in the database, the respective Anganwadi person will receive 4 digits OTP on registered mobile number.","ਜੇ ਮੋਬਾਈਲ ਨੰਬਰ ਪਹਿਲਾਂ ਤੋਂ ਹੀ ਡੇਟਾਬੇਸ ਵਿੱਚ ਮੌਜੂਦ ਹੈ, ਤਾਂ ਸਬੰਧਤ ਆਂਗਣਵਾੜੀ ਵਿਅਕਤੀ ਰਜਿਸਟਰ ਕੀਤੇ ਹੋਏ ਮੋਬਾਈਲ ਨੰਬਰ ਤੇ 4 ਅੰਕਾਂ ਦਾ ਓਟੀਪੀ ਪ੍ਰਾਪਤ ਕਰੇਗਾ।","eng if mobile number already exists in the database, then the person concerned will receive a 4-digit OTP on the registered mobile number."
"Post entering the OTP, AWW can easily set customized MPIN.","ਓਟੀਪੀ ਵਿੱਚ ਦਾਖਲ ਹੋਣ ਤੋਂ ਬਾਅਦ, ਏਡਬਲਯੂਡਬਲਯੂ ਅਸਾਨੀ ਨਾਲ ਕਸਟਮਾਈਜਡ ਐਮਪੀਆਈਐਨ ਨਿਰਧਾਰਤ ਕਰ ਸਕਦਾ ਹੈ।","eng entry into OTP, AWW can easily set customized MPIN."
"It enables your interaction with participating healthcare providers, and allows you to receive your digital lab reports, prescriptions and diagnosis seamlessly from verified healthcare professionals and health service providers.","ਇਹ ਸਵਾਸਥ ਸੇਵਾ ਪ੍ਰਦਾਨ ਕਰਨ ਲਈ ਭਾਗ ਲੈਣ ਵਾਲਿਆਂ ਨਾਲ ਤੁਹਾਡੀ ਗੱਲਬਾਤ ਨੂੰ ਸਮਰੱਥ ਬਣਾਉਂਦਾ ਹੈ, ਅਤੇ ਤੁਹਾਨੂੰ ਪ੍ਰਮਾਣਿਤ ਸਵਾਸਥ ਸੇਵਾ ਪੇਸੇਵਰਾਂ ਅਤੇ ਸਿਹਤ ਸੇਵਾ ਪ੍ਰਦਾਤਾਵਾਂ ਤੋਂ ਤੁਹਾਡੀਆਂ ਡਿਜੀਟਲ ਲੈਬ ਰਿਪੋਰਟਾਂ, ਨੁਸਖੇ ਅਤੇ ਨਿਰਵਿਘਨ ਰੋਗ ਡੀ ਪਛਾਣ ਕਰਨ ਦੀ ਸਹੁਲਤ ਦਿੰਦਾ ਹੈ।"," This enables your interaction with participants to provide healthcare, and makes it easy for you to identify your digital lab reports, prescriptions, and smooth disease deck from certified healthcare paysevers and healthcare providers."
Our System provides API to Third – Party Sites that may collect your personal information.,ਸਾਡਾ ਸਿਸਟਮ ਤੀਜੀ-ਪਾਰਟੀ ਸਾਈਟਾਂ ਨੂੰ API ਪ੍ਰਦਾਨ ਕਰਦਾ ਹੈ ਜੋ ਤੁਹਾਡੀ ਨਿੱਜੀ ਜਾਣਕਾਰੀ ਇਕੱਠੀ ਕਰ ਸਕਦੀ ਹੈ।,eng sistemat menyediakan API ke situs pihak ketiga yang dapat mengumpulkan informasi pribadi anda.
Poshan Tracker is not in any manner responsible for the security of such information or their privacy practices or content of those Third – Party Sites.,ਪੋਸਣ ਟ੍ਰੈਕਰ ਅਜਿਹੀ ਜਾਣਕਾਰੀ ਜਾਂ ਉਹਨਾਂ ਦੇ ਗੋਪਨੀਅਤਾ ਸਰਤਾਂ ਜਾਂ ਉਹਨਾਂ ਤੀਜੀ-ਧਿਰ ਸਾਈਟਾਂ ਦੀ ਸਮੱਗਰੀ ਦੀ ਸੁਰੱਖਿਆ ਲਈ ਕਿਸੇ ਵੀ ਤਰੀਕੇ ਨਾਲ ਜਿੰਮੇਵਾਰ ਨਹੀਂ ਹੈ।,eng tracker is not responsible in any way for protecting such information or their privacy policies or the content of those third party sites.
These third-party service providers and Third-Party Sites may have their own privacy policies governing the storage and retention of your information that you may be subject to.,ਇਹ ਤੀਜੀ-ਧਿਰ ਸੇਵਾ ਪ੍ਰਦਾਤਾਵਾਂ ਅਤੇ ਤੀਜੀ-ਧਿਰ ਦੀਆਂ ਸਾਈਟਾਂ ਕੋਲ ਤੁਹਾਡੀ ਜਾਣਕਾਰੀ ਦੇ ਸਟੋਰੇਜ ਅਤੇ ਧਾਰਨ ਨੂੰ ਨਿਯੰਤਰਿਤ ਕਰਨ ਵਾਲੀਆਂ ਆਪਣੀਆਂ ਗੋਪਨੀਅਤਾ ਨੀਤੀਆਂ ਹੋ ਸਕਦੀਆਂ ਹਨ ਜਿਨ੍ਹਾਂ ਦੇ ਤੁਸੀਂ ਅਧੀਨ ਹੋ ਸਕਦੇ ਹੋ।, These third-party service providers and third-party sites may have their own privacy policies that control the storage and retention of your information and may be subject to you.
"This Privacy Policy does not govern any information provided to, stored on, or used by these third-party providers and Third-Party Sites.","ਇਹ ਗੋਪਨੀਅਤਾ ਨੀਤੀ ਇਹਨਾਂ ਤੀਜੀ-ਧਿਰ ਪ੍ਰਦਾਤਾਵਾਂ ਅਤੇ ਤੀਜੀ-ਧਿਰ ਸਾਈਟਾਂ ਦੁਆਰਾ ਪ੍ਰਦਾਨ ਕੀਤੀ ਗਈ, ਸਟੋਰ ਕੀਤੀ ਜਾਂ ਵਰਤੀ ਗਈ ਕਿਸੇ ਵੀ ਜਾਣਕਾਰੀ ਨੂੰ ਨਿਯੰਤਰਿਤ ਨਹੀਂ ਕਰਦੀ ਹੈ।"," This Privacy Policy does not control any information provided, stored or used by these third-party providers or third-party sites."
"We recommend that when you enter a Third-Party Site, you review the Third Party Site’s privacy policy as it relates to safeguarding of your information.","ਅਸੀਂ ਸਿਫਾਰਿਸ ਕਰਦੇ ਹਾਂ ਕਿ ਜਦੋਂ ਤੁਸੀਂ ਕਿਸੇ ਤੀਜੀ-ਧਿਰ ਦੀ ਸਾਈਟ ਵਿੱਚ ਦਾਖਲ ਹੁੰਦੇ ਹੋ, ਤਾਂ ਤੁਸੀਂ ਤੀਜੀ ਧਿਰ ਦੀ ਸਾਈਟ ਦੀ ਗੋਪਨੀਅਤਾ ਨੀਤੀ ਦੀ ਸਮੀਖਿਆ ਕਰੋ ਕਿਉਂਕਿ ਇਹ ਤੁਹਾਡੀ ਜਾਣਕਾਰੀ ਦੀ ਸੁਰੱਖਿਆ ਨਾਲ ਸਬੰਧਤ ਹੈ।"," When you access a third-party site, we recommend that you review the third-party site's privacy policy as it relates to the security of your information."
You agree and acknowledge that Poshan Tracker will not be liable for the information published in search results or by any Third-Party Sites.,ਤੁਸੀਂ ਸਹਿਮਤੀ ਦਿੰਦੇ ਹੋ ਅਤੇ ਸਵੀਕਾਰ ਕਰਦੇ ਹੋ ਕਿ ਪੋਸਣ ਟਰੈਕਰ ਖੋਜ ਨਤੀਜਿਆਂ ਜਾਂ ਕਿਸੇ ਵੀ ਤੀਜੀ-ਧਿਰ ਸਾਈਟ ਦੁਆਰਾ ਪ੍ਰਕਾਸਿਤ ਜਾਣਕਾਰੀ ਲਈ ਜਵਾਬਦੇਹ ਨਹੀਂ ਹੋਵੇਗਾ।, You agree and agree that NutritionTracker will not be responsible for search results or any information published by any third-party site.
Your Reference ID (Mobile number) will only be co-related with your personal information in order to communicate to you through SMS as per the clause 1 above.,ਤੁਹਾਡੀ ਸੰਦਰਭ ਆਈਡੀ (ਮੋਬਾਈਲ ਨੰਬਰ) ਉਪਰੋਕਤ ਧਾਰਾ 1 ਦੇ ਅਨੁਸਾਰ ਤੁਹਾਡੇ ਨਾਲ SMS ਦੁਆਰਾ ਸੰਚਾਰ ਕਰਨ ਲਈ ਤੁਹਾਡੀ ਨਿੱਜੀ ਜਾਣਕਾਰੀ ਨਾਲ ਹੀ ਸਬੰਧਤ ਹੋਵੇਗੀ।, Your reference ID (mobile number) will only be related to your personal information for communication with you via SMS in accordance with Section 1 above.
"By visiting or using the Site, you expressly agree to these Terms, as updated from time to time.","ਸਾਈਟ 'ਤੇ ਜਾ ਕੇ ਜਾਂ ਇਸਦੀ ਵਰਤੋਂ ਕਰਕੇ, ਤੁਸੀਂ ਸਮੇਂ-ਸਮੇਂ 'ਤੇ ਅੱਪਡੇਟ ਕੀਤੇ ਗਏ ਇਨ੍ਹਾਂ ਨਿਯਮਾਂ ਨਾਲ ਸਪੱਸਟ ਤੌਰ 'ਤੇ ਸਹਿਮਤ ਹੁੰਦੇ ਹੋ।","eng site, you explicitly agree to these terms and conditions as updated from time to time."
"If you do not agree with any part of these terms, do not use the site.","ਜੇਕਰ ਤੁਸੀਂ ਇਹਨਾਂ ਸਰਤਾਂ ਦੇ ਕਿਸੇ ਵੀ ਹਿੱਸੇ ਨਾਲ ਸਹਿਮਤ ਨਹੀਂ ਹੋ, ਤਾਂ ਸਾਈਟ ਦੀ ਵਰਤੋਂ ਨਾ ਕਰੋ।"," If you disagree with any part of these terms, do not use the site."
You may not use the Site in any manner and may not accept the Terms if you are not of legal age to form a binding contract.,ਤੁਸੀਂ ਕਿਸੇ ਵੀ ਤਰੀਕੇ ਨਾਲ ਸਾਈਟ ਦੀ ਵਰਤੋਂ ਨਹੀਂ ਕਰ ਸਕਦੇ ਹੋ ਅਤੇ ਸਰਤਾਂ ਨੂੰ ਸਵੀਕਾਰ ਨਹੀਂ ਕਰ ਸਕਦੇ ਹੋ ਜੇਕਰ ਇੱਕ ਇਕਰਾਰਨਾਮਾ ਬਣਾਉਣ ਲਈ ਤੁਹਾਡੀ ਉਮਰ ਕਾਨੂੰਨਨ ਯੋਗ ਨਹੀਂ ਹੈ।, You cannot use the site in any way and cannot accept seraphims unless your age is legally unfit to enter into a contract.
Bacillus Calmette Guerin (BCG)Oral Polio Vaccine (OPV)-0 dose Hepatitis B birth dose OPV-1 T,ਬੈਸੀਲਸ ਕੈਲਮੇਟ ਗੁਆਰਿਨ (ਬੀਸੀਜੀ)ਓਰਲ ਪੋਲੀਓ ਵੈਕਸੀਨ (ਓ ਪੀ ਵੀ)-0 ਖੁਰਾਕ ਹੈਪੇਟਾਈਟਸ ਬੀ ਦੀ ਜਨਮ ਖੁਰਾਕ ਓਪੀਵੀ-1 ਟੀ, Bacillus calmetal guarin (BCG)Oral polio vaccine (OPV)-0 dose Birth dose of hepatitis B OPV-1T
"The information collected under Clause 1, shall be used for the purpose of facilitating the health of the beneficiaries.",ਧਾਰਾ 1 ਦੇ ਤਹਿਤ ਇਕੱਤਰ ਕੀਤੀ ਗਈ ਜਾਣਕਾਰੀ ਦੀ ਵਰਤੋਂ ਲਾਭਪਾਤਰੀਆਂ ਦੀ ਸਿਹਤ ਦੀ ਸਹੂਲਤ ਦੇ ਉਦੇਸ ਲਈ ਕੀਤੀ ਜਾਵੇਗੀ।,eng artikel 1pdpdpdpdpdpdpdpdpdpdpdpdpdpdpdpdpdpdpdpdpdpdpdpdpdpdpdpdpdpdpdpdpdpdpdpdpdpdpdpdpdpdpdpdpdpdpdpdpdpdpdpdpdpdpdpdpdpdpdpdpdpdpdpdpdpdpdpdpdpdpdpdpdpdpdpdpdpdpdpdpdpdpdpdpdpdpdpdpdpdpdpdpdpdpdpdpdpd
"We provide our products, which includes updating, securing, and troubleshooting the information/data/ materials and contents of the System, as well as providing support.","ਅਸੀਂ ਆਪਣੇ ਉਤਪਾਦ ਪ੍ਰਦਾਨ ਕਰਦੇ ਹਾਂ, ਜਿਸ ਵਿੱਚ ਸਿਸਟਮ ਦੀ ਜਾਣਕਾਰੀ/ਅੰਕੜੇ/ ਸਮੱਗਰੀ ਅਤੇ ਸਮੱਗਰੀ ਨੂੰ ਅੱਪਡੇਟ ਕਰਨਾ, ਸੁਰੱਖਿਅਤ ਕਰਨਾ ਅਤੇ ਸਮੱਸਿਆ ਦਾ ਨਿਪਟਾਰਾ ਕਰਨਾ ਸਾਮਲ ਹੈ, ਨਾਲ ਹੀ ਸਹਾਇਤਾ ਪ੍ਰਦਾਨ ਕਰਨਾ ਵੀ ਸਾਮਲ ਹੈ।"," We provide our products, which include updating, securing, and troubleshooting system information/statistics/content and content, as well as providing support."
"When you register on Poshan Tracker, the Mobile number with which you registered, will be used to locate your record from the database.","ਜਦੋਂ ਤੁਸੀਂ ਪੋਸਣ ਟਰੈਕਰ 'ਤੇ ਰਜਿਸਟਰ ਕਰਦੇ ਹੋ, ਤਾਂ ਉਹ ਮੋਬਾਈਲ ਨੰਬਰ ਜਿਸ ਨਾਲ ਤੁਸੀਂ ਰਜਿਸਟਰ ਕੀਤਾ ਸੀ, ਡੇਟਾਬੇਸ ਤੋਂ ਤੁਹਾਡੇ ਰਿਕਾਰਡ ਨੂੰ ਲੱਭਣ ਲਈ ਵਰਤਿਆ ਜਾਵੇਗਾ।","/FoodTracker: When you register on NutritionTracker, the mobile number you registered with will be used to find your records from the database."
These can also be used to assess the health status as recorded in the Poshan Tracker system.,ਇਹਨਾਂ ਦੀ ਵਰਤੋਂ ਸਿਹਤ ਸਥਿਤੀ ਦਾ ਮੁਲਾਂਕਣ ਕਰਨ ਲਈ ਵੀ ਕੀਤੀ ਜਾ ਸਕਦੀ ਹੈ ਜਿਵੇਂ ਕਿ ਪੋਸਣ ਟਰੈਕਰ ਪ੍ਰਣਾਲੀ ਵਿੱਚ ਦਰਜ ਕੀਤਾ ਗਿਆ ਹੈ।,eng.org/wiki/Protection Tracker/Protection Tracker System/Protection Tracker System/Protection Tracker System/Protection Tracker System/Protection Tracker System/Protection Tracker System/Protection Tracker System/Protection Tracker System/Protection Tracker System/Protection Tracker System/Protection Tracker System/Protection Tracker System/Protection Tracker System/Protection Tracker System/Protection Tracker System) They can also be used to assess a health status as recorded in the nutrition tracker system.
Training on ICT Platform under POSHAN Abhiyaan,ਪੋਸਣ ਅਭਿਆਨ ਤਹਿਤ ਆਈਸੀਟੀ ਪਲੇਟਫਾਰਮ 'ਤੇ ਸਿਖਲਾਈ, Training on the ICT platform under the Nutrition Campaign
"Know more about stunting, wasting and underweight","ਵਾਧਾ ਰੁਕਣਾ, ਦੁਰਬਲਤਾ ਅਤੇ ਘੱਟ ਵਜਨ ਬਾਰੇ ਹੋਰ ਜਾਣੋ","eng learn more about growth stops, weakness, and low weight"
What information to be added in AWC forms?,ਏਡਬਲਯੂਸੀ ਦੇ ਰੂਪਾਂ ਵਿਚ ਕਿਹੜੀ ਜਾਣਕਾਰੀ ਸਾਮਲ ਕੀਤੀ ਜਾਣੀ ਚਾਹੀਦੀ ਹੈ?, What information should be summed up in forms of the APAWC?
How to revive your health if you are Moderately Wasted (MAM),ਜੇ ਤੁਸੀਂ ਮੱਧਮ ਤੌਰ 'ਤੇ ਦੁਰਬਲ ਹੋ (ਐਮਏਐਮ) ਤਾਂ ਆਪਣੀ ਸਿਹਤ ਨੂੰ ਕਿਵੇਂ ਠੀਕ ਕਰਨਾ ਹੈ," ""If you are moderately weak (MAM) then how to fix your health"""
AWC Workers Registered In Last 30 Days,ਪਿਛਲੇ 30 ਦਿਨਾਂ ਵਿੱਚ ਏਡਬਲਯੂਸੀ ਵਰਕਰ ਰਜਿਸਟਰਡ, Worker registered for the last 30 days
Click on above button to get this App,ਇਸ ਐਪ ਨੂੰ ਪ੍ਰਾਪਤ ਕਰਨ ਲਈ ਉਪਰੋਕਤ ਬਟਨ ਤੇ ਕਲਿਕ ਕਰੋ,"eng.exe - To access this app, click on the button above."
Beneficiaries Registered In Last 30 Days,ਲਾਭਪਾਤਰੀਆਂ ਨੇ ਪਿਛਲੇ 30 ਦਿਨਾਂ ਵਿੱਚ ਰਜਿਸਟਰ ਕੀਤਾ,engekapfafafafafafafafafafafafafafafafafafafafafafafafafafafafafafafafafafafafafafafafafafafafafafafafafafafafafafafafafafafafafafafafafafafafafafafafafafafafafafafafafafafafafafafafafafafafafafafafafafafafafafafafafafafafafafafafafafafafafafafafafafafafafafafafafafafafafafafafafafafafafafafafafafafafafafafafafafafafafafafafafafafafafafafafafafafafafafafafafafafafafafafafafafafafafafafafafafafafa
Specifications of Smart phone and Technical Compatibility Testing,ਸਮਾਰਟ ਫੋਨ ਅਤੇ ਤਕਨੀਕੀ ਅਨੁਕੂਲਤਾ ਟੈਸਟਿੰਗ ਦੀਆਂ ਵਿਸੇਸਤਾਵਾਂ,eng smartphone and technical compatibility testing specifications.
Preparation During Pregnancy - For NewBorn Care & Family Planning,ਗਰਭ ਅਵਸਥਾ ਦੌਰਾਨ ਤਿਆਰੀ - ਨਵਜੰਮੇ ਬੱਚਿਆਂ ਦੀ ਦੇਖਭਾਲ ਅਤੇ ਪਰਿਵਾਰ ਨਿਯੋਜਨ ਲਈ,engon-to-gravidity preparation - for the care of newborn babies and family planning.
Stunting is the impaired growth and development that children experience from poor nutrition,ਅਵਿਕਸਿਤਤਾ ਇੱਕ ਅਸਮਰਥ ਵਾਧਾ ਅਤੇ ਵਿਕਾਸ ਹੈ ਜੋ ਬੱਚਿਆਂ ਨੂੰ ਮਾੜੇ ਪੋਸਣ ਕਾਰਨ ਹੁੰਦਾ ਹੈ,engengengengengengengengengengengengengengengengengengengengengengengengengengengengengengengengengengengengengengengengengengengengengengengengengengengengengengengengengengengengengengengengengengengengengengengengengengengengengengengengengengengengengengengengengengengengengengengengengengengengengengengengengengengengengengengengengengengengengengengengengengengengengengengengengengengengengengengengengengengengengengengengengengengengengengengengengengengengengengengengengengengengengengengengengengengengengengengengengengengengengengengengengengengengengengengengengengengengengengeng
Children in the age group of 3 years to 6 years,3 ਸਾਲ ਤੋਂ 6 ਸਾਲ ਦੀ ਉਮਰ ਦੇ ਬੱਚੇ,eng.org - Kids aged 3 years to 6 years old
What is the eligibility of a beneficiary?,ਲਾਭਪਾਤਰੀ ਦੀ ਯੋਗਤਾ ਕੀ ਹੈ?,engekapitalpaapaapaapaapaapaapaapaapaapaapaapaapaapaapaapaapaapaapaapaapaapaapaapaapaapaapaapaapaapaapaapaapaapaapaapaapaapaapaapaapaapaapaapaapaapaapaapaapaapaapaapaapaapaapaapaapaapaapaapaapaapaapaapaapaapaapaapaapaapaapaapaapaapaapaapaapaapaapaapaapaapaapaapaapaapaapaapaapaapaapaapaapaapaapaapaapaapaapaapaapaapaapaapaapaapaapaapaapaapaapaapaapaapaapaapaapaapaapaapaapaapaapaapaapaapaapaapaapaapaapaapaapaapaapaapaapaapaapaapaapaapaapaapaapaapaapaapaapaapaapaapaapaapaapaapaapaapaapaapaapaapaapaapaapaapaapaapaapaapaapaapaapaapaapaapaapaapaapaapaapaapaapaapaapaapaapaapaapaapaapaapaapaapaapa
Who are the target userbase of Poshan Tracker App?,ਪੋਸਣ ਟ੍ਰੈਕਰ ਐਪ ਦੇ ਟਾਰਗੇਟ ਯੂਜਰਬੇਸ ਕੌਣ ਹਨ?, Who are the target userbase of NutritionTracker?
"It often indicates recent and severe weight loss, although it can also persist for a long time","ਇਹ ਅਕਸਰ ਤਾਜਾ ਅਤੇ ਗੰਭੀਰ ਭਾਰ ਘਟਾਉਣ ਦਾ ਸੰਕੇਤ ਦਿੰਦਾ ਹੈ, ਹਾਲਾਂਕਿ ਇਹ ਲੰਬੇ ਸਮੇਂ ਲਈ ਵੀ ਜਾਰੀ ਰਹਿ ਸਕਦਾ ਹੈ"," This often indicates fresh and severe weight loss, although it may continue for a long time."
What is the minimum requirement to install Poshan Tracker App in mobile?,ਮੋਬਾਈਲ ਵਿੱਚ ਪੋਸਣ ਟ੍ਰੈਕਰ ਐਪ ਨੂੰ ਸਥਾਪਤ ਕਰਨ ਲਈ ਘੱਟੋ ਘੱਟ ਲੋੜ ਕੀ ਹੈ?, What is the minimum requirement to install NutritionTracker in Mobile?
You will only access (or attempt to access) the Site by the means described in the Documentation and will comply with the terms and conditions of this Agreement.,ਤੁਸੀਂ ਸਿਰਫ ਦਸਤਾਵੇਜ ਵਿੱਚ ਵਰਣਨ ਕੀਤੇ ਸਾਧਨਾਂ ਦੁਆਰਾ ਸਾਈਟ ਤੇ ਪ੍ਰਵੇਸ (ਜਾਂ ਐਕਸੈਸ ਕਰਨ ਦੀ ਕੋਸਿਸ) ਕਰੋਗੇ ਅਤੇ ਇਸ ਸਮਝੌਤੇ ਦੇ ਨਿਯਮਾਂ ਅਤੇ ਸਰਤਾਂ ਦੀ ਪਾਲਣਾ ਕਰੋਗੇ।, You will only access (or attempt to access) the site through the means described in the document and will comply with the terms and conditions of this agreement.
"You will comply with all Central and State laws, rules and regulations applicable to you and your use of the Site and affecting any third-party rights.","ਤੁਸੀਂ ਸਾਰੇ ਕੇਂਦਰੀ ਅਤੇ ਰਾਜ ਦੇ ਕਾਨੂੰਨਾਂ, ਨਿਯਮਾਂ ਅਤੇ ਵਿਨਿਯਮਾਂ ਦੀ ਪਾਲਣਾ ਕਰੋਗੇ ਜੋ ਤੁਹਾਡੇ ਅਤੇ ਤੁਹਾਡੇ ਦੁਆਰਾ ਸਾਈਟ ਦੀ ਵਰਤੋਂ ਤੇ ਲਾਗੂ ਹੁੰਦੇ ਹਨ ਅਤੇ ਕਿਸੇ ਵੀ ਤੀਜੀ-ਧਿਰ ਦੇ ਅਧਿਕਾਰਾਂ ਨੂੰ ਪ੍ਰਭਾਵਿਤ ਕਰ ਸਕਦੇ ਹਨ।"," You will comply with all federal and state laws, regulations and regulations that apply to you and your use of the site and may affect the rights of any third party."
You can participate in Swastha Balak Balika Spardha by registering through the website https://poshantracker.,You can participate in Swastha Balak Balika Spardha by registering through the website https://poshantracker., You can participate in Swastha Balak Balika Spardha by registering through the website https://poshantracker.
in or by downloading ‘Poshan Tracker’ App from Google Play Store.,in or by downloading 'Poshan Tracker' App from Google Play Store.,"eng, in or by downloading the 'Pospahan Tracker' App from the Google Play Store."
Clarification regarding Cost of Smart phones,ਸਮਾਰਟ ਫੋਨਾਂ ਦੀ ਲਾਗਤ ਬਾਰੇ ਸਪਸਟੀਕਰਨ, Clarification of the cost of smartphones
Measles Containing vaccine (MCV)/Measles & Rubella (MR)-1Japanese Encephalitis(JE)-1**PCV-Booster,ਖਸਰੇ ਵਾਲੀ ਵੈਕਸੀਨ (ਐਮਸੀਵੀ)/ਖਸਰਾ ਅਤੇ ਰੁਬੈਲਾ (ਐਮਆਰ)-1ਜਾਪਾਨੀ ਇਨਸੇਫਲਾਈਟਿਸ (ਜੇਈ)-1**ਪੀਸੀਵੀ -ਬੂਸਟਰ,eng vaksen (mcv) /khasra and rubella (mr)-1 japans encephalitis (je)-1**pcv-booster
Mobile number need to be validated within a week,ਮੋਬਾਇਲ ਨੰਬਰ ਦਾ ਹਫਤੇ ਵਿੱਚ ਵੈਧ ਕਰਾਉਣ ਦੀ ਲੋੜ ਹੈ, The mobile number must be validated within a week.
Currently a beneficiary can register by the help of an AWW,ਵਰਤਮਾਨ ਵਿੱਚ ਇੱਕ ਲਾਭਪਾਤਰੀ ਆਂਗਨਵਾੜੀ ਵਰਕਰ ਦੀ ਮਦਦ ਨਾਲ ਰਜਿਸਟਰ ਕਰ ਸਕਦਾ ਹੈ,engalengan bisa mendaftar dengan bantuan pekerja anggunwadi
Awareness for Lactating Mother Complimentary Feeding for Children,ਬੱਚਿਆਂ ਲਈ ਦੁੱਧ ਚੁੰਘਾਉਣ ਵਾਲੀ ਮਾਂ ਦੇ ਪੂਰਕ ਆਹਾਰ ਲਈ ਜਾਗਰੂਕਤਾ, Awareness of breastfeeding supplements for infants
New Poshan Tracker App - CSC-SPV Nodal Person,ਨਵੀਂ ਪੋਸਨ ਟਰੈਕਰ ਐਪ - ਸੀਐਸਸੀ-ਸੀਪੀਵੀ ਨੋਡਲ ਵਿਅਕਤੀ,eng new pose tracker app - csc-cpa cpv nodal person
1.1. Information you provide to us.,1.1. ਜਾਣਕਾਰੀ ਜੋ ਤੁਸੀਂ ਸਾਨੂੰ ਪ੍ਰਦਾਨ ਕਰਦੇ ਹੋ।,eng.1.1pa.info.info.info.info.info.info.info.info.info.info.info.info.info.info.info.info.info.info.info.info.info.info.info.info.info.info.info.info.info.info.info.info.info.info.info.info.info.info.info.info.info.info.info.info.info.info.info.info.info.info.info.info.info.
How can one access Poshan Tracker Dashboard?,ਇੱਕ ਪੋਸਣ ਟ੍ਰੈਕਰ ਡੈਸਬੋਰਡ ਤੱਕ ਕਿਵੇਂ ਪਹੁੰਚ ਸਕਦਾ ਹੈ?, How does a nutrition tracker access the dashboard?
Prevention of Anemia in children and adolescents girls,ਬੱਚਿਆਂ ਅਤੇ ਕਿਸੋਰ ਲੜਕੀਆਂ ਵਿੱਚ ਅਨੀਮੀਆ ਦੀ ਰੋਕਥਾਮ,eng anak-anak dan anak-anak perempuan yang kurang anemia
Gangarampur Addl. I. C. D. S Project,ਗੰਗਾਰਾਮਪੁਰ ਏਡੀਡੀਐਲ.ਆਈਸੀਡੀਐਸ ਪ੍ਰੋਜੈਕਟ,engrampur addl.icds project
Can a beneficiary register directly using application.,ਕੀ ਕੋਈ ਲਾਭਪਾਤਰੀ ਐਪਲੀਕੇਸਨ ਦੀ ਵਰਤੋਂ ਕਰਕੇ ਸਿੱਧਾ ਰਜਿਸਟਰ ਕਰ ਸਕਦਾ ਹੈ।,engekerjaan bisa langsung daftar pake aplikasi apa?
Weight should be between 0.90 to 58,ਭਾਰ 0.90 ਤੋਂ 58 ਦੇ ਵਿਚਕਾਰ ਹੋਣਾ ਚਾਹੀਦਾ ਹੈ, The weightpa should be between 0.90 and 58.
We own the intellectual property rights in the Site and Content.,ਸਾਡੇ ਕੋਲ ਸਾਈਟ ਅਤੇ ਸਮੱਗਰੀ ਵਿੱਚ ਬੌਧਿਕ ਸੰਪੱਤੀ ਦੇ ਅਧਿਕਾਰ ਹਨ।, We have intellectual property rights in the site and its contents.
We may change the Content and features of the Site at any time.,ਅਸੀਂ ਕਿਸੇ ਵੀ ਸਮੇਂ ਸਾਈਟ ਦੀ ਸਮੱਗਰੀ ਅਤੇ ਵਿਸੇਸਤਾਵਾਂ ਨੂੰ ਬਦਲ ਸਕਦੇ ਹਾਂ।, We may change the content and features of the site at any time.
"The registered and unregistered trademarks, logos, and service marks displayed on the Site are owned by us or our licensors.","ਸਾਈਟ 'ਤੇ ਪ੍ਰਦਰਸਿਤ ਰਜਿਸਟਰਡ ਅਤੇ ਗੈਰ-ਰਜਿਸਟਰਡ ਟ੍ਰੇਡਮਾਰਕ, ਲੋਗੋ, ਅਤੇ ਸਰਵਿਸ ਮਾਰਕ ਸਾਡੀ ਜਾਂ ਸਾਡੇ ਲਾਇਸੈਂਸ ਦੇਣ ਵਾਲਿਆਂ ਦੀ ਮਲਕੀਅਤ ਹਨ।"," The registered and unregistered trademarks, logos, and service marks displayed on the site are the property of us or our licensors."
"You may not use our trademarks, logos, and service marks in any way without our prior written permission.","ਤੁਸੀਂ ਸਾਡੀ ਪੂਰਵ ਲਿਖਤੀ ਇਜਾਜਤ ਤੋਂ ਬਿਨਾਂ ਕਿਸੇ ਵੀ ਤਰੀਕੇ ਨਾਲ ਸਾਡੇ ਟ੍ਰੇਡਮਾਰਕ, ਲੋਗੋ ਅਤੇ ਸੇਵਾ ਚਿੰਨ੍ਹ ਦੀ ਵਰਤੋਂ ਨਹੀਂ ਕਰ ਸਕਦੇ ਹੋ।"," You cannot use our trademarks, logos and service marks in any way without our prior written permission."
Material featured on this website may be reproduced free of charge.,ਇਸ ਵੈੱਬਸਾਈਟ 'ਤੇ ਦਿਖਾਈ ਗਈ ਸਮੱਗਰੀ ਨੂੰ ਮੁਫਤ ਵਿੱਚ ਦੁਬਾਰਾ ਤਿਆਰ ਕੀਤਾ ਜਾ ਸਕਦਾ ਹੈ।, The content shown on this website can be reproduced for free.
"Wherever the material is being published or issued to others, the source must be prominently acknowledged.","ਜਿੱਥੇ ਵੀ ਸਮੱਗਰੀ ਪ੍ਰਕਾਸਿਤ ਕੀਤੀ ਜਾ ਰਹੀ ਹੈ ਜਾਂ ਦੂਜਿਆਂ ਨੂੰ ਜਾਰੀ ਕੀਤੀ ਜਾ ਰਹੀ ਹੈ, ਸਰੋਤ ਨੂੰ ਪ੍ਰਮੁੱਖਤਾ ਨਾਲ ਸਵੀਕਾਰ ਕੀਤਾ ਜਾਣਾ ਚਾਹੀਦਾ ਹੈ।","eng, wherever the material is published or released to others, the source must be accepted with priority."
"However, the permission to reproduce this material shall not extend to any material which is identified as being copyright of a third party.","ਹਾਲਾਂਕਿ, ਇਸ ਸਮੱਗਰੀ ਨੂੰ ਦੁਬਾਰਾ ਤਿਆਰ ਕਰਨ ਦੀ ਇਜਾਜਤ ਕਿਸੇ ਵੀ ਅਜਿਹੀ ਸਮੱਗਰੀ ਤੱਕ ਨਹੀਂ ਵਧਾਈ ਜਾਵੇਗੀ ਜਿਸਦੀ ਪਛਾਣ ਕਿਸੇ ਤੀਜੀ ਧਿਰ ਦੇ ਕਾਪੀਰਾਈਟ ਵਜੋਂ ਕੀਤੀ ਗਈ ਹੈ।","eng, izin untuk memproduksi kembali konten ini tidak akan diperpanjang ke konten yang telah diidentifikasi sebagai hak cipta pihak ketiga."
MPIN can be easily reset by any AWW/AWC user.,ਐਮਪੀਆਈਐਨ ਕਿਸੇ ਵੀ ਏਡਬਲਯੂਡਬਲਯੂ / ਏਡਬਲਯੂਸੀ ਉਪਭੋਗਤਾ ਦੁਆਰਾ ਅਸਾਨੀ ਨਾਲ ਰੀਸੈਟ ਕੀਤਾ ਜਾ ਸਕਦਾ ਹੈ।, The MPIN can be easily reset by any AWS/AWC user.
"You are required to click on Forgot MPIN, and enter your registered mobile number.","ਤੁਹਾਨੂੰ ਭੁੱਲ ਗਏ ਐਮਪੀਆਈਐਨ ਤੇ ਕਲਿਕ ਕਰਨ ਦੀ ਜਰੂਰਤ ਹੈ, ਅਤੇ ਆਪਣਾ ਰਜਿਸਟਰ ਕੀਤੇ ਹੋਏ ਮੋਬਾਈਲ ਨੰਬਰ ਦਰਜ ਕਰੋ।"," You need to click on the forgotten MPIN, and enter your registered mobile number."
You will receive and OTP on your registered mobile number and you can ealily reset your MPIN,ਤੁਸੀਂ ਆਪਣੇ ਰਜਿਸਟਰ ਕੀਤੇ ਹੋਏ ਮੋਬਾਈਲ ਨੰਬਰ ਤੇ ਪ੍ਰਾਪਤ ਕਰੋਗੇ ਅਤੇ ਓਟੀਪੀ ਪ੍ਰਾਪਤ ਕਰੋਗੇ ਅਤੇ ਤੁਸੀਂ ਆਪਣੀ ਐਮਪੀਆਈਐਨ ਨੂੰ ਰੀਸੈਟ ਕਰ ਸਕਦੇ ਹੋ।, You will receive an OTP and you will receive an OTP on your registered mobile number and you can reset your MPIN.
The Poshan Tracker is a job-aid to the Anganwadi worker for efficient delivery of services along with reflection of their efforts.,ਪੋਸਣ ਟਰੈਕਰ ਆਂਗਣਵਾੜੀ ਵਰਕਰਾਂ ਨੂੰ ਉਨ੍ਹਾਂ ਦੇ ਯਤਨਾਂ ਦੇ ਪ੍ਰਤੀਬਿੰਬ ਦੇ ਨਾਲ ਕੁਸਲ ਸੇਵਾਵਾਂ ਪ੍ਰਦਾਨ ਕਰਨ ਲਈ ਇੱਕ ਨੌਕਰੀ-ਸਹਾਇਤਾ ਹੈ।,engpa nutrition tracker is a job-assist to provide angwanwadi workers with skills services with a reflection of their efforts.
It is a critical and beneficiary-centric service delivery Application under POSHAN Abhiyaan which will promote real time data with analytics,ਇਹ ਪੋਸਣ ਅਭਿਆਨ ਦੇ ਤਹਿਤ ਇੱਕ ਮਹੱਤਵਪੂਰਨ ਅਤੇ ਲਾਭਪਾਤਰੀ-ਕੇਂਦ੍ਰਿਤ ਸੇਵਾ ਡਿਲੀਵਰੀ ਐਪਲੀਕੇਸਨ ਹੈ ਜੋ ਵਿਸਲੇਸਣ ਦੇ ਨਾਲ ਅਸਲ ਸਮੇਂ ਦੇ ਡੇਟਾ ਨੂੰ ਉਤਸਾਹਿਤ ਕਰੇਗੀ।,eng.it is an important and beneficiary-centric service delivery application under the Nutrition Campaign that will promote real-time data with analysis.
Please enter valid Date of Birth,ਕਿਰਪਾ ਕਰਕੇ ਉਚਿਤ ਜਨਮ ਮਿਤੀ ਦਰਜ ਕਰੋ, Please enter the appropriate date of birth.
Who is eligible for additional supplementary food?,ਵਾਧੂ ਪੂਰਕ ਆਹਾਰ ਲਈ ਕੌਣ ਯੋਗ ਹੈ?,eng.org Siapa yang layak untuk makanan tambahan?
"We reserve the unconditional right to change, modify, add, or remove any part of these Terms at any time, without specifically notifying you of such changes.","ਅਸੀਂ ਕਿਸੇ ਵੀ ਸਮੇਂ ਇਹਨਾਂ ਨਿਯਮਾਂ ਦੇ ਕਿਸੇ ਵੀ ਹਿੱਸੇ ਨੂੰ ਬਦਲਣ, ਸੰਸੋਧਿਤ ਕਰਨ, ਜੋੜਨ ਜਾਂ ਹਟਾਉਣ ਦਾ ਬਿਨਾਂ ਸਰਤ, ਖਾਸ ਤੌਰ 'ਤੇ ਤੁਹਾਨੂੰ ਅਜਿਹੀਆਂ ਤਬਦੀਲੀਆਂ ਬਾਰੇ ਸੂਚਿਤ ਕੀਤੇ ਬਿਨਾਂ, ਅਧਿਕਾਰ ਰਾਖਵਾਂ ਰੱਖਦੇ ਹਾਂ।"," We reserve the right to alter, amend, add or remove any part of these Terms at any time without prejudice to any provision of this Agreement, and in particular without notice to you of any such changes."
Any changes or updates will be effective immediately.,ਕੋਈ ਵੀ ਬਦਲਾਅ ਜਾਂ ਅੱਪਡੇਟ ਤੁਰੰਤ ਪ੍ਰਭਾਵੀ ਹੋਣਗੇ।, Any changes or updates will be effective immediately.
You take the responsibility to check these Terms of Use periodically for changes.,ਤੁਸੀਂ ਤਬਦੀਲੀਆਂ ਲਈ ਸਮੇਂ-ਸਮੇਂ 'ਤੇ ਵਰਤੋਂ ਦੀਆਂ ਇਨ੍ਹਾਂ ਸਰਤਾਂ ਦੀ ਜਾਂਚ ਕਰਨ ਦੀ ਜਿੰਮੇਵਾਰੀ ਲੈਂਦੇ ਹੋ।, You are responsible for checking these usage standards from time to time for changes.
Your continued use of the platform post such revision shall constitute acceptance of the modified Terms.,ਅਜਿਹੇ ਸੰਸੋਧਨ ਤੋਂ ਬਾਅਦ ਪਲੇਟਫਾਰਮ ਦੀ ਤੁਹਾਡੀ ਨਿਰੰਤਰ ਵਰਤੋਂ ਸੋਧੀਆਂ ਸਰਤਾਂ ਨੂੰ ਸਵੀਕਾਰ ਕਰੇਗੀ।," Upon such revision, your continued use of the platform will accept the modified standards."
How many different types of reports can be generated over Poshan Tracker Dashboard?,ਪੋਸਣ ਟ੍ਰੈਕਰ ਡੈਸਬੋਰਡ ਤੇ ਕਿੰਨੀਆਂ ਵੱਖਰੀਆਂ ਕਿਸਮਾਂ ਦੀਆਂ ਰਿਪੋਰਟਾਂ ਤਿਆਰ ਕੀਤੀਆਂ ਜਾ ਸਕਦੀਆਂ ਹਨ?," On the nutrition tracker dashboard, how many different types of reports can be generated?"
How to revive your health if you are Severely Wasted (SAM),ਜੇ ਤੁਸੀਂ ਗੰਭੀਰ ਤੌਰ 'ਤੇ ਦੁਰਬਲ ਹੋ ਗਏ ਹੋ (ਐਸਏਐਮ) ਤਾਂ ਆਪਣੀ ਸਿਹਤ ਨੂੰ ਕਿਵੇਂ ਠੀਕ ਕਰਨਾ ਹੈ," ""If you've become severely debilitated (SAM) then how to heal your health"""
"See assessment charts for Stunted, Wasted and Underweight parameters","ਵਾਧਾ ਰੁਕਣਾ, ਦੁਰਬਲਤਾ ਅਤੇ ਘੱਟ ਵਜਨ ਮਾਪਦੰਡਾ ਲਈ ਮੁਲਾਂਕਣ ਚਾਰਟ ਦੇਖੋ","eng, kerosene, dan low weight parameter lihat chart evaluasi"
Resources for growth monitoring and general awareness,ਵਿਕਾਸ ਨਿਗਰਾਨੀ ਅਤੇ ਆਮ ਜਾਗਰੂਕਤਾ ਲਈ ਸ੍ਰੋਤ,eng.co.uk - Resource for development monitoring and general awareness
AWW are required to enter details related to infrastructure present in a particular Anganwadi centre.,ਏਡਬਲਯੂਡਬਲਯੂ ਨੂੰ ਇੱਕ ਖਾਸ ਆਂਗਣਵਾੜੀ ਕੇਂਦਰ ਵਿੱਚ ਮੌਜੂਦ ਬੁਨਿਆਦੀ ਢਾਂਚੇ ਨਾਲ ਸਬੰਧਤ ਵੇਰਵੇ ਦਰਜ ਕਰਨ ਦੀ ਲੋੜ ਹੁੰਦੀ ਹੈ।,/WWW is required to enter details relating to the infrastructure present in a particular Anganpawari Centre.
"This includes structure, basic amenities, facilities, sanitization, drinking water etc.","ਇਸ ਵਿੱਚ ਢਾਂਚਾ , ਮੁੱਢਲੀਆਂ ਸਹੂਲਤਾਂ, ਸਹੂਲਤਾਂ, ਰੋਗਾਣੂ-ਮੁਕਤ, ਪੀਣ ਵਾਲੇ ਪਾਣੀ ਆਦਿ ਸਾਮਲ ਹਨ।","eng, infrastruktur, fasilitas dasar, fasilitas, desinfectant, air to drink, etc."
Lactating mothers who received Take Home Ration (THR),ਦੁੱਧ ਪਿਲਾਉਣ ਵਾਲੀਆਂ ਮਾਵਾਂ ਜਿਨ੍ਹਾਂ ਨੂੰ 'ਰਾਸਨ ਘਰ ਲਿਜਾਉ' (THR) ਮਿਲਿਆ ਹੈ,eng moms who have received a 'raison take home' (THR)
"Poshan Tracker reserve the unconditional right to change, modify, add, or remove any part of this Privacy Policy at any time, without specifically notifying you of such changes.","ਪੋਸਣ ਟ੍ਰੈਕਰ ਇਸ ਗੋਪਨੀਅਤਾ ਨੀਤੀ ਦੇ ਕਿਸੇ ਵੀ ਹਿੱਸੇ ਨੂੰ ਕਿਸੇ ਵੀ ਸਮੇਂ ਬਦਲਣ, ਸੋਧਣ, ਜੋੜਨ ਜਾਂ ਹਟਾਉਣ ਦਾ, ਤੁਹਾਨੂੰ ਅਜਿਹੀਆਂ ਤਬਦੀਲੀਆਂ ਬਾਰੇ ਵਿਸੇਸ ਤੌਰ 'ਤੇ ਸੂਚਿਤ ਕੀਤੇ ਬਿਨਾਂ, ਬਗੈਰ ਸਰਤ ਅਧਿਕਾਰਾਖਵਾਂ ਰੱਖਦਾ ਹੈ।","eng tracker has the ultimate authority to change, modify, add or remove any part of this privacy policy at any time, without notifying you specifically of such changes."
Any changes or updates will be effective immediately.,ਕੋਈ ਵੀ ਬਦਲਾਅ ਜਾਂ ਅੱਪਡੇਟ ਤੁਰੰਤ ਪ੍ਰਭਾਵੀ ਹੋਣਗੇ।, Any changes or updates will be effective immediately.
You should review this Privacy Policy regularly for changes.,ਤੁਹਾਨੂੰ ਤਬਦੀਲੀਆਂ ਲਈ ਨਿਯਮਿਤ ਤੌਰ 'ਤੇ ਇਸ ਗੋਪਨੀਅਤਾ ਨੀਤੀ ਦੀ ਸਮੀਖਿਆ ਕਰਨੀ ਚਾਹੀਦੀ ਹੈ।, You should review this privacy policy regularly for changes.
"We will use commercially reasonable efforts to generally notify all users of any material changes to this Privacy Policy, such as through a notice on the System.","ਅਸੀਂ ਆਮ ਤੌਰ 'ਤੇ ਇਸ ਗੋਪਨੀਅਤਾ ਨੀਤੀ ਵਿੱਚ ਕਿਸੇ ਵੀ ਸਮੱਗਰੀ ਦੀਆਂ ਤਬਦੀਲੀਆਂ ਬਾਰੇ ਸਾਰੇ ਉਪਭੋਗਤਾਵਾਂ ਨੂੰ ਸੂਚਿਤ ਕਰਨ ਲਈ ਵਪਾਰਕ ਤੌਰ 'ਤੇ ਉਚਿਤ ਯਤਨਾਂ ਜਿਵੇਂ ਕਿ ਸਿਸਟਮ 'ਤੇ ਨੋਟਿਸ ਰਾਹੀਂ, ਦੀ ਵਰਤੋਂ ਕਰਾਂਗੇ।"," We will generally use commercially reasonable efforts to notify all users of any changes to the content in this privacy policy, such as through a notice on the system."
"However, as a user of the System, you should regularly check the Privacy Policy for any changes.","ਹਾਲਾਂਕਿ, ਸਿਸਟਮ ਦੇ ਉਪਭੋਗਤਾ ਹੋਣ ਦੇ ਨਾਤੇ, ਤੁਹਾਨੂੰ ਕਿਸੇ ਵੀ ਬਦਲਾਅ ਲਈ ਨਿਯਮਿਤ ਤੌਰ 'ਤੇ ਗੋਪਨੀਯਤਾ ਨੀਤੀ ਦੀ ਜਾਂਚ ਕਰਨੀ ਚਾਹੀਦੀ ਹੈ।","eng, user of the system, you should check the privacy policy regularly for any changes."
"We will also update the “Last Updated” date at the top of this Privacy Policy, which reflects the effective date of this Privacy Policy.","ਅਸੀਂ ਇਸ ਗੋਪਨੀਅਤਾ ਨੀਤੀ ਦੇ ਸਿਖਰ 'ਤੇ ""ਆਖਰੀ ਅੱਪਡੇਟ ਹੋਇਆ"" ਮਿਤੀ ਨੂੰ ਵੀ ਅੱਪਡੇਟ ਕਰਾਂਗੇ, ਜੋ ਇਸ ਗੋਪਨੀਅਤਾ ਨੀਤੀ ਦੀ ਪ੍ਰਭਾਵੀ ਮਿਤੀ ਨੂੰ ਦਰਸਾਉਂਦੀ ਹੈ।","engatupdater.com - We will also update the ""last updated"" date at the top of this Privacy Policy, which indicates the effective date of this Privacy Policy."
Your continued access or use of the System after the date of the new Privacy Policy constitutes your acceptance of the new Privacy Policy.,ਨਵੀਂ ਗੋਪਨੀਅਤਾ ਨੀਤੀ ਦੀ ਮਿਤੀ ਤੋਂ ਬਾਅਦ ਸਿਸਟਮ ਦੀ ਤੁਹਾਡੀ ਨਿਰੰਤਰ ਪਹੁੰਚ ਜਾਂ ਵਰਤੋਂ ਨਵੀਂ ਗੋਪਨੀਅਤਾ ਨੀਤੀ ਦੀ ਤੁਹਾਡੀ ਸਵੀਕ੍ਰਿਤੀ ਦਾ ਗਠਨ ਕਰਦੀ ਹੈ।, Your continued access to or use of the system after the date of the new privacy policy constitutes your acceptance of the new privacy policy.
"If you do not agree to the new Privacy Policy, you must stop accessing and/or using the System.","ਜੇ ਤੁਸੀਂ ਨਵੀਂ ਗੋਪਨੀਅਤਾ ਨੀਤੀ ਨਾਲ ਸਹਿਮਤ ਨਹੀਂ ਹੋ, ਤਾਂ ਤੁਹਾਨੂੰ ਸਿਸਟਮ ਨੂੰ ਐਕਸੈਸ ਕਰਨਾ ਅਤੇ/ਜਾਂ ਵਰਤਣਾ ਬੰਦ ਕਰ ਦੇਣਾ ਚਾਹੀਦਾ ਹੈ।","eng.co.uk - If you do not agree with the new privacy policy, you should cease to access and/or use the system."
What is the eligibility of a beneficiary?,ਲਾਭਪਾਤਰੀ ਦੀ ਯੋਗਤਾ ਕੀ ਹੈ?,engekapitalpaapaapaapaapaapaapaapaapaapaapaapaapaapaapaapaapaapaapaapaapaapaapaapaapaapaapaapaapaapaapaapaapaapaapaapaapaapaapaapaapaapaapaapaapaapaapaapaapaapaapaapaapaapaapaapaapaapaapaapaapaapaapaapaapaapaapaapaapaapaapaapaapaapaapaapaapaapaapaapaapaapaapaapaapaapaapaapaapaapaapaapaapaapaapaapaapaapaapaapaapaapaapaapaapaapaapaapaapaapaapaapaapaapaapaapaapaapaapaapaapaapaapaapaapaapaapaapaapaapaapaapaapaapaapaapaapaapaapaapaapaapaapaapaapaapaapaapaapaapaapaapaapaapaapaapaapaapaapaapaapaapaapaapaapaapaapaapaapaapaapaapaapaapaapaapaapaapaapaapaapaapaapaapaapaapaapaapaapaapaapaapaapaapaapa
"No, Poshan Tracker is available only for Android version",ਕੋਈ ਪੋਸਣ ਟ੍ਰੈਕਰ ਕੇਵਲ ਐਂਡਰਾਇਡ ਸੰਸਕਰਣ ਲਈ ਉਪਲਬਧ ਨਹੀਂ ਹੈ।, No Nutrition Trackerpa is not available for Android only.
 XV. INDEMNITY AND LIMITATION OF LIABILITY, XV. ਮੁਆਵਜਾ ਅਤੇ ਦੇਣਦਾਰੀ ਦੀ ਸੀਮਾ,eng.XV.Limit of compensation and liability
Growth monitoring report for all health indicators,ਸਾਰੇ ਸਿਹਤ ਸੰਕੇਤਕਾਂ ਲਈ ਵਿਕਾਸ ਨਿਗਰਾਨੀ ਰਿਪੋਰਟ,engekap laporan pemantauan pertumbuhan untuk semua indikator kesehatan
Take Home Ration (THR) given in last 30 days,ਪਿਛਲੇ 30 ਦਿਨਾਂ ਵਿੱਚ ਦਿੱਤਾ ਘਰ ਦਾ ਰਾਸਨ (ਟੀਐਚਆਰ) ਲਓ, Take a home ration (THR) given within the last 30 days.
Children are defined as stunted if their height-for-age is more than two standard deviations below the WHO Child Growth Standards median,ਬੱਚਿਆਂ ਨੂੰ ਅਵਿਕਸਿਤ ਵਜੋਂ ਪਰਿਭਾਸਿਤ ਕੀਤਾ ਜਾਂਦਾ ਹੈ ਜੇਕਰ ਉਹਨਾਂ ਦੀ ਉਮਰ ਅਨੁਸਾਰ ਉਚਾਈ WHO ਬਾਲ ਵਿਕਾਸ ਮਾਪਦੰਡ ਤੋਂ ਦੋ ਮਿਆਰ ਤੋਂ ਜਿਆਦਾ ਘੱਟ ਹੈ,: Children are defined as unabeducated if their height by age is more than two standards below WHO child development standard.
What is the purpose of Launching Poshan Tracker?,ਪੋਸਣ ਟ੍ਰੈਕਰ ਨੂੰ ਸੁਰੂ ਕਰਨ ਦਾ ਉਦੇਸ ਕੀ ਹੈ?,eng.co.id - A. What is the purpose of starting a nutrition tracker?
"As a registered user, you have the right to access your profile at any time.","ਇੱਕ ਰਜਿਸਟਰਡ ਉਪਭੋਗਤਾ ਵਜੋਂ, ਤੁਹਾਡੇ ਕੋਲ ਕਿਸੇ ਵੀ ਸਮੇਂ ਆਪਣੀ ਪ੍ਰੋਫਾਈਲ ਖੋਲ੍ਹਣ ਦਾ ਅਧਿਕਾਰ ਹੈ।"," As a registered user, you have the right to open your profile at any time."
"Although, the changes can only be done as prescribed by the Poshan Tracker system from time to time.","ਹਾਲਾਂਕਿ, ਸਮੇਂ-ਸਮੇਂ 'ਤੇ ਪੋਸਣ ਟਰੈਕਰ ਸਿਸਟਮ ਦੁਆਰਾ ਨਿਰਧਾਰਿਤ ਤੌਰ 'ਤੇ ਤਬਦੀਲੀਆਂ ਕੀਤੀਆਂ ਜਾ ਸਕਦੀਆਂ ਹਨ।","eng, pero se puede cambiar de vez en cuando, según el sistema de nutricion trackers."
You cannot manage the communications that you receive from us or how you receive them.,ਤੁਸੀਂ ਉਹਨਾਂ ਸੰਚਾਰਾਂ ਦਾ ਪ੍ਰਬੰਧਨ ਨਹੀਂ ਕਰ ਸਕਦੇ ਜੋ ਤੁਸੀਂ ਸਾਡੇ ਤੋਂ ਪ੍ਰਾਪਤ ਕਰਨੇ ਹਨ ਜਾਂ ਕਿਵੇਂ ਪ੍ਰਾਪਤ ਕਰਨੇ ਹਨ।, You cannot manage the communications you are supposed to receive from us or how you are supposed to receive them.
" XIII. COMPLIANCE WITH LAW, THIRD PARTY RIGHTS, AND OTHER TERMS OF SERVICE"," XIII. ਕਨੂੰਨ, ਤੀਜੀ ਧਿਰ ਦੇ ਅਧਿਕਾਰਾਂ, ਅਤੇ ਸੇਵਾ ਦੀਆਂ ਹੋਰ ਸਰਤਾਂ ਦੀ ਪਾਲਣਾ","eng. XIII. Memorizabiliti legislativa, third party rights, and other conditions of service."
"repeated infection, and inadequate psychosocial stimulation","ਵਾਰ-ਵਾਰ ਲਾਗ, ਅਤੇ ਨਾਕਾਫੀ ਮਨੋ-ਸਮਾਜਿਕ ਉਤੇਜਨਾ","eng, and insufficient psycho-social stimulation."
Beneficiary migration from one AWC to another AWC,ਇੱਕ AWC ਤੋਂ ਦੂਸਰੇ AWC ਤੱਕ ਲਾਭਪਾਤਰੀ ਮਾਈਗ੍ਰੇਸਨ, The beneficiary of the migration from one AWC to another AWC is the beneficiary of the migration from one AWC to another AWC.
"Training on ICT Platform under POSHAN Abhiyaan (02 February, 2021)","ਪੋਸਣ ਅਭਿਆਨ (02 ਫਰਵਰੀ, 2021) ਅਧੀਨ ਆਈਸੀਟੀ ਪਲੇਟਫਾਰਮ ਤੇ ਸਿਖਲਾਈ"," Training on the ICT platform under the Nutrition Campaign (02 February, 2021)"
You may browse the Site without registering for an account.,ਤੁਸੀਂ ਕਿਸੇ ਖਾਤੇ ਲਈ ਰਜਿਸਟਰ ਕੀਤੇ ਬਿਨਾਂ ਸਾਈਟ ਨੂੰ ਬ੍ਰਾਊਜ ਕਰ ਸਕਦੇ ਹੋ।, You can browse the site without registering for an account.
"You will be required to register for an account with your mobile number, if you intent to use certain features or services offered by the Site.","ਜੇਕਰ ਤੁਸੀਂ ਸਾਈਟ ਦੁਆਰਾ ਪੇਸ ਕੀਤੀਆਂ ਗਈਆਂ ਕੁਝ ਵਿਸੇਸਤਾਵਾਂ ਜਾਂ ਸੇਵਾਵਾਂ ਦੀ ਵਰਤੋਂ ਕਰਨ ਦਾ ਇਰਾਦਾ ਰੱਖਦੇ ਹੋ, ਤਾਂ ਤੁਹਾਨੂੰ ਆਪਣੇ ਮੋਬਾਈਲ ਨੰਬਰ ਦੇ ਨਾਲ ਇੱਕ ਖਾਤੇ ਲਈ ਰਜਿਸਟਰ ਕਰਨ ਦੀ ਲੋੜ ਹੋਵੇਗੀ।"," If you intend to use some of the features or services provided by the site, you will need to register for an account with your mobile number."
You are solely responsible for maintaining the confidentiality of your personal information and registration and all activities that might result from you failing from keeping this information secure.,ਤੁਸੀਂ ਆਪਣੀ ਨਿੱਜੀ ਜਾਣਕਾਰੀ ਅਤੇ ਰਜਿਸਟ੍ਰੇਸਨ ਅਤੇ ਇਸ ਜਾਣਕਾਰੀ ਨੂੰ ਸੁਰੱਖਿਅਤ ਰੱਖਣ ਵਿੱਚ ਅਸਫਲ ਰਹਿਣ ਦੇ ਨਤੀਜੇ ਵਜੋਂ ਹੋਣ ਵਾਲੀਆਂ ਸਾਰੀਆਂ ਗਤੀਵਿਧੀਆਂ ਦੀ ਗੁਪਤਤਾ ਨੂੰ ਬਣਾਈ ਰੱਖਣ ਲਈ ਪੂਰੀ ਤਰ੍ਹਾਂ ਜਿੰਮੇਵਾਰ ਹੋ।, You are solely responsible for maintaining the confidentiality of your personal information and registration and all activities resulting from failure to keep that information secure.
Your registration or mobile number shall be kept confidentialYou undertake that:You have obtained consent from the concerned individuals for creating their records through your account.,ਤੁਹਾਡੀ ਰਜਿਸਟ੍ਰੇਸਨ ਜਾਂ ਮੋਬਾਈਲ ਨੰਬਰ ਨੂੰ ਗੁਪਤ ਰੱਖਿਆ ਜਾਵੇਗਾਤੁਸੀਂ ਇਹ ਮੰਨਦੇ ਹੋਃਤੁਸੀਂ ਆਪਣੇ ਖਾਤੇ ਰਾਹੀਂ ਆਪਣੇ ਰਿਕਾਰਡ ਬਣਾਉਣ ਲਈ ਸਬੰਧਤ ਵਿਅਕਤੀਆਂ ਤੋਂ ਸਹਿਮਤੀ ਪ੍ਰਾਪਤ ਕੀਤੀ ਹੈ।,engekerjaanterminalitas.com - Registrasi atau nomor telepon anda akan tetap rahasia.Anda setuju:Anda telah memperoleh persetujuan dari orang yang bersangkutan untuk membuat catatan anda melalui akun anda.
Your account or mobile number shall not include the name of another person with the intent to impersonate that person.,ਤੁਹਾਡੇ ਖਾਤੇ ਜਾਂ ਮੋਬਾਈਲ ਨੰਬਰ ਵਿੱਚ ਉਸ ਵਿਅਕਤੀ ਦੀ ਨਕਲ ਕਰਨ ਦੇ ਇਰਾਦੇ ਵਾਲੇ ਕਿਸੇ ਹੋਰ ਵਿਅਕਤੀ ਦਾ ਨਾਮ ਸਾਮਲ ਨਹੀਂ ਹੋਣਾ ਚਾਹੀਦਾ ਹੈ।, The name of another person who intends to copy that person in your account or mobile number must not be included.
You shall not use another user's account without their permission.,ਤੁਸੀਂ ਕਿਸੇ ਹੋਰ ਉਪਭੋਗਤਾ ਦੇ ਖਾਤੇ ਦੀ ਵਰਤੋਂ ਉਹਨਾਂ ਦੀ ਇਜਾਜਤ ਤੋਂ ਬਿਨਾਂ ਨਹੀਂ ਕਰੋਗੇ।, You will not use another user's account without their permission.
"You shall immediately notify us in writing, if you discover any unauthorized use of your account or other account-related security breach.",ਜੇਕਰ ਤੁਹਾਨੂੰ ਆਪਣੇ ਖਾਤੇ ਦੀ ਕੋਈ ਅਣਅਧਿਕਾਰਤ ਵਰਤੋਂ ਜਾਂ ਖਾਤਾ-ਸਬੰਧਤ ਸੁਰੱਖਿਆ ਉਲੰਘਣਾ ਦਾ ਪਤਾ ਲੱਗਦਾ ਹੈ ਤਾਂ ਤੁਸੀਂ ਸਾਨੂੰ ਤੁਰੰਤ ਲਿਖਤੀ ਰੂਪ ਵਿੱਚ ਸੂਚਿਤ ਕਰੋਗੇ।," If you detect any unauthorized use of your account or account-related security breach, you will immediately notify us in writing."
"If we receive a complaint that your account violates someone else's rights, or violates our policies we may cancel or block your account.","ਜੇਕਰ ਸਾਨੂੰ ਕੋਈ ਸਿਕਾਇਤ ਮਿਲਦੀ ਹੈ ਕਿ ਤੁਹਾਡਾ ਖਾਤਾ ਕਿਸੇ ਹੋਰ ਦੇ ਅਧਿਕਾਰਾਂ ਦੀ ਉਲੰਘਣਾ ਕਰਦਾ ਹੈ, ਜਾਂ ਸਾਡੀਆਂ ਨੀਤੀਆਂ ਦੀ ਉਲੰਘਣਾ ਕਰਦਾ ਹੈ ਤਾਂ ਅਸੀਂ ਤੁਹਾਡੇ ਖਾਤੇ ਨੂੰ ਰੱਦ ਜਾਂ ਬੰਦ ਕਰ ਸਕਦੇ ਹਾਂ।"," If we receive a complaint that your account violates someone else's rights, or violates our policies, we can cancel or close your account."
"You shall not attempt to conceal your identity by using multiple Internet Protocol addresses or mobile no, or by any other means, to register participants on the Site","ਤੁਸੀਂ ਸਾਈਟ 'ਤੇ ਭਾਗੀਦਾਰਾਂ ਨੂੰ ਰਜਿਸਟਰ ਕਰਨ ਲਈ ਮਲਟੀਪਲ ਇੰਟਰਨੈਟ ਪ੍ਰੋਟੋਕੋਲ ਪਤੇ ਜਾਂ ਮੋਬਾਈਲ ਨੰਬਰ, ਜਾਂ ਕਿਸੇ ਹੋਰ ਤਰੀਕੇ ਨਾਲ ਆਪਣੀ ਪਛਾਣ ਛੁਪਾਉਣ ਦੀ ਕੋਸਿਸ ਨਹੀਂ ਕਰੋਗੇ।"," You will not attempt to hide your identity in any other way, including multiple Internet protocol addresses or mobile numbers, or to register participants on the site."
Poshan Tracker App is available in 22 different languagesThe various languages available are:EnglishHindiGujaratiPunjabiMarathiBanglaKannadaTamilTeluguMalyalamOdiaAssameseNepaliDogriKonkaniSindhiBodoMaithiliManipuriSanthaliUrduKashmiri,ਪੋਸਣ ਟ੍ਰੈਕਰ ਐਪ 22 ਵੱਖੋ ਵੱਖਰੀਆਂ ਭਾਸਾਵਾਂ ਵਿੱਚ ਉਪਲਬਧ ਹੈ।ਉਪਲਬਧ ਵੱਖ ਵੱਖ ਭਾਸਾਵਾਂ ਹਨਃਅੰਗਰੇਜੀਹਿੰਦੀਗੁਜਰਾਤੀਪੰਜਾਬੀਮਰਾਠੀਬੰਗਲਾਕੰਨੜਤਾਮਿਲਤੇਲਗੂਮਲਿਆਲਮਓਡੀਆਅਸਾਮੀNepaliDogriKonkaniSindhiBodoMaithiliManipuriSanthaliUrduKashmiri,english hindigujaratipanjabimarathibanglakannandar tamilteluguamilyaalmodiaasamiNepaliDogriKonkaniSindhiBodoMaithiliManipuriSanthaliUrduKashmiri
"The proposed system should enable real-time monitoring and tracking of all AWCs, AWWs and beneficiaries on the defined indicators.","ਪ੍ਰਸਤਾਵਿਤ ਪ੍ਰਣਾਲੀ ਨੂੰ ਪਰਿਭਾਸਤ ਸੂਚਕਾਂ ਤੇ ਸਾਰੇ AWCs, AWWs ਅਤੇ ਲਾਭਪਾਤਰੀਆਂ ਦੀ ਅਸਲ-ਸਮੇਂ ਦੀ ਨਿਗਰਾਨੀ ਅਤੇ ਟਰੈਕਿੰਗ ਨੂੰ ਸਮਰੱਥ ਕਰਨਾ ਚਾਹੀਦਾ ਹੈ.","eng sistem yang diusulkan harus memungkinkan pemantauan dan pelacakan real-time dari semua AWC, AWW dan penerima manfaat pada indikator variable."
How to Login in Poshan Tracker App?,ਪੋਸਣ ਟ੍ਰੈਕਰ ਐਪ ਵਿਚ ਲੋਗਿਨ ਕਿਵੇਂ ਕਰੀਏ?, How do I log in to Nutrition Tracker? - How do I log in to Nutrition Tracker? - How do I log in to Nutrition Tracker?
Height and weight of child has not been measured,ਬੱਚੇ ਦੀ ਲੰਬਾਈ ਅਤੇ ਭਾਰ ਨਹੀਂ ਮਾਪਿਆ ਗਿਆ ਹੈ,engekekekekekekekekekekekekekekekekekekekekekekekekekekekekekekekekekekekekekekekekekekekekekekekekekekekekekekekekekekekekekekekekekekekekekekekekekekekekekekekekekekekekekekekekekekekekekekekekekekekekekekekekekekekekekekekekekekekekekekekekekekekekekekekekekekekekekekekekekekekekekekekekekekekekekekekekekekekekekekekekekekekekekekekekekekekekekekekekekekekekekekekekekekekekekekekekekekekekekek
Calculator to measure the child growth based on the WHO Child Growth Standards.,ਬਚੇ ਦੇ ਵਾਧੇ ਲਈ ਡਬਲਯੂਐਚਓ ਮਾਪਦੰਡ ਦੇ ਆਧਾਰ 'ਤੇ ਬੱਚੇ ਦੇ ਵਾਧੇ ਨੂੰ ਮਾਪਣ ਲਈ ਕੈਲਕੁਲੇਟਰ, Calculator to measure baby growth based on WHOPA criteria for baby growth
TAKE HOME RATION (THR) GIVEN TODAY,ਅੱਜ ਦਿੱਤੇ ਗਏ ਘਰਾਂ ਦੇ ਰਾਸਨ (ਟੀਐਚਆਰ) ਨੂੰ ਲਓ, Take the home ration (THR) given today.
A beneficiary is eligible for THR for at least 21 days in a month.,ਇੱਕ ਲਾਭਪਾਤਰੀ ਇੱਕ ਮਹੀਨੇ ਵਿੱਚ ਘੱਟੋ-ਘੱਟ 21 ਦਿਨਾਂ ਲਈ THR ਲਈ ਯੋਗ ਹੁੰਦਾ ਹੈ।,engekap bisa di THR minimal 21 hari sebulan.
 III. NOTICE REGARDING FUTURE CHANGES TO TERMS:, III. ਸਰਤਾਂ ਵਿੱਚ ਭਵਿੱਖ'ਚ ਤਬਦੀਲੀਆਂ ਬਾਰੇ ਨੋਟਿਸਃ,eng.Notice of future changes in winterspa:
Planning And Organising Community Based Events At AWC,ਆਂਗਣਵਾੜੀ ਸੈਂਟਰ (ਏਡਬਲਯੂਸੀ) ਵਿਖੇ ਕਮਿਊਨਿਟੀ ਆਧਾਰਿਤ ਸਮਾਗਮਾਂ ਦੀ ਯੋਜਨਾਬੰਦੀ ਅਤੇ ਆਯੋਜਨ ਕਰਨਾ,engwanwadi centre (AWC) community-based events planning and organizing
Please find the following steps to LoginStep 1- Click on Poshan Tracker Website https://poshantracker.,Please find the following steps to LoginStep 1- Click on Poshan Tracker Website https://poshantracker., Please find the following steps to LoginStep 1- Click on Poshan Tracker Website https://poshantracker.com/posthan-tracker/
inStep 2- Enter your registered Mobile Number and pre-set 4 digit MPIN.,inStep 2- Enter your registered Mobile Number and pre-set 4 digit MPIN.,eng-Step 2-Ketikkan Nomor Ponsel terdaftar dan pra-set MPIN 4 digit.
How AWWS can sign up on the app if they are unable to register via their mobile numbers?,ਜੇ ਉਹ ਆਪਣੇ ਮੋਬਾਈਲ ਨੰਬਰਾਂ ਦੁਆਰਾ ਰਜਿਸਟਰ ਨਹੀਂ ਕਰ ਪਾਉਂਦੇ ਤਾਂ ਏਡਬਲਯੂਡਬਲਯੂ ਐਪ ਤੇ ਕਿਵੇਂ ਸਾਈਨ ਅਪ ਕਰ ਸਕਦਾ ਹੈ?," If they can't register via their mobile numbers, how can AWS sign up for the app?"
Poshan Tracker adds new Reports feature,ਪੋਸਣ ਟ੍ਰੈਕਰ ਵਿੱਚ ਨਵੀਂ ਰਿਪੋਰਟ ਵਿਸੇਸਤਾ ਜੁੜਦੀ ਹੈ, A new report in the nutrition tracker adds specificity to the report.
General Awareness about preventing illness in Children,ਬੱਚਿਆਂ ਵਿੱਚ ਬਿਮਾਰੀ ਦੀ ਰੋਕਥਾਮ ਬਾਰੇ ਆਮ ਜਾਗਰੂਕਤਾ,eng.org - General awareness of prevention of disease in children
2. HOW WE USE PERSONAL INFORMATION,2. ਅਸੀਂ ਨਿੱਜੀ ਜਾਣਕਾਰੀ ਦੀ ਵਰਤੋਂ ਕਿਵੇਂ ਕਰਦੇ ਹਾਂ,eng.pa 2.pa How we use personal information
The following are the Terms of Service (“Terms”) that govern your use of the Swastha Balak Balika Spardha Platform hosted at https://poshantracker.,"The following are the Terms of Service (""Terms"") that govern your use of the Swastha Balak Balika Spardha Platform hosted at https://poshantracker.","eng: The following are the Terms of Service (""Terms"") that govern your use of the Swastha Balak Balika Spardha Platform hosted at https://poshantracker."
"in, and all associated sites linked to it, its subsidiaries, and affiliates (collectively, the “Site”).","in, and all associated sites linked to it, its subsidiaries, and affiliates (collectively, the ""Site"").","eng, and all associated sites linked to it, its subsidiaries, and affiliates (collectively, the ""Site"")."
Please provide your mobile number and a ticket number.,ਕਿਰਪਾ ਕਰਕੇ ਆਪਣਾ ਮੋਬਾਈਲ ਨੰਬਰ ਅਤੇ ਟਿਕਟ ਨੰਬਰ ਪ੍ਰਦਾਨ ਕਰੋ।, Please provide your mobile number and ticket number.
Please contact your respective Anganwadi worker.,ਕਿਰਪਾ ਕਰਕੇ ਆਪਣੇ ਸਬੰਧਤ ਆਂਗਣਵਾੜੀ ਵਰਕਰ ਨਾਲ ਸੰਪਰਕ ਕਰੋ।, Please contact your affiliated Angnawadi worker.
SAM Children under 5 years who received Supplementary Nutrition,ਐਸਏਐਮ 5 ਸਾਲ ਤੋਂ ਘੱਟ ਉਮਰ ਦੇ ਬੱਚੇ ਜਿਨ੍ਹਾਂ ਨੂੰ ਪੂਰਕ ਆਹਾਰ ਪ੍ਰਾਪਤ ਹੋਇਆ ਹੈ, SAMM - Children under 5 years of age who have received a supplemental diet
OPV-1Pentavalent-1Rotavirus Vaccine (RVV)-1Fractional dose of Inactivated Polio Vaccine (fIPV)-1Pneumococcal Conjugate Vaccine (PCV) -1,ਓਪੀਵੀ-1ਪੇਂਟਾਵਲੇੰਟ-1ਰੋਟਾਵਾਇਰਸ ਵੈਕਸੀਨ (ਆਰਵੀਵੀ)-1ਇਨਐਕਟੀਵੇਟਿਡ ਪੋਲੀਓ ਵੈਕਸੀਨ ਦੀ ਅੰਸਿਕ ਖੁਰਾਕ (fIPV) -1ਨਿਊਮੋਕੋਕਲ ਕੰਨਜੁਗੇਟ ਵੈਕਸੀਨ (ਪੀਸੀਵੀ) -1,engengengengengengengengengengengengengengengengengengengengengengengengengengengengengengengengengengengengengengengengengengengengengengengengengengengengengengengengengengengengengengengengengengengengengengengengengengengengengengengengengengengengengengengengengengengengengengengengengengengengengengengengengengengengengengengengengengengengengengengengengengengengengengengengengengengengengengengengengengengengengengengengengengengengengengengengengengengengengengengengengengengengengengengengengengengengengengengengengengengengengengengengengengengengengengengengengengengengengengeng
Height should be between 38 to 150,ਕੱਦ 38 ਤੋਂ 150 ਦੇ ਵਿਚਕਾਰ ਹੋਣਾ ਚਾਹੀਦਾ ਹੈ,eng harus 38 sampai 150 kaki
How to contact Poshan Tracker Team?,ਪੋਸਨ ਟਰੈਕਰ ਟੀਮ ਨਾਲ ਸੰਪਰਕ ਕਿਵੇਂ ਕਰੀਏ?, How do I contact the Popson Tracker team? - How do I contact the Popson Tracker team? - How do I contact the Popson Tracker team?
Take Home Ration (THR) Given Today,ਅੱਜ ਦਿੱਤੇ ਗਏ ਘਰਾਂ ਦੇ ਰਾਸਨ (ਟੀਐਚਆਰ) ਨੂੰ ਲਓ, Take the home ration (THR) given today.
How many different forms are there in Poshan Tracker App?,ਪੋਸਣ ਟ੍ਰੈਕਰ ਐਪ ਵਿਚ ਕਿੰਨੇ ਵੱਖਰੇ ਰੂਪ ਹਨ?, Nutrition Tracker app has how many variants?
There are 7 different types of forms for beneficiaries.,ਲਾਭਪਾਤਰੀਆਂ ਲਈ ਇੱਥੇ 7 ਵੱਖ-ਵੱਖ ਕਿਸਮਾਂ ਦੇ ਫਾਰਮ ਹਨ., There are 7 different types of forms for beneficiaries.
This includes:Lactating motherPregnant womenChild 0-6 MonthsChild 6 Months to 3 YearsChild  3 Years to 6 YearsAdolescent Girls (11 Years-19 Years),ਇਸ ਵਿੱਚ ਸਾਮਲ ਹਨਃਦੁੱਧ ਚੁੰਘਾਉਣ ਵਾਲੀ ਮਾਂਗਰਭਵਤੀ ਰਤਾਂਬੱਚਾ 0-6 ਮਹੀਨੇਬੱਚਾ 6 ਮਹੀਨੇ ਤੋਂ 3 ਸਾਲਬਾਲ 3 ਸਾਲ ਤੋਂ 6 ਸਾਲਕਿਸੋਰ ਲੜਕੀਆਂ (11 ਸਾਲ-19 ਸਾਲ),engengengengengengengengengengengengengengengengengengengengengengengengengengengengengengengengengengengengengengengengengengengengengengengengengengengengengengengengengengengengengengengengengengengengengengengengengengengengengengengengengengengengengengengengengengengengengengengengengengengengengengengengengengengengengengengengengengengengengengengengengengengengengengengengengengengengengengengengengengengengengengengengengengengengengengengengengengengengengengengengengengengengengengengengengengengengengengengengengengengengengengengengengengengengengengengengengengengengengengeng
Shibpur I C D S Project,ਸਿਬਪੁਰ ਆਈ ਸੀ ਡੀ ਐਸ ਪ੍ਰੋਜੈਕਟ, The Sipapur ICDS Project is a project of the Sipapur ICDS project.
"In the recent one to three months, no Aanganwadi Worker has visited the beneficiary's home","ਪਿਛਲੇ ਇੱਕ ਤੋਂ ਤਿੰਨ ਮਹੀਨਿਆਂ ਵਿੱਚ, ਕੋਈ ਵੀ ਆਂਗਣਵਾੜੀ ਕਰਮਚਾਰੀ ਲਾਭਪਾਤਰੀ ਦੇ ਘਰ ਨਹੀਂ ਗਿਆ ਹੈ",engonpawadi employee hasn't been to the home of a beneficiary in the last one to three months.
Please enter Weight greater than 0.49 and less than 40.01,ਕਿਰਪਾ ਕਰਕੇ 0.49 ਤੋਂ ਵੱਧ ਅਤੇ 40.01 ਤੋਂ ਘੱਟ ਵਜਨ ਦਰਜ ਕਰੋ,eng please enter weights greater than 0.49 and less than 40.01
You can register with your mobile number directly through the website https://poshantracker.,You can register with your mobile number directly through the website https://poshantracker., You can register with your mobile number directly through the website https://poshantracker.
in or by downloading the Poshan Tracker App.,in or by downloading the Poshan Tracker App.,"eng, or by downloading the Poshan Tracker App."
MPIN is a 4 digits passcode which is set by an Anganwadi worker while registering over the Poshan Tracker App.,ਜੋ ਪੋਸਣ ਟ੍ਰੈਕਰ ਏਪੀਪੀ ਉੱਤੇ ਰਜਿਸਟਰ ਕਰਦੇ ਸਮੇਂ ਆਂਗਣਵਾੜੀ ਵਰਕਰ ਦੁਆਰਾ ਨਿਰਧਾਰਤ ਕੀਤੀ ਗਈ ਹੈ।,engonwadi worker when registering on the Nutrition Tracker APP.
"Specifications of Smart phone and Technical Compatibility Testing (02 February, 2021)","ਸਮਾਰਟ ਫੋਨ ਅਤੇ ਤਕਨੀਕੀ ਅਨੁਕੂਲਤਾ ਟੈਸਟਿੰਗ ਦੀਆਂ ਵਿਸੇਸਤਾਵਾਂ (02 ਫਰਵਰੀ, 2021)",eng smartphone and technical compatibility testing (02 February 2021)
Request for child's height and weight measurement,ਬੱਚੇ ਦੀ ਲੰਬਾਈ ਅਤੇ ਭਾਰ ਮਾਪਣ ਲਈ ਬੇਨਤੀ,engekerjaanjalukan untuk mengukur panjang dan berat bayipa
Children (6 months - 3 years),ਬੱਚੇ (6 ਮਹੀਨੇ - 3 ਸਾਲ),enganak (6 bulan - 3 tahun)
"We log usage data when you visit or otherwise use our Services, including our sites, app and platform technology.","ਜਦੋਂ ਤੁਸੀਂ ਸਾਡੀਆਂ ਸਾਈਟਾਂ, ਐਪ ਅਤੇ ਪਲੇਟਫਾਰਮ ਤਕਨਾਲੋਜੀ ਸਮੇਤ ਸਾਡੀਆਂ ਸੇਵਾਵਾਂ 'ਤੇ ਜਾਂਦੇ ਹੋ ਜਾਂ ਸਾਡੀਆਂ ਸੇਵਾਵਾਂ ਦੀ ਵਰਤੋਂ ਕਰਦੇ ਹੋ ਤਾਂ ਅਸੀਂ ਵਰਤੇ ਗਏ ਅੰਕੜਿਆਂ ਨੂੰ ਲੌਗ ਕਰਦੇ ਹਾਂ।"," When you visit our services, including our sites, apps and platform technology, or use our services, we log the data used."
"Result couldn't be fetch, please enter valid data","ਨਤੀਜਾ ਪ੍ਰਾਪਤ ਨਹੀਂ ਕੀਤਾ ਜਾ ਸਕਿਆ, ਕਿਰਪਾ ਕਰਕੇ ਉਚਿਤ ਅੰਕੜੇ ਦਰਜ ਕਰੋ","eng.co.id - If result could not be obtained, please enter the appropriate figures"
Central Golaghat I. C. D. S. Project,ਕੇਂਦਰੀ ਗੋਲਾਘਾਟ ਆਈ. ਸੀ. ਡੀ. ਐਸ. ਪ੍ਰੋਜੈਕਟ,eng Central Shoot ICDS Projectpa
