eng,sd,translation_text
Please go back to the homepage,महरबानी करे होमपेज ते वापिस वञो,engihorman homepage dan kembali ke vnysd
Please enter Height greater than 29.99 and less than 140.01,किरपा लम्बाई भरयो जेकि वधिक हुजे 37.99 खा आऊं घट हुजे 150.01,engekapisi length that is maximal 37.99 kg and decreased 150.01 kg.
"While login to the Poshan Tracker App, AWWs are required to enter the MPIN set by them.","पोषण ट्रेकर एप ते लॉगिन करण वक्त, आंगनवाडी में कम कंदडनु खे उन्ह्नु पारां सेट कयलु एमपिन दाखिल करणो पवंदो।"," When logging in to the Nutrition Tracker app and logging in, they set fewer restrictions on the use of the app in Anganwadi and enter their MPN."
This MPIN will act as a passcode to run the Poshan Tracker App and entering the information in the beneficiaries forms.,पोषण ट्रेकर एप खे हलाइण एं फायदों वठंदड जे फॉर्म में जा॒ण दाखिल करण जे लाये एमपिन हिक पासकोड तरीके कम कंदो., Nutrition Tracker app that uses benefits and benefits to enter information in a form that brings the mpin hic code way to reduce the risk.
How to ensure timely initiation of complementary feeding,इजाफे वारे खादे खे सही टाइम ते शुरुआत करण कीयं पक्को कयूं,eng.id - I'm sure you'll know the right time and start.
Poshan Tracker App can only be installed in Android Phone with Android version 6.0 and above.,पोषण ट्रेकर एप खे ऐंड्रोइड 6.0 या उन खां वधिक जे कोल वारे ऐंड्रोइड फोन में इंसटाल करे सघ॒बो आहे.,eng nutrition tracker app for android 6.0 or later that is compatible with installing coal wires in android phones.
General Awareness about Growth Monitoring of Children,वहींवारी जागरूकता बारण जे वाध निगरानी जी, The Wadh Monitoring G.
Wasting is defined as low weight-for-height,घट वजन लम्बाई जे लाए विनयाएण चयबो आ,eng. - Length of weight loss that brings to life the weight loss of life.
Hot Cooked Meal (HCM) Given Today,अजु॒ दि॒नल गरम रधलु खाधो (HCM), Acute diarrheal hot flash (HCM)
There are 6 categories for beneficiariesPregnant WomenLactating MotherChildren from 0 to 6 monthsChildren from 6 months to 3 yearsChildren from 3 years to 6 yearsAdolescent girls,हिते छः श्रेणियु आएन फायदे जे लाएपेटअ वारी माईढुक्क डेयन वारी माईबार 0 खा 6 महिनन जोबार 6 महिनन खा 3 सालन जोबार 3 सालन खा 6 सालन जोकिशोरी छोकरूयु,eng: 6 kategoriiSai manfaat yang di laapetA bariMajduk Deyan bariMajbar 0 makan 6 bulan kerja 6 bulan kerja 3 tahun kerja 3 tahun kerja 6 tahun kerja 6 tahun kerja
"Data Plan for Mobile Application (01 March, 2021)","मोबाईल एप्लीकेशन जे लाये डाटा प्लान ( 01 मार्च, 2021)",eng.id - Mobile application Jsd brings a data plan (01 March 2021)
 VIII. LIMITATIONS OF MULTI- LINGUAL INTERFACE, VIII. बहुभाषी - इंटरफेस जी सीमाउँ,eng. multilingual - interface G-scale
Srijangram I. C. D. S. Project,श्रीजानग्राम आई. सी. डि. ऐस. प्रोजेक्ट,engram i.c.d.s. project
"We may investigate any violation of these Terms, including unauthorized use of the Site.",अस्सां साइट जो गैर कानूनी इस्तेमाल सां हिन शरतुं जो केडे भि उल्लंघन जी जांच करे सगंदा आयुं।, We use our site for illegal use and we use our site for illegal use and we use our site for illegal use.
We may provide law enforcement with information you provide to us related to your transactions to assist in any investigation or prosecution of you.,अस्सां केडी भी जांच या तवां जे मथ्थों मुकदमो हलायन में मदद जे लाये कानून खे तवान्जी लेनदेन सां संबंधित काई जानकारी डेई सगंदा आयुं।, We also investigate or help in the resolution of cases that bring law and law related to transactions.
We may take legal action that we feel is appropriate.,अस्सां कानूनी कार्रवाई करे सगंदा आयुं अगर असांखे ऊ सही लगे त।,eng.org - We will take legal action all along if we think he's right.
Poshan Calculator helps to identify various health conditions of the child as per World Health Organization (WHO) standards,पोषण केल्कयुलेटर सहायता कंदो आ जाम सारयु सिहत जी दिक्कत सा बार जी वर्ल्ड हेल्थ आर्गेनाइजेशन जे तहेत (WHO),eng.org/wiki/Protection Calculator Help Cando & Jam Saryu Sidhat Ji Problem Sa Baar G World Health Organization (WHO)
How to take care of weak newborn with the help of Kangaroo Mother Care,कंगारू मदर केयर जी मदद सां कमजोर जायल बार जी देखभाल कीयं कयूं,engaru mother care ji help me weak goyal bar j take care of
"Any liabilities civil or criminal, arising out of any incorrect data, shall solely lie with the concerned ASP.",काई भी गलत डेटा सां पैदा थेयन वारी सिविल या आपराधिक देनदारियां पूरी तरह सां संबंधित एएसपी वठ हुंदियूं।, Any false data that may have resulted in a civil or criminal liability that is entirely concerned with the ASP.
Poshan Tracker App is available over Google playstore https://play. google. com/store/apps/details? id=com. poshantracker,पोषण ट्रेकर एप गूगल ते मौजूद आहे.Google playstore https://play. google. com/store/apps/details? id=com. poshantracker,eng.Google playstore https://play.google.com/store/apps/details? id=com.poshantracker
Can App be accessed without internet?,छा हिन एप खे इंटरनेट जे बिना हलाए सघ॒बो आहे?,eng app on the internet that is unshakeable?
Awareness for Pregnancy in Preventing Anemia,जागरूकता गर्भावस्था मे एनीमिया जी,eng.sd awareness Pregnancy in Anemia G
"Howrah North (U) I. C. D. S. Project, Howrah","हावडा उतर (यू) आई. सी. डी. ऐस. प्रोजेक्ट, हावडा"," The Hawada Landing (USD) ICDS Project, Hawada"
Birth Preparedness- For Institutional and Home Delivery,जन्म जी तैयारी- संस्थायुन आऊं होम डिलीवरी जे लाये,eng.org - Preparation-Institution and Home Delivery J. Bring
New beneficiary addition with skip OTP option,नयो फाईदोवठिंदड गंढायप नजपअंदाज कंदड OTP विकल्प सां,engengengengengengengengengengengengengengengengengengengengengengengengengengengengengengengengengengengengengengengengengengengengengengengengengengengengengengengengengengengengengengengengengengengengengengengengengengengengengengengengengengengengengengengengengengengengengengengengengengengengengengengengengengengengengengengengengengengengengengengengengengengengengengengengengengengengengengengengengengengengengengengengengengengengengengengengengengengengengengengengengengengengengengengengengengengengengengengengengengengengengengengengengengengengengengengengengengengengengengeng
We are now available on Video Conference,असां हाणे विडिओ कान्फ्रन्स ते बि मौजूद आहियूं, I am here for video conferencing and video conferencing.
"Poshan Tracker App is meant for Aanganwadi workers, Anganwadi centers to enter beneficiaries data in the forms.","पोषण ट्रेकर एप, आंगनवाडी में कम कंदडनु, आंगनवाडी मरकजन पारां फायदो वठंदडनु जे डाटा खे फॉर्म में दाखिल करण जे लाये ठाही वेई आहे.","engadenu app, low wandana in anganwadi, anganwadi markjan param beneficial wandana jsd data in kh form jsd filed in jsd kh form jse bring thahi vee is."
It is not at all developed for general public.,हिन एप खे आम अवाम जे लाये बिलकुल न ठाहियो वियो आहे., Their app is a public service announcement that is not at all a live stream.
Swastha Balak/Balika Spardha Mission is about celebrating the health of children in India.,Swastha Balak/Balika Spardha Mission is about celebrating the health of children in India.,eng Swastha Balak/Balika Spardha Mission is about celebrating the health of children in India.
It entails identification and awareness of health conditions and providing necessary support wherever required.,It entails identification and awareness of health conditions and providing necessary support wherever required.,eng.sd It entails identification and awareness of health conditions and providing necessary support wherever needed.
”Our Privacy Policy applies when you use our Services (described below).,"""Our Privacy Policy applies when you use our Services (described below).","eng ""Kebijakan Privasi kami berlaku ketika Anda menggunakan Layanan kami (dikritikasi di bawah)."
"This Privacy Policy is meant to help you understand what information we collect, why we collect it, and how it is used and shared.","This Privacy Policy is meant to help you understand what information we collect, why we collect it, and how it is used and shared.","eng.sd) -This Privacy Policy is intended to help you understand what information we collect, why we collect it, and how it is used and shared."
The collecting and retaining agency in respect of your information is Ministry of Women and Child Development.,The collecting and retaining agency in respect of your information is Ministry of Women and Child Development.,eng.id Badan pengumpulan dan retensi informasi anda adalah Kementerian Perempuan dan Pembangunan Anak.
We are committed to protecting the security of your personal information and safeguarding your privacy.,We are committed to protecting the security of your personal information and safeguarding your privacy.,eng.id Kami berkomitmen untuk melindungi keamanan informasi pribadi Anda dan melindungi privasi Anda.
How to revive your health if you are Underweight,किंय वापस पाए ता सघु सिहत अगर असांजो घट वजन आ," ""How to get back"" is a good advice if Assange loses weight and gets"
Can a beneficiary change his/her AWC?,छा लाभकारी बदलाव थी तो सघे उननजे AWC मे?,eng.co.id - Was there a beneficial change to the AWC?
"We use the information we have, to help verify accounts.",असांजे वठ जेकि सूचना हुनदी आ असा हुनसा तांजा अकाउंट वेरिफाई कंदा आयु।,engengengengengengengengengengengengengengengengengengengengengengengengengengengengengengengengengengengengengengengengengengengengengengengengengengengengengengengengengengengengengengengengengengengengengengengengengengengengengengengengengengengengengengengengengengengengengengengengengengengengengengengengengengengengengengengengengengengengengengengengengengengengengengengengengengengengengengengengengengengengengengengengengengengengengengengengengengengengengengengengengengengengengengengengengengengengengengengengengengengengengengengengengengengengengengengengengengengengengengeng
The records may be used for verification of health status for the purposes of Poshan Tracker control and response.,रिकार्ड तांजा तांजे वेरिफिकेशन जे लाए ईसृतेमाल थींदा आएन ताकि ताखे तांजी सेहत जे बारे मे बुधाए सिघु।,engengengengengengengengengengengengengengengengengengengengengengengengengengengengengengengengengengengengengengengengengengengengengengengengengengengengengengengengengengengengengengengengengengengengengengengengengengengengengengengengengengengengengengengengengengengengengengengengengengengengengengengengengengengengengengengengengengengengengengengengengengengengengengengengengengengengengengengengengengengengengengengengengengengengengengengengengengengengengengengengengengengengengengengengengengengengengengengengengengengengengengengengengengengengengengengengengengengengengengeng
Scan the QR Code to Download the App,एप खे डाउनलोड करण जे लाये स्केन कयो फकत एंड्रॉइड जे लाये,eng app downloading jsd jlay scan jlay fuck android jlay
Who is eligible for Hot Cooked Meal?,केर गर्म ठयल रोटी जे काबिल आ?,eng roti goreng yg mampu?
Identifying and preventing Severe Acute Malnutrition,गंभीर आऊं पीडींदड कुपोषण जी पहचान करण आऊं हुनखे रोकण,engorgon.id - Identifying and preventing severe and suffering malnutrition
Children who are identified as deficit on nutrition are eligible for additional food supplements.,बार जेका कुपोषित आएन उवे अतिरिक्त पूरी रोटी जे योग्य आ एन।,eng.org - The bar to which malnourished come owe extra whole bread which is suitable and suitable.
Who is eligible for additional supplementary food.,केर अतिरिक्त पूरी रोटी जे योग्य आ।,engekekekekekekekekekekekekekekekekekekekekekekekekekekekekekekekekekekekekekekekekekekekekekekekekekekekekekekekekekekekekekekekekekekekekekekekekekekekekekekekekekekekekekekekekekekekekekekekekekekekekekekekekekekekekekekekekekekekekekekekekekekekekekekekekekekekekekekekekekekekekekekekekekekekekekekekekekekekekekekekekekekekekekekekekekekekekekekekekekekekekekekekekekekekekekekekekekekekekekek
"Uploading of Data of Anganwadi Services Schemes in Poshan Tracker (24 May, 2021)","पोशन ट्रेक्टरु में आंगन वादी सर्विसिज स्कीमुन जे डेटा अप लोड करणु (24 मुई ,2021)","eng Service Scheme in Position Tractor that loads data up to particles (24 Mst ,2021)"
Children between 6 months - 3 years,6 महिननु - 3 सालनु जे विच में बा॒र,eng. - 6 months - 3 years old. - 3 months old. - 3 years old.
"Ministry of Women and Child Development, Government of India, Shastri Bhawan, New Delhi",मिनिस्ट्री ओव वुमन एंड चाइल्ड डेवलपमेंट गवर्नमेंट ऑफ इंडिया शास्त्री भवन नई दिल्ली,engerd Ministry of Women and Child Development of the Government of India Shastri Bhavan New Delhi
Care of the weak newborn baby - How many weak babies are we missing?,कमजोर जायल बार जी देखभाल - अस्सां घणा कमजोर जायल बारण जी देखभाल नथ्था करे सगुं?,engengengengengengengengengengengengengengengengengengengengengengengengengengengengengengengengengengengengengengengengengengengengengengengengengengengengengengengengengengengengengengengengengengengengengengengengengengengengengengengengengengengengengengengengengengengengengengengengengengengengengengengengengengengengengengengengengengengengengengengengengengengengengengengengengengengengengengengengengengengengengengengengengengengengengengengengengengengengengengengengengengengengengengengengengengengengengengengengengengengengengengengengengengengengengengengengengengengengengengeng
Underweight children who received Supplementary Nutrition,पूरक पोषण प्राप्त करण वारा घट वजन वारा बारअ,eng nutrition supplement wind loss weight wind bar
Identification and care of a Weak Newborn baby,कमजोर जायल बार जी पहचान आऊं देखभाल,"eng.org - Weakly, weaker, weaker, weaker, weaker, weaker, weaker, weaker, weaker, weaker, weaker, weaker, weaker, weaker, weaker, weaker, weaker, weaker, weaker, weaker, weaker, weaker, weaker, weaker, weaker, weaker, weaker, weaker, weaker, weaker, weaker, weaker, weaker, weaker, weaker, weaker, weaker, weaker"
1.2. Information from use of services.,1.2. सर्विस इस्तेमाल करण जी सूचना।,eng.1.2 Gsd Information for using the service.
Please contact your respective Anganwadi Centre.,किरपा तांजे आंगनवाडी कार्यकर्ता सा सम्पर्क कयो।,eng tanje anganwadi worker contacted her.
GOBARDANGA I. C. D. S PROJECT(U),गोबोरडांङा आई. सी. डी. ऐस. प्रोजेक्ट (यू),engobordanga i.c.d.s. project (usd)
Please fill in the form below to create a new ticket.,किरपा करे हिन हेठ डिनल फार्म खे भरो त नई टिकेट ठाहयुं।, Please fill out their HTT Dinal form and place a new ticket.
Anganwadi Worker will reach out to you within 48 hours.,आंगनवाडी कार्यकर्ता तांजे वठ 48 किलाक मे पहुची वेन्दुवः।,engwanwadi activist tanje vadh 48 kilak in arrived in wendu:
Your request is received.Please note down the ticket number for future reference.,तव्हां जी आछ हासिल थी आहे महर्बानी करे टिकेट नम्बर नोट कयो मस्तकबील जे ड॒स लाई, The ticket number is a note for a ticket to be delivered to the customer.
Is poshan trackers app available over Apple I Store also?,छा पोषण ट्रेक्स एप एप्पल आई स्टोर ते मौजूद आहे?,eng Nutrition Tracks appsd Apple Eye Store is also available?
Number of records becoming inactive and number of records migrating from one category to another,अणसुजाग थिंदड रेकार्डन जी गणप ऐं हिक विभाग खां बे॒ विभाग लडि॒यलु रेकार्डअ,engengengengengengengengengengengengengengengengengengengengengengengengengengengengengengengengengengengengengengengengengengengengengengengengengengengengengengengengengengengengengengengengengengengengengengengengengengengengengengengengengengengengengengengengengengengengengengengengengengengengengengengengengengengengengengengengengengengengengengengengengengengengengengengengengengengengengengengengengengengengengengengengengengengengengengengengengengengengengengengengengengengengengengengengengengengengengengengengengengengengengengengengengengengengengengengengengengengengengengeng
In How many languages the Poshan Tracker App is available?,पोषण ट्रेकर एप केतरियुन बो॒लियुन में मौजूद आहे?,eng.co.id - Is the Nutrition Tracker app in Ketriun Bollion available?
AWWs are requested to enter their mobile numbers in the Login screen.,आंगनवाडी में कम कंदडनु खे लॉगिन स्क्रीन ते उन्ह्नु जो मोबाइल नंबर दाखिल करण जी वेंती कई वञे थी.,engwani to little kandadanu kheda login screen to to to to to to to to to to to to to to to enter mobile number to to to to to to to to to to to to to to to to to to to to to to to to to to to to to to to to to to to to to to to to to to to to to to to to to to to to to to to to to to to to to to to to to to to to to to to to to to to to to to to to to to to to to to to to to to to to to to to to to to to to to to to to to to to to to to to to to to to to to to to to to to to to to to to to to to to to to to to to to to to to to to to to to to to to to to to to to to to to to to to to to to to to to to to to to to
"An OTP will be sent to your registered mobile number, post which you are required too set your MPIN.","तव्हां जे रजिस्टर कयल मोबाइल नंबर ते हिक ओटीपी मोकलायो वेंदो, जहिं खां पोइ तव्हां खे एम्पिन सेट करणो पवंदो."," Once the registered mobile number and the OTP are turned off, the place to be set up is the AMPIN."
Measles Containing vaccine (MCV)/MR-2JE-2**DiphtheriaPertussis & Tetanus (DPT)-Booster-1OPV –Booster,मिसलेस कनटेनिंग वेक्सिन (MCV)/MR-2JE-2**डिप्थीरियापरटयुसिस एंड टिटनस (DPT)-बूस्टर-1OPV -बूस्टर,eng contining vaccine (MCV) /sdMR-2JE-2**diptheriapertuis and titanus (DPT) -booster-1OPV -booster
The Poshan Tracker enables real-time monitoring and tracking of all AWCs and beneficiaries on defined indicators.,पोषण टे्कर कंदो आ रियल टाइम मानिटरिंग आऊं ट्रेकिंग सभीन AWCs आऊं लाभकारी मनयो वेंदो आ।,/FoodTakerKando and Real Time Monitoring and Tracking All AWCs and Beneficial Manyo Vendo come.
It is built using centralized data architecture that also aligns with the digital technology systems of other ministries and programs.,इयो गायों व्यो आ डेटा खे ईक्कठो करे देखो डिजिटल टेक्नोलॉजी सिस्टम आऊं नये फिचरन मिनिस्टर आऊं प्रोग्राम सा ठयल आ।, See how the digital technology system and new features minister and program come together.
The public dashboard helps to impart transparency on services delivered to beneficiaries,पब्लिक डैशबोर्ड हितभागिण खे डी वणन वारी सेवाउण में ट्रांसपेरेंसी खणी अचण में मदद कंदो आहे, Public dashboard हितभागिण खे डी वणन वारी सेवाउण में पारदर्शिता खनन आचण में मदद करने के लिए एक सहायता कंदो है।
Translations on the Poshan Tracker Portal & App Chabot are done by third party translators.,पोषण ट्रैकर पोर्टल आऊं ऐप चाबोट ते अनुवाद ट्रीं दुरी जा अनुवादक कंदा।, Nutrition Tracker Portal and App Keyboard and Translation Tree - Distance Translator - Translator Canda.
"While the translations are done on a best effort basis, some of the parts may be incorrect.","जेडी मैल अनुवाद बेहतरीन कोशिश जे आधार ते किया वेंदा आहेन, कोई कोई भाग गलत थी सिगंदा आहेन।", JD Mail Translation - Best of the best - JD Mail Translation - JD Mail Translation - JD Mail Translation - JD Mail Translation - JD Mail Translation - JD Mail Translation - JD Mail Translation - JD Mail Translation - JD Mail Translation - JD Mail Translation - JD Mail Translation - JD Mail Translation - JD Mail Translation - JD Mail Translation - JD Mail Translation - JD Mail Translation - JD Mail Translation - JD Mail Translation - JD Mail Translation - JD Mail Translation - JD Mail Translation - JD Mail Translation - JD Mail Translation - JD Mail Translation - JD Mail translation - JD mail all the best - based on what you can do when you want to do it - no part is wrong.
Certain files and other items on the website cannot be translated.,वेबसाइट ते कुछ फाइल आऊं बी शयाइन जो अनुवाद न थी सिगंदो आहे।,eng website and some files and bsd shayin that was not translated is signdo.
"In addition, on translation, some applications and/or services may not function as expected, due to language barriers.","हिनजे अलावा, अनुवाद ते, कुछ एप्लिकेशन आऊं /या सेवाउन भाषा जी तकलीफुन जी वजह सां अपेक्षित रूप सां कम् न थी सगंदो आहे।","engek, terjemahan, beberapa aplikasi dan/atau layananbahasa yang menyebabkan masalah karena tidak sesuai dengan harapan."
"We are working constantly to rectify any errors, omissions, or ambiguities in the translations provided on this portal.","अस्सां हिन्ह पोर्टल ते मिलंदड जे लाये अनुवादन में केडी भि गलती, चूक या अस्पष्टता खे सुधारन जे लाये लगातार कम कयूं ता।"," The Assan Hine Portal to Mailandad Jaye, which provides translation services for correcting errors, omissions or ambiguities in translation, which are continuously reduced."
"The MGRS collected primary growth data and related information from approximately 8500 children from widely different ethnic backgrounds and cultural settings (Brazil, Ghana, India, Norway, Oman and the USA)","MGRS इकट्ठा कंदो आ प्राइमरी ग्रोथ डेटा आऊं उनका संबंधि जानकारयु आसपास 8500 बारण जा देखा अलग अलग तरीके सा पलयल आऊं रहते वारा आएन (ब्राजीलl, घाना, इंडिया, नोरवे, ओमन आऊं USA)","eng.org - MGRS collects primary growth data and related knowledge about 8500 species of plants, plants, and animals in various ways (Brazil, Ghana, India, Norway, Oman and USA)"
Children of different age groups are monitored on monthly basis by AWWs.,AWW द्वारा अलग अलग उम्र जे बारन जी महीने दर महीने जांच की वेंदी।, AWW has been investigating different ages by J.B. Baron G. every month.
"Health indicators like Stunting, Wasting and Underweight prevalence are measured as per WHO standards.","स्टंटिंग, वेस्टिंग आऊं गट्ठ वजन हुजण, इह सिहत जा लच्छण खे डब्ल्यूएचओ जे मअयारिन जे हीसाब सां माप्यो वेंदो आहे।","eng, bersering, dan berat badan, ini adalah arahan dari WHO J Maayarin J Heisab Sampyo Maapyo Vendo."
Regular growth monitoring helps AWWs to provide relevant and timely assistance to children,टाइम टाइम जी जांच AWW जे कम् कंदननङ खे बारन जी सही आऊं सही टाइम ते मदद करण में कम् में ईअन्दी आहे,eng time time g check AWWsd J Kam Kannanang Khe Baran Ji right and right time and help in kam in hindi
"Awareness for Children Stunting, Wasting to prevent malnutrition in children","जागरूकता बारण मे कुपोषण, स्टंट,विनयाण खा बचण लाए"," ""Awareness Barran May brought malnutrition, stunts, wine-making and food shortages"""
Poshan Tracker adds new application features,पोशॉन ट्रेकर गंढी आहे नई ऐपलिकेशन कारगुजारी,eng poshon tracker is dirty new application operator
Making or Updating Home Visit Planner and Initiating home visits,होम विजिट प्लानर ठायण या अपडेट करण आऊं होम विजिट शुरू करण,engatulah home visit planneruntuk menentukan atau memperbarui dan memulai home visit
Poshan Calculator is designed to measure growth of the child based on standards defined by World Health Organization (WHO),पोषण कैलकुलेटर खे विश्व स्वास्थ्य संगठन (डब्ल्यूएचओ) जे सबब सां वस्फ पैमाइशअ जी बुनियाद ते बारण जी वाध खे मापण जे लाये डिजाइन कायो वयो आहे,engengengengengengengengengengengengengengengengengengengengengengengengengengengengengengengengengengengengengengengengengengengengengengengengengengengengengengengengengengengengengengengengengengengengengengengengengengengengengengengengengengengengengengengengengengengengengengengengengengengengengengengengengengengengengengengengengengengengengengengengengengengengengengengengengengengengengengengengengengengengengengengengengengengengengengengengengengengengengengengengengengengengengengengengengengengengengengengengengengengengengengengengengengengengengengengengengengengengengengeng
Migrated from one category to another,बिक विभाग खां बे॒ ते लडणु,eng departemen kan dan bertanding
It usually occurs when a person has not had food of adequate quality and quantity and/or they have had frequent or prolonged illnesses,इयो तेमल थीनदो आ जेमल माणु वठ सुठी तरह सा रोटी न हुजे आऊं/या माणु चंगे टाईम खा केडि बिमारी खा गुजर दो हुजे,engengengengengengengengengengengengengengengengengengengengengengengengengengengengengengengengengengengengengengengengengengengengengengengengengengengengengengengengengengengengengengengengengengengengengengengengengengengengengengengengengengengengengengengengengengengengengengengengengengengengengengengengengengengengengengengengengengengengengengengengengengengengengengengengengengengengengengengengengengengengengengengengengengengengengengengengengengengengengengengengengengengengengengengengengengengengengengengengengengengengengengengengengengengengengengengengengengengengengengeng
Malnutrition is one of the most important challenges facing contemporary India.,हम असर भारत जिन अहम ललकारूनु खे मुंह दे॒इ रह्यो आहे उन्ह्नुमां कुपोषण हिक आहे.,"eng India, yang telah menghadapi masalah besar dalam kehidupan manusia, mengalami kekurangan gizi."
Nutrition is acknowledged as central to the achievement of National and Global Sustainable Development Goals.,"पोषण खे, राष्ट्रीय एं आलमी पायेदार तरकीअ जे मकसदनु खे हासिल करण जे लाये मुख्य ग॒णयो वेंदों आहे.","eng, National Ensemble Global pioneer initiative that aims to achieve the goal that brings the main value to the world."
"Optimum and appropriate nutrition is essential for women and children to survive, thrive and break the intergenerational cycle of poor health and poverty in the community.","मायनुं एं बारनु खे बिरादरीअ में बचण, वधण वीझण एं कमजोर सिहत एं गरीबीअ जी बिन अलाकुमी सिरिशते खे टोडण जे लाये सही एं मुकमल पोषण जरूरी आहे.",engengengengengengengengengengengengengengengengengengengengengengengengengengengengengengengengengengengengengengengengengengengengengengengengengengengengengengengengengengengengengengengengengengengengengengengengengengengengengengengengengengengengengengengengengengengengengengengengengengengengengengengengengengengengengengengengengengengengengengengengengengengengengengengengengengengengengengengengengengengengengengengengengengengengengengengengengengengengengengengengengengengengengengengengengengengengengengengengengengengengengengengengengengengengengengengengengengengengengengeng
"Poshan Abhiyaan is India’s flagship programme to improve nutritional outcomes for children, adolescents, pregnant women and lactating mothers by leveraging technology, a targeted approach and convergence.","बारनु, नौजवाननु , गर्भ वंतयूनु जे खोराकी नतीजन खे सुधारण जे लाए, पोषण अभियान भारत जो मुख्य प्रोग्राम आहे.","eng, Naujwananu, Ghor Vanthuanu J. Khoraaki result kh reformation J. L. Pushkar Bharat which is the main programme."
Hot Cooked Meal (HCM) given in last 30 days,पोंयनु 30 दीं॒हनु में दि॒नल गरम रधलु खाधो (HCM),eng 30 dinh hnu dianal hot rhallu meal (HCM)
Uploading of Data of Anganwadi Services Schemes in Poshan Tracker,डेटा विजण आंगनवाडी सर्विस योजना जो पोषण टे्कर ते,engad.com Data Vijayan Anganwadi Service Scheme which is a nutrition taker and a nutrition taker.
The Poshan Tracker generates automated alerts to the critical last-mile beneficiaries.,पोषण टे्कर एप जो अलर्ट डयण बार जे वधण लाए।,eng nutrition taker appsd which brought alert diane bar j slaughter.
It also ensures efficient audit of the delivery system by documenting real time attendance of beneficiaries and duty bearers.,हिन जो सुखों सिस्टम सा ड्युटी डयण आऊं डिलीवरी सही टाईम ते डयण।,eng sistemas d tugas d d tugas d d d d d d d d d d d d d d d d d d d d d d d d d d d d d d d d d d d d d d d d d d d d d d d d d d d d d d d d d d d d d d d d d d d d d d d d d d d d d d d d d d d d d d d d d d d d d d d d d d d d d d d d d d d d d d d d d d d d d d d d d d d d d d d d d d d d d e d d d d d e d d e d d e d e d e d e d e d e d e d e d e d e d e d e d e d e d e d e d e d e d e d e d e d e d e d
"This management information system will help the nutrition programme to scale efficiently, thereby generating and documenting positive impact",हिन जो मेनेजमेंट सिस्टम जो बुधाएण नयुटरीशन प्रोग्राम जे बारे मे जेबा कि वधण में जाम सुठो असर डिसण ईंदो आ,eng.org Sistem manajemen yang mana program nutrisi yang mengena masalah yang berhubungan dengan penanganan penyakit.
How can one Download Poshan Tracker App?,पोषण एप खे कियें डाउनलोड करे सघ॒जे थो?,eng app gizi ke xwhy download sghêje tho?
"Clarification regarding Cost of Smart phones (03 June, 2021)","वजाहत असमारट फोन्ज जी कीमत बाबति (03 जूनि ,2021)"," Asmarat Fonj G. Price is Up (03 Jun ,2021)"
"POSHAN Abhiyaan is the Government of India's flagship programme to improve nutritional outcomes for children, adolescents, pregnant women and lactating mothers by leveraging technology, a targeted approach and convergence.","टेक्नॉलजी, मक्सदी नजरियो एं मेलाप मेलाप जी ताकत सां बा॒रनु, नौजवाननु, गर्भ वंतयूनु जे खोराकी नतीजन खे सुधारण जे लाए, पोषण अभियान भारत जो मुख्य प्रोग्राम आहे.","eng.org - Technology, Maxdi Narshi An Melap Melap Ji Strength San Ba'annu, Naujwananu, Ghar Vantanu J Khoraaki Result Khera Kar Karne Ka Improvement J Laye, Nutrition Campaign India which is the main program."
"The initiative lays emphasis on creating synergy between various programmes in health, nutrition, sanitation sectors etc.","टेक्नॉलजी, मक्सदी नजरियो एं मेलाप मेलाप जी ताकत सां बा॒रनु, नौजवाननु, गर्भ वंतयूनु जे खोराकी नतीजन खे सुधारण जे लाए, पोषण अभियान भारत जो मुख्य प्रोग्राम आहे.","eng.org - Technology, Maxdi Narshi An Melap Melap Ji Strength San Ba'annu, Naujwananu, Ghar Vantanu J Khoraaki Result Khera Kar Karne Ka Improvement J Laye, Nutrition Campaign India which is the main program."
", to ensure efficiency and effective outcomes.","हीय पहल  नतीजनु जे असर एं कारकिरदगी जी पक करण जे लाए सिहत, पोषण, सफाई जे हिसनजे अलग॒ अलग॒ प्रोग्रामनु जे विचमें  समझोतो पैदा करण ते जोर दि॒ये थो."," Initiatives that have an impact on the activities that bring about discipline, nutrition, cleanliness that are part of different programs that create and emphasize diversity."
along with status update once resolved,हालत जे वादारपणे जे सुधो हेकारे निपटाणे जे बैदि,engengengengengengengengengengengengengengengengengengengengengengengengengengengengengengengengengengengengengengengengengengengengengengengengengengengengengengengengengengengengengengengengengengengengengengengengengengengengengengengengengengengengengengengengengengengengengengengengengengengengengengengengengengengengengengengengengengengengengengengengengengengengengengengengengengengengengengengengengengengengengengengengengengengengengengengengengengengengengengengengengengengengengengengengengengengengengengengengengengengengengengengengengengengengengengengengengengengengengengeng
"The Poshan Tracker system is regularly audited by auditors engaged by MWCD, for security and scalability of the system.",बुखारिण जि हिफाजती आऊं नापण जी लाइकियत जे लाये MWCD द्वारा नियुक्त कइल लेखापरीक्षकण द्वारा पोषण ट्रैकर बुखारिण जो टाइम टाइम ते ऑडिट कियो वेंदो आहे।,engengengengengengengengengengengengengengengengengengengengengengengengengengengengengengengengengengengengengengengengengengengengengengengengengengengengengengengengengengengengengengengengengengengengengengengengengengengengengengengengengengengengengengengengengengengengengengengengengengengengengengengengengengengengengengengengengengengengengengengengengengengengengengengengengengengengengengengengengengengengengengengengengengengengengengengengengengengengengengengengengengengengengengengengengengengengengengengengengengengengengengengengengengengengengengengengengengengengengengeng
The records may be used for such audits.,रिकार्ड तांजे जो परिक्षण थींदो आ।,eng rekod yang sudah diuji coba.
Poshan Tracker adds new Resources on Website,पोशॉन ट्रेकर गंढियो आहे नयो वसिलो वेबसाईट कारगुरीअ ते," The Postion Tracker is dirty, and the new Vassilo website is crafted by Cargurias and T."
"Technology under Poshan Tracker is being leveraged for dynamic identification of stunting, wasting, under-weight prevalence among children and last mile tracking of nutrition service delivery","पोषण टे्कर एप जी जे कि टेक्नोलॉजी आ उनका इयो पतों पयीन्दो आ कि बार स्टंटेड, घट वजन, वेस्टेड आ या न उनन ताई सही पोषण पहुंचे तो या न"," Nutrition Tech Apps are based on technology and their own unique approaches to finding and managing healthy, weight loss, wasted and whether or not they get the right nutrition."
The System also takes feedback about system performance and experience.,सिस्टम फिडबेक भी वणंदो आ सर्विस अंउ अनुभव लाए।,eng feedback also brought the forestry and service experience.
"Information on name, mobile number, date of registration and health status may be used for these purposes","सूचना जिंय नालो, मोबाईल नम्बर, रजिस्ट्रेशन जी तारीख,सेहत जो स्टेटस हियो तांजो अनुभव वठण लाए थिंदो आ",eng info info info info info info info info info info info info info info info info info info info info info info info info info info info info info info info info info info info info info info info info info info info info info info info info info info info info info info info info info info info info info info info info info info info info info info info info info info info info info info info info info info info info info info info info info info info info info info info info info info info info info info info info info info info info info info info info info info info info info info info info info info info info info info info info info info info info info info info info info info info info info info info info info info info info info info info info info info info info info info info info info info info info info info info info info info info info info info info info info info info info info info info info info info info info info info info info info info info info info info
"We collect the content and other information that you provide when you use our Services, including when you sign up for an account.","असाने कंटैंट अंउ सूचना ईककठी कईसे जे कि ताने असाखे डिनव सूचना असांजि सर्विस खे वापरे, अंउ जेमल तां अकाउंट खोलंदा आयो।","eng contents and information unit that you use as well as the dinov information assignment service, and an account was opened."
"You may, however, choose not to share personal data where providing the data is optional.",तां तेमल डाटा शायद नथा भरे सिघो जेमल लिखयल हुजे डाटा आप्शनल आ।,"eng data mungkin tidak ada lagi, tapi data yang ditulis oleh sigho gemal itu opsional."
Tracking of services to the end beneficiary at a click of a button.,सर्विस डिसण आऊं आखरी में लाभकारी बटण ते क्लिक करण।,eng.exe - Click the Beneficial button at the end.
"Services like Take Home Ration (THR) and Hot cooked Meal (HCM), vaccination for Infants and Pregnant Women","सर्विस जिंय टैक होम राशन (THR) आऊं हाट कुक मिल (HCM), टिकाकरण बारण आऊं पेटअ वारी माई जो"," Services including talksd home ration (THR) and hot cooking mill (HCM), vaccination barran and peta bari mai joe"
"New Poshan Tracker App (13 January, 2021)","नईं पोषण ट्रेकर एप (13 जनवरी, 2021)"," The new Nutrition Tracker app (which is the new nutrition tracker app) (which is the new nutrition tracker app) (which is the new nutrition tracker app) (which is the new nutrition tracker app) (which is the new nutrition tracker app) (which is the new nutrition tracker app) (which is the new nutrition tracker app) (which is the new nutrition tracker app) (which is the new nutrition tracker app) (which is the new nutrition tracker app) (which is the new nutrition tracker app) (which is the newest app of January 13, 2021)"
Preventing illnesses to avert Malnutrition and Death,कुपोषण आऊं मौत खे खत्म करण जे लाये बीमारिन्न जी रोकथाम,engekerjaanterminacion de la desnutrición y la muerte que trae enfermedades y prevención de las enfermedades
Scan the QR Code to Download the App,ऐप डाउनलोड करण जे लाये क्यूआर कोड खे स्कैन कयो,eng app downloading that brought you QR code to scan how
Pregnant women who received Take Home Ration (THR),टेक होम राशन (THR) प्राप्त करण वारी पेटअ वारी माइयुं,engengengengengengengengengengengengengengengengengengengengengengengengengengengengengengengengengengengengengengengengengengengengengengengengengengengengengengengengengengengengengengengengengengengengengengengengengengengengengengengengengengengengengengengengengengengengengengengengengengengengengengengengengengengengengengengengengengengengengengengengengengengengengengengengengengengengengengengengengengengengengengengengengengengengengengengengengengengengengengengengengengengengengengengengengengengengengengengengengengengengengengengengengengengengengengengengengengengengengengeng
General Awareness on SAM and MAM,वहींवारी जागरूकता SAM आऊं MAM जी,eng awareness SAM and MAM gsd
"App can be accessed offline, currently daily tracking feature is available for offline data entry.Offline mode can store latest 3 days data.","न, ही एप सही इंटरनेट कनेक्शन खां सिवाय कम न कंदी.","eng, aplikasi ini tidak kurang baik kecuali koneksi internet yang benar."
These organizations will not use the APIs/ No-code webpage integration to encourage or promote illegal activity or violation of third-party rights including these Terms with Poshan Tracker.,इह संसथाऊं पोशन ट्रैकर सां गड्ड हिन् शरतुं सहित अवैध गतिविधि या ट्रीं दुरी जे हक्कन जे उल्लंघन खे हयांरी डेयन या बढावो डेयन जे लाये एपीआई/नो-कोड वेबपेज एकीकरण जो इस्तेमाल न कंदीयूँ।," This is an institutional position tracker that allows for illegal activity or tree removal, including illegal activity or tree removal, which may violate the rights of users or enhance the rights of users, which may bring in API/no-code webpage integration that is not used by users."
"Pregnant Women, Lactating Mothers, Children from 6 months to 3 years and adolescent girls.","पेटअ वारी माई, ढुक्क डेयन माई, बार 6 महिनन खा 3 साल ताई आऊं किशोरी छोकरूयु।",engengengengengengengengengengengengengengengengengengengengengengengengengengengengengengengengengengengengengengengengengengengengengengengengengengengengengengengengengengengengengengengengengengengengengengengengengengengengengengengengengengengengengengengengengengengengengengengengengengengengengengengengengengengengengengengengengengengengengengengengengengengengengengengengengengengengengengengengengengengengengengengengengengengengengengengengengengengengengengengengengengengengengengengengengengengengengengengengengengengengengengengengengengengengengengengengengengengengengengeng
"New Poshan Tracker App : CSC-SPV Nodal Person (02 February, 2021)","नईं पोषण ट्रेकर एप : सीएससी-एसपीवी नोडल शख्स (02 फरवरी, 2021)","eng new nutrition tracker app: CSC-SPV nodal person (02 February, 2021)"
An AWW can use ‘Migrate Beneficiary’ option to migrate a beneficiary from one AWC to another AWC basis their Aadhaar number.,छा AWW खे माइग्रेंट लाभकारी आप्शन इस्तमाल करे ता सघयु ताकी माइग्रेंट लाभकारी हिकAWC खा बे AWC खे डई सघयु आधार नंबर जे द्वारा।,eng AWW khem migrante profit option using ta saghyusd tak tak migrante profit hickAWC khem and AWC khem dai saghyu base number J by.
A beneficiary is eligible for HCM for at least 21 days in a month.,हिक लाभकारी योग्य आए HCM लाए घट में घट महिने जे 21 डियन लाए।,eng gained HCM brought in a decrease in the decrease in months which brought 21 dions.
ABHA (Health ID) and its Benefits,ABHA (तंदुरुस्ती आईडी) आऊं हुनजा फायदा,eng ABHA (fitness ID) and Hunza benefit
"We'ar sorry, the page you requested could not be found.",असां माजरत कयूं था।जहिं पेज जे लाए तवहाँ वेंती कई उहो मिली न सघियो.,eng.Page you brought to you.Venti many were also never found.
Dadra & Nagar Haveli - Daman & Diu,दादरा एं नगर हवेली - दमन एं दियू, Dadra En Nagar Mansion - Daman En Theidu
Download Mobile App from Play Store,प्ले स्टोर खों मोबाइल ऐप डाउनलोड कयो, The Play Store is a mobile app that is downloaded from the Play Store.
"Further, whenever you change or access your account on the System or any information relating to it, we offer the use of a secure server.",अउ असा ताखे सचेत करदा रईनदा से ताकि ता गलत उपयोग न कयो अंउ धोखाधडी खा बचया रहयो।,"eng, dan memperingatkan Rinada agar tidak terjadi penyalahgunaan dan penipuan."
General Awareness on the Delivery of the child,वहींवारी जागरूकता बार खे पैदा करण जी," While at the same time, awareness bar Keshdjanarjanji"
"We also use the data to operate our services, which includes analyzing our performance, meeting our legal obligations, developing our workforce, and doing research.","असा हिन सूचना खे असांजी सर्विस जे लाए इस्तेमाल करण, एनेलाईज, प्रदर्शन, डेवलपमेंट, वर्क फोर्स,अंउ रिसर्च करण लाए।"," This information is provided by the Asanji Service which brought usages, analyses, performance, development, workforce, and research."
Where can I enquire about Hot Cooked Meal?,छा मां पुछि ती सिघा गर्म ठयल रोटी जे बारे मे?,eng asked about that one hot roll bread about?
"The Site may contain links to other websites that may not be owned, maintained, or operated by us.","साइट में बे वेबसाइटुन जा लिंक थी सगंदा आहेन जैका असांजा पेंजा, रखरखाव या काम कंदन न थी सगंदा आहेन।","eng website linking to the site was always there. jack asanza pajamas, maintenance or work was never there."
"The fact that these websites are linked, does not indicate any endorsement of these websites from us, since we do have any control over these websites.","माने कि ये वेबसाइटअ जुडैल आहेन, हिन्ह वेबसाइटुन खे केडो भी समर्थन जो इशारो नथ्था डियुं छोकरे इह वेबसाइटुन जे मथ्थां असांजो कोई भी हक्क काने।","eng website ini.Seperti website ini tidak terhubung, mereka tidak akan memberikan dukungan apapun yang tidak menunjukkan kebenaran dari website ini."
We are not responsible for these websites including any content or the privacy practices of these websites.,अस्सा हिन् वेबसाइटुन जी कोई भी सामग्री या गोपनीयता प्रथायूँ सा गड्ड हिन् वेबसाइटुन लाये जिम्मेदार नायउँ।," ""We are not responsible for any content or privacy practices that are brought from our website."
We strongly encourage you to familiarize yourself with the terms of use of these websites.,अस्सां तवांखे हिन वेबसाइटुन जे इस्तेमाल जी शर्तूं सां परिचित करायन लाये मजबूती सां हंयारी ता डीयुं।,eng website yang digunakan untuk memperkenalkan syarat dan ketentuan yang berlaku.
Your use of these websites is at your own risk and peril.,हिन् वेबसाइटुन जो तवान्जो इस्तेमाल तवांजे पेँजे जोखिम और फैसले जे मथ्थों आहे।,"eng website, Joe Tavansdjo uses unreasonable pennies about risk and decisions that are unreasonable."
In how many languages AWW can enter the data while filling up the form?,फॉर्म भरण वक्त आंगनवाडी कम कंदड या आंगनवाडी मरकज केतरियुन बो॒लियुन में डाटा दाखिल करे सघ॒न था?,engwaddy commanded or had angangwaddy center katriun bollion file data at the time of filing the form?
Children who are identified as deficit on nutrition are eligible for additional food supplements.,बार जेका कुपोषित आएन उवे अतिरिक्त पूरी रोटी जे योग्य आ एन।,eng.org - The bar to which malnourished come owe extra whole bread which is suitable and suitable.
An underweight person is a person whose body weight is considered too low to be healthy,घट वजन वारो इन्सान उवो हुंदो आ जेंजो वजन डाडो घट हुजे सेहत सही हुजण लाए,engro weight loss many people have grown up and jengo weight loss has increased health has brought about better health
When and how to use MPIN?,एमपिन खे कद॒हिं एं कियें इस्तेमाल कजे?, How do you use your mpin?
Ensuring that complementary feeding improves over time,इहो पक्को करण कि टाइम सां इजाफे वारे खादे में सुधार थे," ""Safari"" ""Safari"" ""Safari"" ""Safari"" ""Safari"" ""Safari"" ""Safari"" ""Safari"" ""Safari"" ""Safari"" ""Safari"" ""Safari"" ""Safari"" ""Safari"" ""Safari"" ""Safari"" ""Safari"" ""Safari"" ""Safari"" ""Safari"" ""Safari"" ""Safari"" ""Safari"" ""Safari"" ""Safari"" ""Safari"" ""Safari"" ""Safari"" ""Safari"" ""Safari"" ""Safari"" ""Safari"" ""Safari"" ""Safari"" ""Safari"" ""Safari"" ""Safari"" ""Safari"" ""Safari"" """
Using ABHA (Health ID) is the first step towards creating safer and efficient digital health records for you and your family.,ABHA हिक पेंरयो कदम ता ठांयु जेंखे इस्तेमाल करे असा सुरक्षित अंउ सुठो डिजिटल सिहत खे दाखिल तां कयुं पांजे अंउ पांजे परिवार लाए।,engengengengengengengengengengengengengengengengengengengengengengengengengengengengengengengengengengengengengengengengengengengengengengengengengengengengengengengengengengengengengengengengengengengengengengengengengengengengengengengengengengengengengengengengengengengengengengengengengengengengengengengengengengengengengengengengengengengengengengengengengengengengengengengengengengengengengengengengengengengengengengengengengengengengengengengengengengengengengengengengengengengengengengengengengengengengengengengengengengengengengengengengengengengengengengengengengengengengengengeng
ABHA (earlier known as Health ID) is an acronym for Ayushman Bharat Health Account.,ABHA (पिहरया जेखे सिहत आईडी चईंदा हुया ) हिंजो पुरो नालो आयुष्मान भारत हेल्थ अकाउंट आहे।, ABHA (Pihraya Jeke Sitha ID Chayinda Huya) is a Hindu Puro Nalo Ayushman Bharat health account.
AWW/AWCs can only be added by nodal level official.Anybody in the above rank in the hierarchy.,"आंगनवाडी कम कंदड/आंगनवाडी मरकज खे फकत नोडल सतह जे ऑफिसरनु पारां जोडे सघ॒जे थो.कोई बि जेको मथे दि॒नल उहदे में दि॒नल आहे.जियें त राष्ट्रीय सतह जो यूजर राज्य, जिल्ला, प्रोजेक्ट एं सेक्टर सतह जे यूजर खे क्रिएट करे सघे॒ थो.राज्य सतह जो जिल्ला, प्रोजेक्ट एं सेक्टर सतह जे यूजर खे क्रिएट करे सघे॒ थो.जिल्ला सतह जो यूजर प्रोजेक्ट एं सेक्टर सतह जे यूजर खे क्रिएट करे सघे॒ थो.प्रोजेक्ट सतह जो यूजर सेक्टर सतह जे यूजर खे क्रिएट करे सघे॒ थो.","engwani low knod/angangwanwadi centerge khekhak nodal surface which is the official pair pair pair paired with a few b.no b. which is the dental surface in the dental unit.this is the national surface which is the user state, district, project an sector surface which is the user created.this is the national surface which is the user state, district, project an sector surface which is the user created.this is the angel surface which is the user project surface surface which is the user's surface.this is the project surface which is the user sector surface which is the user created.this is the project surface which is the user sector surface which is the user created.this is the project surface which is the user sector surface which is the user created.this is the project surface which is the user's surface which is the user created.this is the project surface which is the user"
Where can I enquire about take home ration?,किथे वनी मा घर जे राशन लाए पुछि ती सिगा?,eng.org/gmail/gmail/gmail/gmail/gmail/gmail/gmail/gmail/gmail/gmail/gmail/gmail/gmail/gmail/gmail/gmail/gmail/gmail/gmail/gmail/gmail/gmail/gmail/gmail/gmail/gmail/gmail/gmail/gmail/gmail/gmail/gmail/gmail/gmail/gmail/gmail/gmail/gmail/gmail/gmail/gmail/gmail/gmail/gmail/gmail/gmail/gmail/gmail/gmail/gmail/gmail/gmail/gmail/gmail/gmail/gmail/gmail/gmail/gmail/gmail/gmail/gmail/gmail/
We use the information we collect from all our services for the following purposes:,असांजी सर्विस द्वारा इकट्ठी सूचना खे असा कुछ हिन प्रकार सा इस्तेमाल कंदा आयुः, Information collected by the Ashanti Service is used by some of the following:
Identification & Referral of Sick Newborn,बीमार जायल बार जी पहचान आऊं रेफरल," When you get sick, you get a referral."
 XIV. CORRECTNESS OF DATA PROVIDED BY THIRD PARTY SYSTEMS, XIV. ट्रीं दुरी तरतीब द्वारा डिनायल डेटा जी दुस्र्स्ती,eng. XIV. Denial data g.d. by tree distances order
Who is eligible for Take Home Ration?,केर घर जो राशन वठण जे योग्य आ?,eng.co.id - Rumah sakit yang mana?
Supporting mothers with issues in Breastfeeding,ढुक्क डेयन में तकलीफ महसूस करण वारी माउन जी मदद करण,eng diane feeling pain in wary moon ji helpsd
"The proposed system should enable real-time monitoring and tracking of all AWCs, AWWs and beneficiaries on the defined indicators.","मंजूर कयल सिस्टम मुकरर कयल पैमाने ते सभिनी आंगनवाडी मरकजनु, आंगनवाडी कम कंदडनु एं बेनेफिशरयुन जी रियल टाइम निगरानी एं ट्रेकिंग करण जी इख्तियारी दीं॒दो.","engadeni.com - The approved system has been implemented in a scale that all of them are Anganwadi centers, Anganwadi com mandadenu en benefisariyun g real time monitoring en tracking karan g option diindu."
Above standards are defined as per given above mentioned age brackets,मथे डिनल उम्र बरेकेट मथे स्टेंडर्ड वारा,engengengengengengengengengengengengengengengengengengengengengengengengengengengengengengengengengengengengengengengengengengengengengengengengengengengengengengengengengengengengengengengengengengengengengengengengengengengengengengengengengengengengengengengengengengengengengengengengengengengengengengengengengengengengengengengengengengengengengengengengengengengengengengengengengengengengengengengengengengengengengengengengengengengengengengengengengengengengengengengengengengengengengengengengengengengengengengengengengengengengengengengengengengengengengengengengengengengengengengeng
"If a person is underweight, their body may not be getting the nutrients it needs to build healthy bones, skin and hair","अगर माणु घट वजन वारो आ तो उनजे शरीर खे सही सा पोषण न मिलदो आऊं उनखे मजबूत हडडयु, वार,चमडी ठायण जी जरूरत पयीनदस","eng, dan men lose weight, then their bodies lose proper nutrition and they need strong bones, war, skin, and strength."
"It enables your interaction with participating healthcare providers, and allows you to receive your digital lab reports, prescriptions and diagnosis seamlessly from verified healthcare professionals and health service providers.","ईयो इनमे भाग वठण सा गड्-गड् सिहत जो ध्यान रखंण वारन सा गालाएणं जे लायक ठाईंदो आ अंउ असांखें डिजिटल लैब रिपोर्ट भी मिलंदी, मर्ज जी सुज्ञाणप करण जो तरीको मिलदो आहे सुठे अंउ काबिल सिहत जो ध्यान रखंण वारन खा।",engengengengengengengengengengengengengengengengengengengengengengengengengengengengengengengengengengengengengengengengengengengengengengengengengengengengengengengengengengengengengengengengengengengengengengengengengengengengengengengengengengengengengengengengengengengengengengengengengengengengengengengengengengengengengengengengengengengengengengengengengengengengengengengengengengengengengengengengengengengengengengengengengengengengengengengengengengengengengengengengengengengengengengengengengengengengengengengengengengengengengengengengengengengengengengengengengengengengengengeng
Our System provides API to Third – Party Sites that may collect your personal information.,असां API थरड पार्टी खे डिन्डा आयुन जेसा उवे तांजी पर्सनल सूचना कडि ता सिंघन।,engengengengengengengengengengengengengengengengengengengengengengengengengengengengengengengengengengengengengengengengengengengengengengengengengengengengengengengengengengengengengengengengengengengengengengengengengengengengengengengengengengengengengengengengengengengengengengengengengengengengengengengengengengengengengengengengengengengengengengengengengengengengengengengengengengengengengengengengengengengengengengengengengengengengengengengengengengengengengengengengengengengengengengengengengengengengengengengengengengengengengengengengengengengengengengengengengengengengengengeng
Poshan Tracker is not in any manner responsible for the security of such information or their privacy practices or content of those Third – Party Sites.,पोषण ट्रैकर ऐडी जानकारी या हुनजी गोपनीयता बुखारीण या हुन ट्रीं दुरिन जि साइटुन जे कॉन्टेंट जी हिफाजती लाये केडे भी तरह सां जिम्मेदार न आये।,/Nutrition Tracker Adds Information or Hunji Privacy Fever or Hun Trin Durin Ji Siteun who brought the content to protect it did not come under any liability.
These third-party service providers and Third-Party Sites may have their own privacy policies governing the storage and retention of your information that you may be subject to.,"हिन ट्रीं दुरिन जी सेवा डेयन वारा आऊं ट्रीं दुरिन जि साइटुन जी पेंजी गोपनीयता बुखारीण थी सगंदी आहेन जो तवान्जी जानकारी खे पाण वठ रखें आऊं हुनजी इख्तेयारी भी करे ती सगेन, जेंजा तवां अधीन थी सगंदा आयो।",engengengengengengengengengengengengengengengengengengengengengengengengengengengengengengengengengengengengengengengengengengengengengengengengengengengengengengengengengengengengengengengengengengengengengengengengengengengengengengengengengengengengengengengengengengengengengengengengengengengengengengengengengengengengengengengengengengengengengengengengengengengengengengengengengengengengengengengengengengengengengengengengengengengengengengengengengengengengengengengengengengengengengengengengengengengengengengengengengengengengengengengengengengengengengengengengengengengengengengeng
"This Privacy Policy does not govern any information provided to, stored on, or used by these third-party providers and Third-Party Sites.",तांजी हिय गोपनीयता नीति ट्रीं दुरिन खे न डिनि वेनदी अंउ उवे इस्तेमाल नथा करे सिघन पांजी साइड ते या सर्विस जे लाए।,engengengengengengengengengengengengengengengengengengengengengengengengengengengengengengengengengengengengengengengengengengengengengengengengengengengengengengengengengengengengengengengengengengengengengengengengengengengengengengengengengengengengengengengengengengengengengengengengengengengengengengengengengengengengengengengengengengengengengengengengengengengengengengengengengengengengengengengengengengengengengengengengengengengengengengengengengengengengengengengengengengengengengengengengengengengengengengengengengengengengengengengengengengengengengengengengengengengengengengeng
"We recommend that when you enter a Third-Party Site, you review the Third Party Site’s privacy policy as it relates to safeguarding of your information.",असा ताखे बुधायण ता चायु त जेमल तां ट्रीं दुरिन जी साइड ते वेनदव त गोपनीयता नीति डिसी वठजो पांजी अकाउंट जी सुरक्षा लाए।,engengengengengengengengengengengengengengengengengengengengengengengengengengengengengengengengengengengengengengengengengengengengengengengengengengengengengengengengengengengengengengengengengengengengengengengengengengengengengengengengengengengengengengengengengengengengengengengengengengengengengengengengengengengengengengengengengengengengengengengengengengengengengengengengengengengengengengengengengengengengengengengengengengengengengengengengengengengengengengengengengengengengengengengengengengengengengengengengengengengengengengengengengengengengengengengengengengengengengengeng
You agree and acknowledge that Poshan Tracker will not be liable for the information published in search results or by any Third-Party Sites.,तांखे हिय स्वीकृति करणी पईंनदी की तांजी विधल ट्रीं दुरिन जी साइड ते सूचना लाए असा जिम्मेदार न हुनदासे।," ""The Copper Acceptance"" does not take responsibility for bringing the information to the Tanji Vidal Tree of the Panjri."
Your Reference ID (Mobile number) will only be co-related with your personal information in order to communicate to you through SMS as per the clause 1 above.,मथ्थे डिनायल खंड 1 जे हिसाब सां एसएमएस जे तौर सां तवांसआं गालायन जे लाये तवानजी रिफरेन्स आईडी (मोबाइल नंबर) केवल तवान्जी निजी जानकारी सां गड-जुडैल हूंदी।,eng.Matthethe Denaial Volume 1 J. According to SMS J as Twanans and Galyan J. Bringing Twanji Reference ID (Mobile Number) only Twanji personal information Sang Gud-Judyal is.
Bacillus Calmette Guerin (BCG)Oral Polio Vaccine (OPV)-0 dose Hepatitis B birth dose OPV-1 T,बेकिलस केलमिटी गेरिन (BCG)ओरल पोलियो वैक्सीन (OPV)-0 डोस हेपाटिटिस बी बर्थ डोस OPV-1 T,/Bacillus calmity gerin (BCG)Oral polio vaccine (OPV)-0 dose of hepatitis B b.Bsd dose of OPV-1 T
"The information collected under Clause 1, shall be used for the purpose of facilitating the health of the beneficiaries.",खंड 1 जे तहत जमा करैल जानकारी जो इस्तेमाल हितकारिण जी सिहत खे सुख्यो ठायण जे मकसद लाये कयो वेंदो।,eng 1st section of the J collection of information that is used to help the beneficiary to achieve the purpose for which it is used.
"We provide our products, which includes updating, securing, and troubleshooting the information/data/ materials and contents of the System, as well as providing support.","असा ताखे प्रोडक्ट डयण लाए,एप सर्विस जी अपडेट, सुविधा, सुरक्षा, डाटा, मटेरियल, कंटेंट अंउ गड गड सहारो भी डिनडा आयुन।"," The company has introduced similar products like App Service G Update, Feasibility, Security, Data, Materials, Content on God God Sahara, and also Dinda Ayun."
"When you register on Poshan Tracker, the Mobile number with which you registered, will be used to locate your record from the database.",जेमल तां रजिस्टर कंदा आयो मोबाईल नम्बर सा तेमल तांजो मोबाईल नम्बर असा रजिस्टर कंदा आयु तांजो रिकार्ड रखण लाए।,engerd.com - Jemal Tan Register Kanda Ay Ayyo Mobile Number Sa Temal Tanjo Mobile Number Asa Register Kanda Ayyo Tanjo brought to keep a record.
These can also be used to assess the health status as recorded in the Poshan Tracker system.,हिनजो इस्तेमाल पोशन ट्रैकर बुखारीण में दर्ज सिहत जो स्तर जो अंदाजों लगायण लाये भि करे सगंदा आयुं।,eng.org Hinzo uses a posture tracker fever recorded in the fever that brings the levels that bring the estimates to life.
Training on ICT Platform under POSHAN Abhiyaan,पृशिक्षण करण ICT प्लेटफार्म ते पोषण अभियान जे हलदे,engerd ICT platform and nutrition campaign by J. Halde
"Know more about stunting, wasting and underweight","स्टंटिंग, वेस्टिंग आऊं गठ वजन जे बारे में वधीक जाण्यो","eng, ngebut, dan berat badan yang sering dibilang"
What information to be added in AWC forms?,आंगनवाडी मरकज फॉर्म में कहिडी जा॒ण जोडी वञन घुरजे?,engwadge center form of any kind of couples want to go?
How to revive your health if you are Moderately Wasted (MAM),किंय वापस पाए ता सघु सिहत संतुलित विनायल ग्रोथ (MAM),engue.org - How to get back to the Shaghu Sidhat Balanced Vinyl Growth (MAM)
AWC Workers Registered In Last 30 Days,पोंयनु 30 दि॒हंनु में रजिस्टर थियल आंगनवाडी मरकज कारकुन,engandu 30 dinhannu register thial anganwadi markaz karkun
Click on above button to get this App,हिन एप खे हासिल करण जे लाये मथे दि॒नल बटण ते क्लिक कयो,"eng.exe - To access their app, which brings you the Database button and click on it."
Beneficiaries Registered In Last 30 Days,पोंयनु 30 दि॒हंनु में रजिस्टर थियल आंगनवाडी मरकज,engandu 30 dinhenu register thial anganwadi marj
Specifications of Smart phone and Technical Compatibility Testing,विनिर्देश स्मार्टफोन जो आऊं तकनिकी अनुकुलता जो परिक्षण करण,engsmartphone yang memiliki spesifikasi dan kompatibilitas teknologi yang melakukan pengujian
Preparation During Pregnancy - For NewBorn Care & Family Planning,पेटअ सां हुजैन मैल जी तैयारी - जायल बार जी देखभाल आऊं फॅमिली प्लानिंग जे लाये, Petah San Hussain Mal Ji Preparation - Jail Bar Ji Care and Family Planning Jaye
Stunting is the impaired growth and development that children experience from poor nutrition,स्टंट ग्रोथ आऊं डेवलपमेंट लाए सुठो न हुनदो आ जेसा बार कुपोषित रहजी वेदों आ,eng tubuh dan perkembangan membawa sutho na hundo a jesa bar kekurangan gizi rahsd veda a
Children in the age group of 3 years to 6 years,बार देखा 3 सल खा 6 सालन जा आएन,eng 3 sal khsd 6 tahun lalu
What is the eligibility of a beneficiary?,छा आए लाभकारी जी पात्रता?,"eng.co.id ""Game of Thrones"" - Who are the beneficiaries of Game of Thrones?"
Who are the target userbase of Poshan Tracker App?,पोषण ट्रेकर एप जा मक्सदी वापराइंदड केर आहिन?,eng.co.id - Nutrition Tracker app jazd maxdi is used by userindad ker ahin?
"It often indicates recent and severe weight loss, although it can also persist for a long time","इयो डिखाईंदो आ हाणे आऊं गंभीर घट वजन, ईयो दृढ संकल्प सा लम्बे टाईम मे पाए ता सघयु",engengengengengengengengengengengengengengengengengengengengengengengengengengengengengengengengengengengengengengengengengengengengengengengengengengengengengengengengengengengengengengengengengengengengengengengengengengengengengengengengengengengengengengengengengengengengengengengengengengengengengengengengengengengengengengengengengengengengengengengengengengengengengengengengengengengengengengengengengengengengengengengengengengengengengengengengengengengengengengengengengengengengengengengengengengengengengengengengengengengengengengengengengengengengengengengengengengengengengengeng
What is the minimum requirement to install Poshan Tracker App in mobile?,मोबाईल में पोषण ट्रेकर एप इंस्टाल करण जे लाए घटु में घटु घुरज छा आहे?,eng.co.id - Installing a Nutrition Tracker app on your mobile that brings you down?
You will only access (or attempt to access) the Site by the means described in the Documentation and will comply with the terms and conditions of this Agreement.,तवां केवल दस्तावेजीकरण में डिनायल माध्यमन्न सां साइट ताईं पहुंच (या एक्सेस करण जी कोशिश) कंदो आऊं हिन अग्रीमेंट जे नियमन आऊं शरतुं जो पालन कंदो।, You only have access (or access to) the site through the documentation of the documents and their agreements that regulate and comply with the rules and regulations.
"You will comply with all Central and State laws, rules and regulations applicable to you and your use of the Site and affecting any third-party rights.","तावान सभी केंद्रीय आऊं राज्य जे कानूनन, नियमन आऊं विनियमन जो पालन कंदो जो तवांजे आऊं साइट जे तवांजे इस्तेमाल जे मथ्थों लागू थेयंदा आहेन आऊं केडी भी ट्रीं दुरी जे हक्कण जे मथ्थों असर कंदी आहे।",engengengengengengengengengengengengengengengengengengengengengengengengengengengengengengengengengengengengengengengengengengengengengengengengengengengengengengengengengengengengengengengengengengengengengengengengengengengengengengengengengengengengengengengengengengengengengengengengengengengengengengengengengengengengengengengengengengengengengengengengengengengengengengengengengengengengengengengengengengengengengengengengengengengengengengengengengengengengengengengengengengengengengengengengengengengengengengengengengengengengengengengengengengengengengengengengengengengengengengeng
You can participate in Swastha Balak Balika Spardha by registering through the website https://poshantracker.,You can participate in Swastha Balak Balika Spardha by registering through the website https://poshantracker.,eng.org - You can participate in Swastha Balak Balika Spardha by registering through the website https://poshantracker.
in or by downloading ‘Poshan Tracker’ App from Google Play Store.,in or by downloading 'Poshan Tracker' App from Google Play Store.,eng in or by downloading 'Poshan Tracker' App from Google Play Store.
Clarification regarding Cost of Smart phones,स्पष्ट करण स्मार्टफोन जो अघ,eng smartphone yang sudah diupdate
Measles Containing vaccine (MCV)/Measles & Rubella (MR)-1Japanese Encephalitis(JE)-1**PCV-Booster,मिसलेस कनटेनिंग वेक्सिन(MCV)/मिसलेस आऊं रूबेला (MR)-1जापानिस इन्सेफेलाइटिस(JE)-1**PCV-बूस्टर,engengengengengengengengengengengengengengengengengengengengengengengengengengengengengengengengengengengengengengengengengengengengengengengengengengengengengengengengengengengengengengengengengengengengengengengengengengengengengengengengengengengengengengengengengengengengengengengengengengengengengengengengengengengengengengengengengengengengengengengengengengengengengengengengengengengengengengengengengengengengengengengengengengengengengengengengengengengengengengengengengengengengengengengengengengengengengengengengengengengengengengengengengengengengengengengengengengengengengengeng
Mobile number need to be validated within a week,मोबाईल नम्बर जे साबित करणो पवंदो हिक हफिते में, The mobile number that proves that is available in the country.
Currently a beneficiary can register by the help of an AWW,हाणे जे लाए लाभकारी रजिस्ट्रेशन करे ता सघयु AWW जी मदद सा,"eng, yang membawa keuntungan untuk mendaftarkan diri, bersekutu AWW gsd bantuan"
Awareness for Lactating Mother Complimentary Feeding for Children,जागरूकता हुजे मां मे बार खे छाति मा सुठे सा खिर पियाण जी,eng.org - Awareness is raised in the mother's heart. - Mama may bar खे छाती मा सुठे सा खिर पियाण जी.
New Poshan Tracker App - CSC-SPV Nodal Person,नयो पोषण टे्कर एप- CSC-SPV नोडल माणु, The new nutrition tester app- CSC-SPV node atom is a new nutrition tester app- CSC-SPV node atom is a node atom.
1.1. Information you provide to us.,1.1. सूचना जेकि ता असाखे डिनव।,eng.1.1 Notification that this is a DINV.
How can one access Poshan Tracker Dashboard?,पोषण ट्रेकर डेशबोर्ड ते कियें पहुंच्यो वञे?, Kepiye carane nutrition tracker dashboard lanjutake?
Prevention of Anemia in children and adolescents girls,नंडे बारण आऊं जवान छोकरिन में एनीमिया जी रोकथाम, Nandé Barran and the younger child are preventing anaemia in younger children.
Gangarampur Addl. I. C. D. S Project,गंगारामपुर धार  आई. सी. डी. ऐस. प्रोजेक्ट,engarampur धारsd icd as project
Can a beneficiary register directly using application.,छा अप्लिकेशन खे डायरेक्टलि इस्तमाल करें फायदेमंद रजिस्ट्रेशन करे ता सचमुच।,eng aplikasi langsung pake aplikasi yang bermanfaat buat pendaftaran secara harfiah.
Weight should be between 0.90 to 58,वजन 0.90 खां 58 जे मंझ हुअणो खपे, Weight 0.90 kg 58 J Mz Huano Kpsd
We own the intellectual property rights in the Site and Content.,अस्सां साइट आऊं सामग्री में बौद्धिक संपदा अधिकारन जा मालिक आऊं।, We own intellectual property rights in our site and content.
We may change the Content and features of the Site at any time.,अस्सां कैडी भि मैल साइट जी सामग्री आऊं सुविधाउन खे बदले सगू था।, Assan Kaddi V Mail Site G Content and Features was a Sago in exchange for the content and features.
"The registered and unregistered trademarks, logos, and service marks displayed on the Site are owned by us or our licensors.","साइट ते डिस्प्ले थींदा पंजीकृत आऊं अपंजीकृत ट्रेडमार्क, लोगो आऊं सेवा चिह्न असांजा या असांजे लाइसेंसकर्ताउन जी मिलकियत आहेन।"," The site and display are registered and unregistered trademarks, logos and service marks of the licensor who is the owner of the license."
"You may not use our trademarks, logos, and service marks in any way without our prior written permission.","तवां असांजी पहना खां लिखैल इजाजत जे बिना केडे भी तरह सां असांजे ट्रेडमार्क, लोगो आऊं सेवा चिह्नन जो इस्तेमाल न करे सगंदा आयो।"," You are wearing a pencil license that comes with no one else's San San Jose trademark, logo and service mark that you don't use."
Material featured on this website may be reproduced free of charge.,इन्ह वेबसाइट ते प्रदर्शित सामग्री खे निःशुल्क पुनः प्रस्तुत करे सगंदा आयो।,eng website and displayed content for free.
"Wherever the material is being published or issued to others, the source must be prominently acknowledged.","जित्ते-किथे भी सामग्री प्रकाशित या बेयन खे जारी की वेंदी, स्रोत जे प्रमुखता सां मनी वेंदी।",engengengengengengengengengengengengengengengengengengengengengengengengengengengengengengengengengengengengengengengengengengengengengengengengengengengengengengengengengengengengengengengengengengengengengengengengengengengengengengengengengengengengengengengengengengengengengengengengengengengengengengengengengengengengengengengengengengengengengengengengengengengengengengengengengengengengengengengengengengengengengengengengengengengengengengengengengengengengengengengengengengengengengengengengengengengengengengengengengengengengengengengengengengengengengengengengengengengengengengeng
"However, the permission to reproduce this material shall not extend to any material which is identified as being copyright of a third party.","हालांकि, इन्ह सामग्री खे पुनः पेश करण जी इजाजत केडी भीएडी सामग्री ताईं विस्तारित न थींदी जैकी केडी ट्रीं दुरी जे कॉपीराइट जे रूप में पहचानन वेंदी आये।","eng, izin untuk mereproduksi bahan ini tidak diperluas ke bahan vedio, tapi sudah terhapus hak cipta dan pengenalan sebagai bahannya."
The Poshan Tracker is a job-aid to the Anganwadi worker for efficient delivery of services along with reflection of their efforts.,पोषण टे्कर हिक एप आ जे को आंगनवाडी कार्यकर्ता खे कम भी डिनडो आ ताकी उव पानी मेहनत सा तां ताई सर्विस डे सुठि।,engwaddy worker kh kh kh kh kh kh kh kh kh kh kh kh kh kh kh kh kh kh kh kh kh kh kh kh kh kh kh kh kh kh kh kh kh kh kh kh kh kh kh kh kh kh kh kh kh kh kh kh kh kh kh kh kh kh kh kh kh kh kh kh kh kh kh kh kh kh kh kh kh kh kh kh kh kh kh kh kh kh kh kh kh kh kh kh kh kh kh kh kh kh kh kh kh kh kh kh kh kh kh kh kh kh kh kh kh kh kh kh kh kh kh kh kh kh kh kh kh kh kh kh kh kh kh kh kh kh kh kh kh kh kh kh kh kh kh kh kh kh kh kh kh kh kh kh kh kh kh kh kh kh kh kh kh kh kh kh kh kh kh kh kh kh kh kh kh kh kh kh kh kh kh kh kh kh kh kh kh kh kh kh kh kh kh kh kh kh kh kh kh kh kh kh kh kh
It is a critical and beneficiary-centric service delivery Application under POSHAN Abhiyaan which will promote real time data with analytics,हियो हिक फायदेमंद आंगनवाडी कार्यकर्ता जी डिलीवरी सर्विस पहुंचाईं दो पोषण अभियान जे तहत,"engadehek.com - HIO HICK, a beneficial Anganwadi worker, has delivered GSD delivery service to two nutrition campaigns under which"
Please enter valid Date of Birth,किरपा सही जन्म तारीख विजो,engalukupa true birth date vizossd
Who is eligible for additional supplementary food?,केर अतिरिक्त पूरी रोटी जे योग्य आ?,engekekekekekekekekekekekekekekekekekekekekekekekekekekekekekekekekekekekekekekekekekekekekekekekekekekekekekekekekekekekekekekekekekekekekekekekekekekekekekekekekekekekekekekekekekekekekekekekekekekekekekekekekekekekekekekekekekekekekekekekekekekekekekekekekekekekekekekekekekekekekekekekekekekekekekekekekekekekekekekekekekekekekekekekekekekekekekekekekekekekekekekekekekekekekekekekekekekekekekek
"We reserve the unconditional right to change, modify, add, or remove any part of these Terms at any time, without specifically notifying you of such changes.","अस्सां तवांखे ऐडे बद्लावन जे बारे में विशेष रूप सां बुदाये बगैर, केडे भी मैल हिन शरतुं जो कोई भि हिस्सों बदले, मटे, वधीक करण या हटायन जो हक्क पाण वठ रखूँ ता।",engengengengengengengengengengengengengengengengengengengengengengengengengengengengengengengengengengengengengengengengengengengengengengengengengengengengengengengengengengengengengengengengengengengengengengengengengengengengengengengengengengengengengengengengengengengengengengengengengengengengengengengengengengengengengengengengengengengengengengengengengengengengengengengengengengengengengengengengengengengengengengengengengengengengengengengengengengengengengengengengengengengengengengengengengengengengengengengengengengengengengengengengengengengengengengengengengengengengengengeng
Any changes or updates will be effective immediately.,केडो भी बदलाव तुरंत प्रभाव कारी थिंदो।,eng. - Changes in the environment can have immediate impact.
You take the responsibility to check these Terms of Use periodically for changes.,तां परिवर्तन जे टाईम ते हिन शर्त खे डिसण जी जिम्मेदारी खणदव।, Changes in time and their condition to dispense responsibility.
Your continued use of the platform post such revision shall constitute acceptance of the modified Terms.,हिनअ तरह जे सुधार खां पोए प्लेटफार्म जो तवान्जो जारी इस्तेमाल बदलैल शर्तन लाये तवान्जी हामी भरण आहे।," Like them, the reformed platform that Tawanzo continues to use is changing the terms and conditions."
How many different types of reports can be generated over Poshan Tracker Dashboard?,पोषण ट्रेकर डैशबोर्ड केतरनु नमूननु जूं रिपोरटुं कढी सघ॒बियूं आहिन?, Dieta tracker dashboard for how many samples do you have to report?
How to revive your health if you are Severely Wasted (SAM),किंय वापस पाए ता सघु सिहत कठोरता सा विनायल ग्रोथ (SAM),engue.org - Keynye backsd ta saghu sihat hardness sa vinyl growth (SAM)
"See assessment charts for Stunted, Wasted and Underweight parameters","स्टंटेड, वेस्टेड आऊं गठ वजन जे प्रचालण जे लाये असेसमेंट चार्ट डिसो","eng, berseru, dan berat badan yang berseru yang membawa chart penilaian disosssd"
Resources for growth monitoring and general awareness,विधारे निगरानी ऐं आम जाणि लाई वसिला, Methods of monitoring and monitoring of common goods
AWW are required to enter details related to infrastructure present in a particular Anganwadi centre.,आंगनवाडी कम कंदडन खे हिक आंगनवाडी मरकज में मौजूद जोडजक सां लागा॒पो रखन्दड जा॒ण दाखिल करणी पवंदी आहे.,engwani kam kandadan khik is an angangwani center located in anzhzhok sam lagapo rakhandad janana.
"This includes structure, basic amenities, facilities, sanitization, drinking water etc.","जहिं में इमारत, बुनियादी सहूलियतुं , सुविधाऊं, सफाई, पीयण जो पाणी वगैरह शामिल आहे.","eng, fasilitas umum, pembersihan, minum air, dll."
Lactating mothers who received Take Home Ration (THR),ढुक्क डेयंन वारी माउन खे टेक होम राशन (THR) प्राप्त थेयो,eng Dayan Wari Maun Khe Tech Home Ration (THR) was given to Theo
What is the eligibility of a beneficiary?,छा आए लाभकारी जी पात्रता?,"eng.co.id ""Game of Thrones"" - Who are the beneficiaries of Game of Thrones?"
"No, Poshan Tracker is available only for Android version","न, पोषण ट्रेकर फकत ऐन्ड्रॉइड कौल ते मौजूद आहे.","eng, nutrition tracker fuck android cowl is also present."
 XV. INDEMNITY AND LIMITATION OF LIABILITY, XV. मुआवजे आऊं देनदारी जी हद्द,eng.XV.Support of compensation and liability.
Growth monitoring report for all health indicators,वाधारपणो निगरानी रिपोरट समुरे सिहत ड॒सुडिंदड लाई,engelo monitoring report samare sitat dusudindindad lai
Take Home Ration (THR) given in last 30 days,पोंयनु 30 दीं॒हनु में दि॒नल घर खणी वञण जो राशनु (THR),eng 30 din'hanu diyal house mining vadhsdan jo rashanu (THR)
Children are defined as stunted if their height-for-age is more than two standard deviations below the WHO Child Growth Standards median,बारण खे स्टंटेड चईंनदासे अगर उनन जी लम्बाई उम्र जे लाए वधिक ब स्टेंडर्ड डेविएशन में त हेठ हुनदाWHO चाईल्ड ग्रोथ स्टेंडर्ड मिडियन में,engengengengengengengengengengengengengengengengengengengengengengengengengengengengengengengengengengengengengengengengengengengengengengengengengengengengengengengengengengengengengengengengengengengengengengengengengengengengengengengengengengengengengengengengengengengengengengengengengengengengengengengengengengengengengengengengengengengengengengengengengengengengengengengengengengengengengengengengengengengengengengengengengengengengengengengengengengengengengengengengengengengengengengengengengengengengengengengengengengengengengengengengengengengengengengengengengengengengengengeng
What is the purpose of Launching Poshan Tracker?,पोषण ट्रेकर खे शुरू करण जो मकसद छा आहे?,"eng.co.id ""Starting a Nutrition Tracker"" - Starting a Nutrition Tracker - What's the purpose of this?"
"As a registered user, you have the right to access your profile at any time.",रजिस्टर्ड युजर हुजण जे नाते ता केमल भी प्रोफाइल खोले ता सिघो।,"eng user who, being a registered user, has also opened a profile."
"Although, the changes can only be done as prescribed by the Poshan Tracker system from time to time.",बदलाव सिर्फ पोषण टे्कर एप जे सिस्टम द्वारा ही थिंदा।,eng. - The change is only brought about by the NutritionTaker app J System.
You cannot manage the communications that you receive from us or how you receive them.,"तवां असांखो काई भी जानकारी जी रहनुमाई या केडी जानकारी कीयं तवां वठ पहुंचन गुर्जे, हिनजो फैसलों नत्ता करे सगो।",eng.org/gmail/images/images/images/images/images/images/images/images/images/images/images/images/images/images/images/images/images/images/images/images/images/images/images/images/images/images/images/images/images/images/images/images/images/images/images/images/images/images/images/images/images/images/images/images/images/images/images/images/images/images/images/images/images/images/images/images/images/images/images/images/images/images/images/images/
" XIII. COMPLIANCE WITH LAW, THIRD PARTY RIGHTS, AND OTHER TERMS OF SERVICE"," XIII. कानून, ट्रीं दुरी जा हक्क आऊं सेवा जी ब्ईउँ शरतुं जी ताईबदारी","eng. - XIII. Laws, the three rights and services of the people, the right to self-determination and the right to freedom of expression."
"repeated infection, and inadequate psychosocial stimulation","घडी घडी इन्फेक्शन,आऊं ईनऐडयुकेट साइकोलॉजिकल सिम्युलेशन",engengengengengengengengengengengengengengengengengengengengengengengengengengengengengengengengengengengengengengengengengengengengengengengengengengengengengengengengengengengengengengengengengengengengengengengengengengengengengengengengengengengengengengengengengengengengengengengengengengengengengengengengengengengengengengengengengengengengengengengengengengengengengengengengengengengengengengengengengengengengengengengengengengengengengengengengengengengengengengengengengengengengengengengengengengengengengengengengengengengengengengengengengengengengengengengengengengengengengengeng
Beneficiary migration from one AWC to another AWC,फाईदोवठिंदड लडा॒यो वयो हिक AWC खां बे॒ AWC में,engengengengengengengengengengengengengengengengengengengengengengengengengengengengengengengengengengengengengengengengengengengengengengengengengengengengengengengengengengengengengengengengengengengengengengengengengengengengengengengengengengengengengengengengengengengengengengengengengengengengengengengengengengengengengengengengengengengengengengengengengengengengengengengengengengengengengengengengengengengengengengengengengengengengengengengengengengengengengengengengengengengengengengengengengengengengengengengengengengengengengengengengengengengengengengengengengengengengengengeng
"Training on ICT Platform under POSHAN Abhiyaan (02 February, 2021)","पोषण अभियान हेठाँ आईसीटी प्लेटफॉर्म ते तालिम (02 फरवरी, 2021)","eng.id - The Nutrition Campaign is an ICT platform and training (February 02, 2021)"
You may browse the Site without registering for an account.,तां खातो पंजीकरण करे बिना साइट ब्राउज करें ता सिंघो।, Browse the site without registering your account.
"You will be required to register for an account with your mobile number, if you intent to use certain features or services offered by the Site.",अगर ता साइट द्वारा डिनल सुविधा या सेवा खडदव तो ताखे मोबाईल नम्बर आऊं खाते सा पंजीकरण करणों पेन्दो।," If the site denies a service or service, check the mobile number and account of the registrant."
You are solely responsible for maintaining the confidentiality of your personal information and registration and all activities that might result from you failing from keeping this information secure.,तवान पेंजी व्यक्तिगत जानकारी आऊं पंजीकरण आऊं हिनअ जानकारी खे सुरक्षित रखण में नाकामयाब थियन जी वजह सां थियन वारी सभी गतिविधिन जी गोपनीयता ठाये रखण जे लाये पूरी तरह सां जिम्मेदार आयो।,/Twan Penge failed to keep personal information and registration and their information safe due to the fact that SanSdian once again kept all activities confidential which brought him to be fully responsible.
Your registration or mobile number shall be kept confidentialYou undertake that:You have obtained consent from the concerned individuals for creating their records through your account.,तांजो पंजीकरण आऊं मोबाईल नम्बर गोपनीयता सा रखो वेन्दोतां ईयो वचन डिंडा आयोःतावान पेंजे खाते जे तरीके सां पेंजे रिकॉर्ड खे ठाये रखण लाये जुडैल मानून जी रजामंदी हासिल कई तो।,engeldeldeldeldeldeldeldeldeldeldeldeldeldeldeldeldeldeldeldeldeldeldeldeldeldeldeldeldeldeldeldeldeldeldeldeldeldeldeldeldeldeldeldeldeldeldeldeldeldeldeldeldeldeldeldeldeldeldeldeldeldeldeldeldeldeldeldeldeldeldeldeldeldeldeldeldeldeldeldeldeldeldeldeldeldeldeldeldeldeldeldeldeldeldeldeldeldeldeldeldeldeldeldeldeldeldeldeldeldeldeldeldeldeldeldeldeldeldeldeldeldeldeldeldeldeldeldeldeldeldeldeldeldeldeldeldeldeldeldeldeldeldeldeldeldeldeldeldeldeldeldeldeldeldeldeldeldeldeldeldeldeldeldeldeldeldeldeldeldeldeldeldeldeldeldeldeldeldeldeldeldeldeldeldeldeldeldeldeldeldeldeldeldeldeldeldeldeld
Your account or mobile number shall not include the name of another person with the intent to impersonate that person.,तवांजे खाते या मोबाइल नंबर में हुन माणु जो रूप धारण करण जे इरादे सां कोई बे माणु जो नालो शामिल न थिअन्दो।, A person in a bank account or mobile number who is in a form that is intended to be a person who is not a member of the bank.
You shall not use another user's account without their permission.,अगर तां पांजे या बयंजे खाते संबंधी सुरक्षा सुझाव डयण ता चारों त लिखित मे डयी ता सिघो।," If you have any security suggestions regarding your bank account or bank account, you can write them down."
"You shall immediately notify us in writing, if you discover any unauthorized use of your account or other account-related security breach.",अगर असांखे हेडी कोई जानकारी ती मिले की तांजो खातों नियम नथो सही सा इस्तेमाल थे त असा उनते कारवाई करे ता सिघु।,"eng.co.uk - If the head of the bank found any information that the Tanjo account rules were not properly used, he would take such action."
"If we receive a complaint that your account violates someone else's rights, or violates our policies we may cancel or block your account.","अगर असांखे कोई शिकायत मिलेती कि तवान्जो खातो बे केडे अधिकारुन जो उल्लंघन करेतो, या असांजी नीतिन जो उल्लंघन करेतो त अस्सां तवांजे खाते के रद्द या ब्लॉक करे सगंदा आयुं।",engengengengengengengengengengengengengengengengengengengengengengengengengengengengengengengengengengengengengengengengengengengengengengengengengengengengengengengengengengengengengengengengengengengengengengengengengengengengengengengengengengengengengengengengengengengengengengengengengengengengengengengengengengengengengengengengengengengengengengengengengengengengengengengengengengengengengengengengengengengengengengengengengengengengengengengengengengengengengengengengengengengengengengengengengengengengengengengengengengengengengengengengengengengengengengengengengengengengengengeng
"You shall not attempt to conceal your identity by using multiple Internet Protocol addresses or mobile no, or by any other means, to register participants on the Site","तव्वां साइट ते हिस्सेदारन खे पंजीकृत करण जे लाये केडे इंटरनेट प्रोटोकॉल पते या मोबाइल नंबर, या कोई बे माध्यम सां पेंजी पहचान लिकायण जी कोशिश नथ्था करे सगो"," Registrate your site and the shareholders who bring you an internet protocol address or mobile number, or any other means of Sanpenge identity Likayane Ji try not to stop you."
Poshan Tracker App is available in 22 different languagesThe various languages available are:EnglishHindiGujaratiPunjabiMarathiBanglaKannadaTamilTeluguMalyalamOdiaAssameseNepaliDogriKonkaniSindhiBodoMaithiliManipuriSanthaliUrduKashmiri,पोषण ट्रेकर एप अलग॒-अल॒ग 22 बो॒लियुन में मौजूद आहे.अलग॒-अलग॒ मौजूद बो॒लियूं आहिनःअंग्रेजीहिंदीगुजरातीपंजाबीमराठीबांग्लाकन्नडतमिलतेलुगुमलयालमऑडियाआसामीNepaliDogriKonkaniSindhiBodoMaithiliManipuriSanthaliUrduKashmiri,english hindigujaratipangjabimarathibanglakanada tamil telugumalyalamaudiamiaasaminepalidogrikonkaniSindhiBodoMaithiliManipuriSanthaliUrduKashmiri
"The proposed system should enable real-time monitoring and tracking of all AWCs, AWWs and beneficiaries on the defined indicators.","मंजूर कयल सिस्टम मुकरर कयल पैमाने ते सभिनी आंगनवाडी मरकजनु, आंगनवाडी कम कंदडनु एं बेनेफिशरयुन जी रियल टाइम निगरानी एं ट्रेकिंग करण जी इख्तियारी दीं॒दो","engadeni.com - The approved system was established and all of them are Anganwadi centers, Anganwadi com mandadenu en benefisariyun g real time monitoring en tracking karan g discretionary dndodu"
How to Login in Poshan Tracker App?,पोषण ट्रेकर एप में लॉगिन कियें कजे?, How do you log in to the Nutrition Tracker app?
Height and weight of child has not been measured,बा॒र जे ढिघाई ऐं वजन जे माप नाथी थी आहे,eng. -Besides the weight that was not measured.
TAKE HOME RATION (THR) GIVEN TODAY,अजु॒ दि॒नल घर खणी वञण जो राशनु (THR), The current day home miners are using the thru-rate (THR)
A beneficiary is eligible for THR for at least 21 days in a month.,हिक लाभकारी छा योग्य आए THR लाए घट में घट महिने जे 21 डियन जे लाए।,engekabisa THR brought in decrease in monthly income.
 III. NOTICE REGARDING FUTURE CHANGES TO TERMS:, III. शर्त जे बदलण में सुचनाः,eng.sd. kondisi yang dipetikan dalam perubahan:
Planning And Organising Community Based Events At AWC,AWC में खल्क जे लाये कार्यक्रमअन जि तजवीज आऊं हुननजो बन्दोबस्त करण, The KHLK has brought programs in the AWC to discuss and settle the issues.
Please find the following steps to LoginStep 1- Click on Poshan Tracker Website https://poshantracker.,Please find the following steps to LoginStep 1- Click on Poshan Tracker Website https://poshantracker., Please find the following steps to LoginStep 1- Click on Poshan Tracker Website https://sdposhantracker.com/
inStep 2- Enter your registered Mobile Number and pre-set 4 digit MPIN.,inStep 2- Enter your registered Mobile Number and pre-set 4 digit MPIN.,eng-Step 2-Ketikkan Nomor Ponsel terdaftar anda dan pra-set MPIN 4 digit.
How AWWS can sign up on the app if they are unable to register via their mobile numbers?,जेकद॒हिं आंगनवाडी कम कंदड मोबाइल नंबर मारफत रजिस्टर करण में नाकाबिलआहिन त उहे एप ते कियें साइन अप करे सघं॒दा आहिन?,engandsdadi lowandad mobile number registering cannot then the same app and why sign up to it?
Poshan Tracker adds new Reports feature,कोशॉन ट्रेकर गंढी आहे नई रिपोर्ट कारगुजारी,eng koshon tracker is dirty new report operator
General Awareness about preventing illness in Children,बारण खे बिमारी खा बचायण जी वहींवारी जागरूकता, Baran Khe Bharati Khasd Bachayan Ji Therewari Awareness
2. HOW WE USE PERSONAL INFORMATION,2. अस्सां निजी जानकारी खे कीयं इस्तेमाल कंदा आयुं,eng. - 2. - - - - - - - - - - - - - - - - - - - - - - - - - - - - - - - - - - - - - - - - - - - - - - - - - - - - - - - - - - - - - - - - - - - - - - - - - - - - - - - - - - - - - - - - - - - - - - - - - - - - - - - - - - - - - - - - - - - - - - - - - - - - - - - - - - - - - - - - - - - - - - - - - - - - - - - - - - - - - - - - - - - - - - - - - - - - - - - - - - - - - - - - - - - - - - - - - - -
The following are the Terms of Service (“Terms”) that govern your use of the Swastha Balak Balika Spardha Platform hosted at https://poshantracker.,"The following are the Terms of Service (""Terms"") that govern your use of the Swastha Balak Balika Spardha Platform hosted at https://poshantracker.","eng: The following are the Terms of Service (""Terms"") that govern your use of the Swastha Balak Balika Spardha Platform hosted at https://poshantracker.sd."
"in, and all associated sites linked to it, its subsidiaries, and affiliates (collectively, the “Site”).","in, and all associated sites linked to it, its subsidiaries, and affiliates (collectively, the ""Site"").","eng, and all associated sites linked to it, its subsidiaries, and affiliates (collectively, the ""Site"")."
Please provide your mobile number and a ticket number.,किरपा तांजो मोबाईल नम्बर आऊं टिकेट नम्बर डरो।,eng tanjo mobile number and ticket numbersd please don't worry.
Please contact your respective Anganwadi worker.,किरपा तांजे आदरणीय आंगनवाडी कार्यकर्ता सा सम्पर्क कयो।,"eng'ang'wadi worker, Ms. Krspa Tanje, has contacted her."
SAM Children under 5 years who received Supplementary Nutrition,SAM बारअ जैका 5 सालन खां घट उम्र जा आहेन जहिंखे पूरक पोषण मिलो आहे, SAM BARA JAKA 5sd years ago we're getting older where we're getting nutritional supplements
OPV-1Pentavalent-1Rotavirus Vaccine (RVV)-1Fractional dose of Inactivated Polio Vaccine (fIPV)-1Pneumococcal Conjugate Vaccine (PCV) -1,OPV-1पेंटावेलेंट-1रोटावायरस वेक्सिन (RVV)-1फ्रेकशनल डोस आफ इनएक्टिवेटेड पोलियो वेक्सिन(fIPV)-1न्यूमोकोकल कोनज्युकेट वेक्सिन (PCV) -1,engengengengengengengengengengengengengengengengengengengengengengengengengengengengengengengengengengengengengengengengengengengengengengengengengengengengengengengengengengengengengengengengengengengengengengengengengengengengengengengengengengengengengengengengengengengengengengengengengengengengengengengengengengengengengengengengengengengengengengengengengengengengengengengengengengengengengengengengengengengengengengengengengengengengengengengengengengengengengengengengengengengengengengengengengengengengengengengengengengengengengengengengengengengengengengengengengengengengengengeng
Height should be between 38 to 150,ढिगाई 38 खां 150 जे मंझ हुअणी खपे,eng 38 khsdn 150 j jj mjnj huani khpe
How to contact Poshan Tracker Team?,पोषण ट्रेकर टीम जो राबतो कियें कयो वञे?,eng team of nutrition tracker who works for what?
Take Home Ration (THR) Given Today,अजु॒ दि॒नल घर खणी वञण जो राशनु (THR), The current day home miners are using the thru-rate (THR)
How many different forms are there in Poshan Tracker App?,पोषण ट्रेकर एप में केतरन नमूनन जा फॉर्म दि॒नल आहिन।, The Nutrition Tracker app contains several samples of the form.
There are 7 different types of forms for beneficiaries.,फायदो वठंदडनु जे लाये 7 नमूनन जा फॉर्म दि॒नल आहिन।, Use the useful information that brings 7 samples to form the data.
This includes:Lactating motherPregnant womenChild 0-6 MonthsChild 6 Months to 3 YearsChild  3 Years to 6 YearsAdolescent Girls (11 Years-19 Years),जहिं में शामिल आहिनःधाराइंदडु माउगर्भ वंती माईबा॒र 0 - 6 महीनाबा॒र 6 महिने खां 3 सालबा॒र 3 साल खां 6 सालनौजवानु छोकरियूं (11 साल - 19 साल),eng:Dhariindudu Maugrave Vanti Mybabar 0 - 6 monthsbabar 6 monthsbabar 3 yearsbabar 3 yearsbabar 6 yearsbabar 6 yearsbabar 11 years - 19 yearsbabar
Shibpur I C D S Project,शीबपुर आई. सी. डी. ऐस. प्रोजेक्च, Shibpur ICSD AS Project
"In the recent one to three months, no Aanganwadi Worker has visited the beneficiary's home","ताजो हिक खां ट्रिन महिनि में , को बि आङनवाडी कारुकन नाहे दौरो कयो फाईदोवठिंदज जे घर", Tajo Hick Khan Trin Mahini in Ko Bi Anganwadi Karukan Nahe Duro Kayo Fayidovathindj Jha
Please enter Weight greater than 0.49 and less than 40.01,किरपा वजन भरयो जेको वधिक हुजे 0.89 आऊं घट हुजे 58.01,engekekekekekekekekekekekekekekekekekekekekekekekekekekekekekekekekekekekekekekekekekekekekekekekekekekekekekekekekekekekekekekekekekekekekekekekekekekekekekekekekekekekekekekekekekekekekekekekekekekekekekekekekekekekekekekekekekekekekekekekekekekekekekekekekekekekekekekekekekekekekekekekekekekekekekekekekekekekekekekekekekekekekekekekekekekekekekekekekekekekekekekekekekekekekekekekekekekekekekek
You can register with your mobile number directly through the website https://poshantracker.,You can register with your mobile number directly through the website https://poshantracker., You can register with your mobile number directly through the website https://poshantracker.sd.
in or by downloading the Poshan Tracker App.,in or by downloading the Poshan Tracker App.,"eng, or by downloading the Poshan Tracker App."
Calculator to measure the child growth based on the WHO Child Growth Standards,केलकुलेटर जेको मापे बारण जी ग्रोथ जेकि निर्भर कंदी आ WHO चाईल्ड ग्रोथ स्टेंडर्ड ते, Calculator that measures the growth of the child dependent on the WHO Child Growth Standard.
MPIN is a 4 digits passcode which is set by an Anganwadi worker while registering over the Poshan Tracker App.,"एमपिन 4 अंगनु जो हिक पासकोड आहे, जेको पोषण ट्रेकर एप ते रजिस्टर करण वक्त आंगनवाडी कम कंदड पारां सेट कयो वेंदो आहे.","engnu 4 mpinsd which is a hick passcode, which is set by kyouvendou when using the nutrition tracker app and when registering to anganwadi low-cost perans."
"Specifications of Smart phone and Technical Compatibility Testing (02 February, 2021)","स्मार्ट फोन एं टेक्निकल मुनासिबत चकास जूं तफसीलूँ (02 फरवरी, 2021)",eng.id - Smartphone en technicalsd appropriate checklist (02 February 2021)
Request for child's height and weight measurement,बा॒र जे ढिघाई ऐं वजन जे माप जी आछ,eng.jpg - The weight of the weight of the weight of the weight of the weight of the weight of the weight of the weight of the weight of the weight of the weight of the weight of the weight of the weight of the weight of the weight of the weight of the weight of the weight of the weight of the weight of the weight of the weight of the weight of the weight of the weight of the weight of the weight of the weight of the weight of the weight of the weight of the weight of the weight of the weight of the weight of the weight of the weight of the weight of the weight of the weight of the weight of the weight of the weight of the weight of the weight of the weight of the weight of the weight of the weight of the weight of the weight of the weight of the weight of the weight of the weight of the weight of the weight of the weight of the weight of the weight of the weight of the weight of the weight of the weight
Children (6 months - 3 years),बा॒र (6 महिननि - 3 साल),eng (6 months - 3 years)
"We log usage data when you visit or otherwise use our Services, including our sites, app and platform technology.","असा इस्तेमाल कंदा आयु उन डाटा खे जेमल ता लोग ईन या असांजी सर्विस इस्तेमाल कंदा आंयु, साइड अंउ टैक्नोलॉजी खे शामिल करे।",engengengengengengengengengengengengengengengengengengengengengengengengengengengengengengengengengengengengengengengengengengengengengengengengengengengengengengengengengengengengengengengengengengengengengengengengengengengengengengengengengengengengengengengengengengengengengengengengengengengengengengengengengengengengengengengengengengengengengengengengengengengengengengengengengengengengengengengengengengengengengengengengengengengengengengengengengengengengengengengengengengengengengengengengengengengengengengengengengengengengengengengengengengengengengengengengengengengengengengeng
"Result couldn't be fetch, please enter valid data","नतीजो नथो मिले,किरपा सही डेटा भ्रमों"," Results were not found,please correct data errors.sd"
Central Golaghat I. C. D. S. Project,केंद्रीय गोलाघाट आई. सी. डि. ऐस. प्रोजेक्ट,eng central spheresdsd icdss project
