eng,ta,translation_text
The Site is directed to the people residing in India.,இந்த தளம் இந்தியாவில் வசிக்கும் மக்களுக்கு மட்டுமே., This site is only for people living in India.
We do not represent that Content available on or through the Site is appropriate or available in other locations.,தளத்தில் கிடைக்கும் உள்ளடக்கம் சரியானது அல்லது பிற இடங்களில் உள்ளது என்பதை நாங்கள் குறிப்பிடவில்லை., We do not mention whether the content available on the site is valid or elsewhere.
We may limit the availability of the Site or any service or product described on the Site to any person or geographic area at any time.,எந்த நேரத்திலும் எந்தவொரு நபருக்கும் அல்லது புவியியல் பகுதிக்கும் தளத்தில் விவரிக்கப்பட்டுள்ள தளம் அல்லது எந்தவொரு சேவை அல்லது தயாரிப்பின் கிடைக்கும் தன்மையை நாங்கள் கட்டுப்படுத்தலாம்., We may at any time restrict the availability of any site or service or product described on the site to any person or geographic area.
"If you choose to access the Site from outside India, you do so at your own risk.","இந்தியாவிற்கு வெளியே இருந்து தளத்தை அணுக நீங்கள் தேர்வுசெய்தால், உங்கள் சொந்த ஆபத்தில் அதைச் செய்கிறீர்கள்."," If you choose to access the site from outside India, you do so at your own risk."
Please go back to the homepage,முகப்புப்பக்கத்திற்குச் செல்லவும்,eng page page page page page page page page page page page page page page page page page page page page page page page page page page page page page page page page page page page page page page page page page page page page page page page page page page page page page page page page page page page page page page page page page page page page page page page page page page page page page page page page page page page page page page page page page page page page page page page page page page page page page page page page page page page page page page page page page page page page page page page page page page page page page page page page page page page page page page page page page page page page page page page page page page page page page page page page page page page page page page page page page page page page page page page page page page page page page page page page page page page page page page page page page page page page page page page page page page page page page page
Please enter Height greater than 29.99 and less than 140.01,29.99 க்கும் அதிகமான உயரம் மற்றும் 140.01 க்கும் குறைவான உயரத்தை உள்ளிடவும்,engengengengengengengengengengengengengengengengengengengengengengengengengengengengengengengengengengengengengengengengengengengengengengengengengengengengengengengengengengengengengengengengengengengengengengengengengengengengengengengengengengengengengengengengengengengengengengengengengengengengengengengengengengengengengengengengengengengengengengengengengengengengengengengengengengengengengengengengengengengengengengengengengengengengengengengengengengengengengengengengengengengengengengengengengengengengengengengengengengengengengengengengengengengengengengengengengengengengengengeng
"While login to the Poshan Tracker App, AWWs are required to enter the MPIN set by them.","போஷன் ட்ராக்ஜெர் பயன்பாட்டில் உள்நுழையும்போது, அங்கன்வாடி ஊழியர்கள் அவர்கள் அமைத்த எம்பின் ஐ உள்ளிட வேண்டும்."," When logging into the Postion Tracker app, Anganwadi employees must enter the mpin they have set up."
This MPIN will act as a passcode to run the Poshan Tracker App and entering the information in the beneficiaries forms.,இந்த எம்பிநான்என் போஷன் டிராக்கர் பயன்பாட்டை இயக்குவதற்கான கடவுக்குறியீடாக செயல்படும் மற்றும் பயனாளிகளின் படிவங்களில் தகவல்களை உள்ளிடும்., This MpNN Position Tracker acts as a password to run the application and enters information in the beneficiary's forms.
How to ensure timely initiation of complementary feeding,துணை உணவுகளை சரியான நேரத்தில் தொடங்குவதை எவ்வாறு உறுதிப்படுத்துவது,eng.org - How to make sure supplements start on time?
Poshan Tracker App can only be installed in Android Phone with Android version 6.0 and above.,போஷான் டிராக்கர் பயன்பாட்டை ஆண்ட்ராய்டு பதிப்பு 6.0 மற்றும் அதற்கு மேற்பட்ட ஆண்ட்ராய்டு தொலைபேசியில் மட்டுமே நிறுவ முடியும்., The BOSHON TRACKER app can only be installed on Android phones with Android version 6.0 and above.
General Awareness about Growth Monitoring of Children,குழந்தைகளின் வளர்ச்சி கண்காணிப்பு பற்றிய பொது விழிப்புணர்வு,eng.org - Public awareness of child development monitoring and child development monitoring
Wasting is defined as low weight-for-height,ஊட்டச்சத்து குறைபாடு என்பது குறைந்த எடை-உயரம் என வரையறுக்கப்படுகிறது, A malnutrition is defined as being underweight or obese.
Hot Cooked Meal (HCM) Given Today,இன்று கொடுக்கப்பட்ட சூடான சமைத்த உணவு (HCM), Hot-cooked meals (HCM) given today
There are 6 categories for beneficiariesPregnant WomenLactating MotherChildren from 0 to 6 monthsChildren from 6 months to 3 yearsChildren from 3 years to 6 yearsAdolescent girls,பயனாளிகளுக்கு 6 பிரிவுகள் உள்ளனகர்ப்பிணி பெண்கள்பாலூட்டும் தாய்மார்கள்0 முதல் 6 மாதங்கள் வரை உள்ள குழந்தைகள்6 மாதங்கள் முதல் 3 ஆண்டுகள் வரை உள்ள குழந்தைகள்3 வயது முதல் 6 வயது வரையிலான குழந்தைகள்வாலிபப் பெண்கள்,engorgoners have 6 categoriesGaberent womenBreastfeeding mothersChildren0 to 6 monthsChildren6 months to 3 yearsChildren3 years to 6 yearsChildren3 years to 6 yearsGaberent women
"Data Plan for Mobile Application (01 March, 2021)","மொபைல் பயன்பாட்டிற்கான தரவு திட்டம் (01 மார்ச், 2021)",engata Data Plan for Mobile Application (01 March 2021)
 VIII. LIMITATIONS OF MULTI- LINGUAL INTERFACE, VIII. பல மொழி இடைமுகத்தின் வரம்புகள்,eng.VIII.Limitations of multilingual interface
Srijangram I. C. D. S. Project,ஸ்ரீஜான்கிராம் ஐ. சி. டி. எஸ். புராஜக்ட்,engram ICTS Project
"We may investigate any violation of these Terms, including unauthorized use of the Site.","தளத்தின் அங்கீகரிக்கப்படாத பயன்பாடு உட்பட, இந்த விதிமுறைகளை மீறினால் நாங்கள் விசாரிக்கலாம்.","eng, Inc. We may investigate violations of these terms, including unauthorized use of the site."
We may provide law enforcement with information you provide to us related to your transactions to assist in any investigation or prosecution of you.,உங்கள் பரிவர்த்தனைகள் தொடர்பாக நீங்கள் எங்களுக்கு வழங்கிய தகவலை சட்ட அமலாக்கத்திற்கு நாங்கள் வழங்கலாம்., We may provide law enforcement with the information you provide to us in connection with your transactions.
We may take legal action that we feel is appropriate.,பொருத்தமற்றதாக நாங்கள் கருதும் தகவலின் மீது சட்ட நடவடிக்கை எடுக்கலாம்., We may take legal action against information we deem inappropriate.
Poshan Calculator helps to identify various health conditions of the child as per World Health Organization (WHO) standards,உலக சுகாதார அமைப்பின் (WHO) தரநிலைகளின்படி குழந்தையின் பல்வேறு சுகாதார நிலைமைகளை கண்டறிய போஷன் கால்குலேட்டர் உதவுகிறது,/POSATION Calculator helps to detect various health conditions of a child according to the World Health Organization (WHO) standards.
How to take care of weak newborn with the help of Kangaroo Mother Care,கங்காரு மதர் கேரின் உதவியுடன் பலவீனமான புதிதாகப் பிறந்த குழந்தையை எவ்வாறு பராமரிப்பது,engaru mother care how to care for a weak newborn baby with the help of kangaru mother care
"Any liabilities civil or criminal, arising out of any incorrect data, shall solely lie with the concerned ASP.","தவறான தரவுகளிலிருந்து எழும், எந்தவொரு சிவில் அல்லது கிரிமினல் பொறுப்புகள், ஏதேனும் சம்பந்தப்பட்ட ஏஎஸ்பியிடம் மட்டுமே இருக்கும்.","engadata, any civil or criminal liability, will only be to any concerned ASP."
Poshan Tracker App is available over Google playstore https://play. google. com/store/apps/details?,கூகிள் பிளேஸ்டோர் மூலம் போஷன் டிராக்கர் பயன்பாடு https://play. google. com/store/apps/details?,/store/apps/details?
Can App be accessed without internet?,இணையம் இல்லாமல் அபிபி ஐ அணுக முடியுமா?,eng.co.id - Is it possible to access ABB without internet?
The Government has taken several initiatives to break the intergenerational cycle of malnutrition in children.,குழந்தைகளில் ஊட்டச்சத்து குறைபாட்டின் இடைநிலை சுழற்சியை உடைக்க அரசாங்கம் பல முயற்சிகளை எடுத்துள்ளது., The government has taken several initiatives to break the intermittent cycle of malnutrition in children.
"Adopting a life-cycle approach, interventions have been designed to meet the nutritional requirement of adolescent girls and boys, pregnant women, lactating mothers and children.","வாழ்க்கைச் சுழற்சி அணுகுமுறையை ஏற்றுக்கொள்வது, இளம் பருவ பெண்கள் மற்றும் சிறுவர்கள், கர்ப்பிணிப் பெண்கள், பாலூட்டும் தாய்மார்கள் மற்றும் குழந்தைகளின் ஊட்டச்சத்து தேவைகளைப் பூர்த்தி செய்ய தலையீடுகள் வடிவமைக்கப்பட்டுள்ளன.","engatupting lifecycle approach, the interventions are designed to meet the nutritional needs of teenage girls and boys, pregnant women, nursing mothers and children."
Awareness for Pregnancy in Preventing Anemia,கர்ப்ப காலத்தில் இரத்த சோகை வராமல் தடுப்பது குறித்த விழிப்புணர்வு,eng.org - Awareness about preventing bleeding during pregnancy
"Howrah North (U) I. C. D. S. Project, Howrah","ஹௌரா வடக்கு (யு) ஐ. சி. டி. எஸ். புராஜக்ட், ஹௌரா"," Haura North (U) ICTS Project, Haura"
Birth Preparedness- For Institutional and Home Delivery,பிறப்புத் தயார்நிலை- நிறுவன மற்றும் வீட்டுப் பிரசவத்திற்கு,engatinanegarahanakananakatananakatananakatananakatananakatananakatananakatananakatananakatananakatananakatananakatananakatananakatananakatananakatananakatananakatananakatananakatananakatananakatananakatananakatananakatananakatananakatananakatananakatananakatananakatananakatananakatananakatananakatananakatananakatananakatananakatananakatananakatananakatananakatananakatananakatananakatananakatananakatananakatananakatananakatananakatananakatananakatananakatananakatananakatananakatananakatananakatananakatananakatananakatananakatananakatananakatananakatananakatananakatananakatananakatananakatananakatananakatananakatananakatananakatananakatananakatananakatananakatananakatananakatananakatananakatananakatananakatananakatananakatananakatananakatananakatananakatananakatananakatananakatananak
New beneficiary addition with skip OTP option,ஓ டி பியைத் தவிர்க்கும் விருப்பத் தேர்வுடனான புதிய பயனாளர் சேர்ப்பு, New user addition with opt-out option that avoids OTAB
We are now available on Video Conference,வீடியோ கான்பரன்ஸ் மூலம் தற்போது நாம், We are currently using videoconferencing as a way to
"Poshan Tracker App is meant for Aanganwadi workers, Anganwadi centers to enter beneficiaries data in the forms.","போஷன் டிராக்கர் ஆப் என்பது ஆங்கன்வாடி தொழிலாளர்கள், அங்கன்வாடி மையங்கள் பயனாளிகளின் தரவை படிவங்களில் உள்ளிடுவதற்கானது.","engwadie workers, angwanwadie centers beneficiaries data to enter in forms."
It is not at all developed for general public.,இது பொது மக்களுக்காக உருவாக்கப்படவில்லை., And it's not designed for the general public.
Swastha Balak/Balika Spardha Mission is about celebrating the health of children in India.,Swastha Balak/Balika Spardha Mission is about celebrating the health of children in India., Swastha Balak/Balika Spardha Mission is about celebrating the health of children in India.
It entails identification and awareness of health conditions and providing necessary support wherever required.,It entails identification and awareness of health conditions and providing necessary support wherever required.,"eng, e.g. identification and awareness of health conditions and providing necessary support wherever needed."
”Our Privacy Policy applies when you use our Services (described below).,"""Our Privacy Policy applies when you use our Services (described below).",eng our Privacy Policy applies when you use our Services (described below).
"This Privacy Policy is meant to help you understand what information we collect, why we collect it, and how it is used and shared.","This Privacy Policy is meant to help you understand what information we collect, why we collect it, and how it is used and shared.","engKeynotePrivacy PolicyThis Privacy Policy is meant to help you understand what information we collect, why we collect it, and how it is used and shared."
The collecting and retaining agency in respect of your information is Ministry of Women and Child Development.,The collecting and retaining agency in respect of your information is Ministry of Women and Child Development.,eng.ta Badan pengumpulan dan retensi informasi anda adalah Kementerian Perempuan dan Pembangunan Anak.
We are committed to protecting the security of your personal information and safeguarding your privacy.,We are committed to protecting the security of your personal information and safeguarding your privacy.,eng.ta We are committed to protecting the security of your personal information and safeguarding your privacy.ta
How to revive your health if you are Underweight,நீங்கள் எடை குறைவாக இருந்தால் உங்கள் ஆரோக்கியத்தை எவ்வாறு மீட்டெடுப்பது," If you are underweight, how can you restore your health?"
Can a beneficiary change his/her AWC?,ஒரு பயனாளி தனது AWCயை மாற்ற முடியுமா?,eng.org - Can a beneficiary change their AWC?
"We use the information we have, to help verify accounts.",கணக்குகளைச் சரிபார்க்க எங்களிடம் உள்ள தகவலைப் பயன்படுத்துகிறோம்., We use the information we have to verify accounts.
The records may be used for verification of health status for the purposes of Poshan Tracker control and response.,"போஷன் டிராக்கர் கட்டுப்பாடு, பதிலளிப்பு நோக்கங்களுக்காக மற்றும் சுகாதார நிலையை சரிபார்ப்பதற்காக பதிவுகள் பயன்படுத்தப்படலாம்.","eng postion tracker records can be used for control, response purposes and health status checks."
Scan the QR Code to Download the App,பயன்பாட்டை ப்பதிவிறக்க க்யூஆர் குறியீட்டை ஸ்கேன் செய்யவும்,eng aplikasi download scan QR code
Who is eligible for Hot Cooked Meal?,சூடான சமைத்த உணவுக்கு யார் தகுதியானவர்?,eng.org Siapa yang layak makan makanan panas?
Identifying and preventing Severe Acute Malnutrition,கடுமையான ஊட்டச்சத்துக் குறைபாட்டைக் கண்டறிந்து தடுப்பது,engeti detecting and preventing severe malnutrition.
Children who are identified as deficit on nutrition are eligible for additional food supplements.,ஊட்டச்சத்து குறைபாடு உள்ள குழந்தைகள் கூடுதல் உணவுப் பொருட்களுக்கு தகுதியுடையவர்கள்.,engekekekekekekekekekekekekekekekekekekekekekekekekekekekekekekekekekekekekekekekekekekekekekekekekekekekekekekekekekekekekekekekekekekekekekekekekekekekekekekekekekekekekekekekekekekekekekekekekekekekekekekekekekekekekekekekekekekekekekekekekekekekekekekekekekekekekekekekekekekekekekekekekekekekekekekekekekekekekekekekekekekekekekekekekekekekekekekekekekekekekekekekekekekekekekekekekekekekekekek
Who is eligible for additional supplementary food.,கூடுதல் துணை உணவுக்கு யார் தகுதியானவர்.,eng.org - Who is eligible for the supplementary supplementary meal?
"Uploading of Data of Anganwadi Services Schemes in Poshan Tracker (24 May, 2021)","போஷன் டிராக்கரில் அங்கன்வாடி சேவைத் திட்டங்களின் தரவைப் பதிவேற்றம் செய்தல் (24 மே, 2021)","engwadi service plans uploading data to the phota position tracker (May 24, 2021)"
Children between 6 months - 3 years,6 மாதங்கள் -3 வயதுக்கு இடைப்பட்ட குழந்தைகள்,eng.org - 6 months to 3 years old
"Ministry of Women and Child Development, Government of India, Shastri Bhawan, New Delhi","பெண்கள் மற்றும் குழந்தைகள் மேம்பாட்டு அமைச்சகம், இந்திய அரசு, சாஸ்திரி பவன், புது தில்லி","eng Ministry of Women and Child Development, Government of India, Shastri Bhavan, New Delhi"
Care of the weak newborn baby - How many weak babies are we missing?,பலவீனமான புதிதாகப் பிறந்த குழந்தையின் பராமரிப்பு - எத்தனை பலவீனமான குழந்தைகளை நாம் காணவில்லை?,engengengengengengengengengengengengengengengengengengengengengengengengengengengengengengengengengengengengengengengengengengengengengengengengengengengengengengengengengengengengengengengengengengengengengengengengengengengengengengengengengengengengengengengengengengengengengengengengengengengengengengengengengengengengengengengengengengengengengengengengengengengengengengengengengengengengengengengengengengengengengengengengengengengengengengengengengengengengengengengengengengengengengengengengengengengengengengengengengengengengengengengengengengengengengengengengengengengengengengeng
Underweight children who received Supplementary Nutrition,கூடுதல் ஊட்டச்சத்து பெற்ற எடை குறைந்த குழந்தைகள்,eng.org - From low-weight to over-nutrient children
Identification and care of a Weak Newborn baby,புதிதாகப் பிறந்த பலவீனமான குழந்தையை அடையாளம் காணுதல் மற்றும் பராமரித்தல்,eng.org Identifying and caring for a newborn vulnerable baby
1.2. Information from use of services.,1.2. சேவைகளின் பயன்பாட்டிலிருந்து தகவல்.,eng.1.2a Informasi dari penggunaan layanan.
Please contact your respective Anganwadi Centre.,உங்கள் அங்கன்வாடி மையத்தைத் தொடர்பு கொள்ளவும்.,engada to your Anganwadi Centre.
GOBARDANGA I. C. D. S PROJECT(U),கோபர்தங்கா ஐ. சி. டி. எஸ். புராஜக்ட்(யு),eng Kopardanga ICTS Project (U)
Please fill in the form below to create a new ticket.,புதிய டிக்கெட்டை உருவாக்க கீழே உள்ள படிவத்தை நிரப்பவும்.," To create a new ticket, fill out the form below."
Anganwadi Worker will reach out to you within 48 hours.,அங்கன்வாடி பணியாளர் 48 மணி நேரத்திற்குள் உங்களைத் தொடர்புகொள்வார்.,engwanwadi employee will contact you within 48 hours.
Your request is received.Please note down the ticket number for future reference.,உங்கள் கோரிக்கை வரப்பெற்றது எதிர்காலக் குறிப்புக்காக தயவு செய்து டிக்கட் எண்ணைக் குறித்துக் கொள்ளவும்," Your request has been received and for future reference, please indicate the ticket number."
Is poshan trackers app available over Apple I Store also?,ஆப்பிள் ஐ ஸ்டோரிலும் போஷன் டிராக்ஸ் பயன்பாடு கிடைக்குமா?,eng.co.uk - Will the Pose Tracks app be available on the Apple I-Store as well?
Number of records becoming inactive and number of records migrating from one category to another,செயலற்றவையாக ஆகிக் கொண்டிருக்கும் பதிவுகளின் எண்ணிக்கை மற்றும் ஒரு வகையிலிருந்து இன்னொன்றுக்கு மாறும் பதிவுகளின் எண்ணிக்கை, The number of records that are inactive and the number of records that move from one type to another.
In How many languages the Poshan Tracker App is available?,போஷன் டிராக்கர் பயன்பாடு எத்தனை மொழிகளில் கிடைக்கிறது?, The Bosta Tracker app is available in how many languages?
AWWs are requested to enter their mobile numbers in the Login screen.,அங்கன்வாடி ஊழியர்கள் உள்நுழைவுத் திரையில் தங்கள் மொபைல் எண்களை உள்ளிடுமாறு கேட்டுகொள்ளப்படுகின்றனர்.,engwaddy employees are asked to enter their mobile numbers on the login screen.
"An OTP will be sent to your registered mobile number, post which you are required too set your MPIN.","உங்கள் பதிவுசெய்யப்பட்ட மொபைல் எண்ணுக்கு ஒரு OTP அனுப்பப்படும்,அதற்கு பிறகு உங்கள் எம்பின் ஐ அமைக்கவும்.",", dan akan dikirim OTP ke nomor handphone anda yang terdaftar,dan kemudian setup empin anda."
Measles Containing vaccine (MCV)/MR-2JE-2**DiphtheriaPertussis & Tetanus (DPT)-Booster-1OPV –Booster,தட்டம்மை கொண்ட தடுப்பூசி (MCV)/MR-2JE-2**தொண்டை அடைப்பான் நோய்பெர்டுசிஸ் & டெட்டனஸ் (DPT)-பூஸ்டர்-1OPV - பூஸ்டர்,eng Vaccine with Vaccine (MCV) /MRta-2JE-2**Totalis neuroprotector neuroptertucis & tetanus (DPT) -booster-1OPV - booster
The Poshan Tracker enables real-time monitoring and tracking of all AWCs and beneficiaries on defined indicators.,போஷன் டிராக்கர் ஆனது அனைத்து AWCகள் மற்றும் பயனாளிகளின் நிகழ்நேர கண்காணிப்பு மற்றும் வரையறுக்கப்பட்ட குறிகாட்டிகளில் கண்காணிப்பதை செயல்படுத்துகிறது., Postion Tracker enables real-time monitoring of all AWCs and beneficiaries and tracking in limited indicators.
It is built using centralized data architecture that also aligns with the digital technology systems of other ministries and programs.,இது மற்ற அமைச்சகங்கள் மற்றும் திட்டங்களின் டிஜிட்டல் தொழில்நுட்ப அமைப்புகளுடன் இணைந்த மையப்படுத்தப்பட்ட தரவு கட்டமைப்பைப் பயன்படுத்தி கட்டமைக்கப்பட்டுள்ளது., It is structured using a centralized data structure in conjunction with other ministries and projects' digital technology systems.
The public dashboard helps to impart transparency on services delivered to beneficiaries,public dashboard பயனாளிகளுக்கு வழங்கப்படும் சேவைகளில் வெளிப்படைத்தன்மையை வழங்க உதவுகிறது,eng public dashboard helps to provide transparency in the services provided to the beneficiaries.
Translations on the Poshan Tracker Portal & App Chabot are done by third party translators.,போஷன் டிராக்கர் போர்ட்டல் & ஆப் சாட்போட் இல் மொழிபெயர்ப்புகள் மூன்றாம் தரப்பு மொழிபெயர்ப்பாளர்களால் செய்யப்படுகின்றன., Translations on the Porta & App Chatbot are performed by third-party translators.
"While the translations are done on a best effort basis, some of the parts may be incorrect.","மொழிபெயர்ப்புகள் சிறந்த முயற்சியின் அடிப்படையில் செய்யப்பட்டாலும், சில பகுதிகள் தவறாக இருக்கலாம்.","eng. -Although the translations are done on the basis of best efforts, some parts may be wrong."
Certain files and other items on the website cannot be translated.,இணையதளத்தில் உள்ள சில கோப்புகள் மற்றும் பிற உருப்படிகளை மொழிபெயர்க்க முடியாது.,eng.org - Some files and other items on the website cannot be translated.
"In addition, on translation, some applications and/or services may not function as expected, due to language barriers.","கூடுதலாக, மொழிபெயர்ப்பில், மொழி தடைகள் காரணமாக, சில பயன்பாடுகள் அல்லது சேவைகள் மொழி தடைகள் காரணமாக எதிர்பார்த்தபடி செயல்படாமல் போகலாம்.","eng, dictionaries, dictionaries, dictionaries, dictionaries, dictionaries, dictionaries, dictionaries, dictionaries, dictionaries, dictionaries, dictionaries, dictionaries, dictionaries, dictionaries, dictionaries, dictionaries, dictionaries, dictionaries, dictionaries, dictionaries, dictionaries, dictionaries, dictionaries, dictionaries, dictionaries, dictionaries, dictionaries, dictionaries, dictionaries, dictionaries, dictionaries, dictionaries, dictionaries, dictionaries, dictionaries, dictionaries, dictionaries, and dictionaries, and other languages may not work as expected due to language restrictions."
"We are working constantly to rectify any errors, omissions, or ambiguities in the translations provided on this portal.","இந்த போர்ட்டலில் வழங்கப்பட்டுள்ள மொழிபெயர்ப்புகளில் ஏதேனும் பிழைகள், தவறுகள் அல்லது தெளிவின்மைகள் இருந்தால் அவற்றைத் திருத்துவதற்கு நாங்கள் தொடர்ந்து பணியாற்றி வருகிறோம்."," If there are any errors, errors or ambiguities in the translations provided on this portal, we are continuously working to correct them."
"The MGRS collected primary growth data and related information from approximately 8500 children from widely different ethnic backgrounds and cultural settings (Brazil, Ghana, India, Norway, Oman and the USA)","MGRS ஆனது பல்வேறு இனப் பின்னணிகள் மற்றும் கலாச்சார அமைப்புகளைச் சேர்ந்த (பிரேசில், கானா, இந்தியா, நார்வே, ஓமன் மற்றும் அமெரிக்கா) சுமார் 8500 குழந்தைகளிடமிருந்து முதன்மை வளர்ச்சித் தரவு மற்றும் தொடர்புடைய தகவல்களைச் சேகரித்தது","eng.org MGRSta recruited primary development data and related information from approximately 8500 children from various racial and cultural backgrounds (Brazil, Ghana, India, Norway, Oman and the United States) and related information from approximately 8500 children from various ethnic and cultural backgrounds (Brazil, Ghana, India, Norway, Oman and the United States)."
Children of different age groups are monitored on monthly basis by AWWs.,வெவ்வேறு வயது குழந்தைகள் AWW களால் மாதாந்திர அடிப்படையில் கண்காணிக்கப்படுகிறார்கள்.,engat usia yang berbeda-beda dipantau AWW setiap bulan.
"Health indicators like Stunting, Wasting and Underweight prevalence are measured as per WHO standards.","உடல் வளர்ச்சி குன்றிய நிலை, உடல் தேய்மானம் மற்றும் எடை குறைவாக இருப்பது போன்ற சுகாதார குறிகாட்டிகள் WHO தரத்தின்படி அளவிடப்படுகிறது.","eng, obesity, and weight loss are measured according to WHO standards."
Regular growth monitoring helps AWWs to provide relevant and timely assistance to children,வளர்ச்சி கண்காணிப்பு AWW கள் குழந்தைகளுக்கு பொருத்தமான மற்றும் சரியான நேரத்தில் உதவி வழங்க உதவுகிறது,eng.org/frw/Forex Monitoring Development Monitoring helps AWWs provide appropriate and timely assistance to children.
"Awareness for Children Stunting, Wasting to prevent malnutrition in children",குழந்தைகளின் வளர்ச்சி குன்றியிருப்பதற்கான விழிப்புணர்வு மற்றும் குழந்தைகளின் ஊட்டச்சத்து குறைபாட்டை தடுப்பதற்கான விழிப்புணர்வு,engeti awareness of child development stagnation and awareness of preventing child malnutrition
Poshan Tracker adds new application features,ரோஷன் டிராக்கர் புதிய பயன்பாடு அம்சங்களைச் சேர்க்கிறது, Rotation Tracker adds new app features to the app.
Making or Updating Home Visit Planner and Initiating home visits,ஹோம் விசிட் பிளானரை உருவாக்குதல் அல்லது புதுப்பித்தல் மற்றும் வீட்டுச் சந்திப்புகளைத் தொடங்குதல், Developing or updating a Home Visit Planner and starting home visits.
Poshan Calculator is designed to measure growth of the child based on standards defined by World Health Organization (WHO),உலக சுகாதார அமைப்பு (WHO) வரையறுத்துள்ள தரநிலைகளின் அடிப்படையில் குழந்தையின் வளர்ச்சியை அளவிடும் வகையில் போஷன் கால்குலேட்டர் வடிவமைக்கப்பட்டுள்ளது, A pose calculator is designed to measure a child's development based on standards defined by the World Health Organization (WHO).
Migrated from one category to another,ஒரு பிரிவிலிருந்து இன்னொன்றுக்கு மாறி இருக்கிறார், He has moved from one department to another.
It usually occurs when a person has not had food of adequate quality and quantity and/or they have had frequent or prolonged illnesses,"ஒரு நபர் நல்ல தரமான மற்றும் போதுமான அளவு உணவை உட்கொள்ளாதபோதும், அடிக்கடி உடல்நிலை சரியில்லாமல் போவதும் அல்லது நீண்ட கால நோய்களை கொண்டிருக்கும்போதும் இது பொதுவாக நிகழ்கிறது",": This usually happens when a person does not eat good quality and sufficient food, often gets sick or has chronic illnesses."
"Poshan Abhiyaan is India’s flagship programme to improve nutritional outcomes for children, adolescents, pregnant women and lactating mothers by leveraging technology, a targeted approach and convergence.","போஷன் அபியான் என்பது குழந்தைகள், இளம் பருவத்தினர், முன்னுரிமைக்கான ஊட்டச்சத்து விளைவுகளை மேம்படுத்துவதற்கான இந்தியாவின் முதன்மை திட்டமாகும்."," ""Boshan Abhiyan"" is India's flagship program to promote the nutritional effects of children, adolescents, priority."
Hot Cooked Meal (HCM) given in last 30 days,கடந்த 30 நாட்களில் வழங்கப்பட்ட சூடான சமைத்த உணவு (HCM),eng.co.uk hot cooked food (HCM) delivered in the last 30 days
Uploading of Data of Anganwadi Services Schemes in Poshan Tracker,போஷன் டிராக்கரில் அங்கன்வாடி சேவைகள் திட்டங்களின் தரவைப் பதிவேற்றுதல்,engwadi services projects data uploading in the poshantracker
The Poshan Tracker generates automated alerts to the critical last-mile beneficiaries.,போஷன் டிராக்கர் ஆனது முக்கியமான கடைசி மைல் பயனாளிகளுக்கு தானியங்கி விழிப்பூட்டல்களை உருவாக்குகிறது., The Bosta Tracker creates automatic alerts for the beneficiaries of the critical last mile.
It also ensures efficient audit of the delivery system by documenting real time attendance of beneficiaries and duty bearers.,பயனாளிகள் மற்றும் கடமை தாங்குபவர்களின் உண்மையான நேர வருகையை ஆவணப்படுத்துவதன் மூலம் திறமையான தணிக்கையையும் இது உறுதி செய்கிறது., It also ensures efficient auditing by documenting real-time attendance of beneficiaries and obligors.
"This management information system will help the nutrition programme to scale efficiently, thereby generating and documenting positive impact","இந்த மேலாண்மை தகவல் அமைப்பு ஊட்டச்சத்து திட்டத்தை திறம்பட அளவிடுவதற்கும், நேர்மறையான தாக்கத்தை உருவாக்கி ஆவணப்படுத்துவதற்கும் உதவும்"," This management information system will help you effectively scale the nutrition program, create and document a positive impact."
How can one Download Poshan Tracker App?,போஷன் டிராக்கர் அபிபி ஐ எவ்வாறு பதிவிறக்கம் செய்யலாம்?,engengengengengengengengengengengengengengengengengengengengengengengengengengengengengengengengengengengengengengengengengengengengengengengengengengengengengengengengengengengengengengengengengengengengengengengengengengengengengengengengengengengengengengengengengengengengengengengengengengengengengengengengengengengengengengengengengengengengengengengengengengengengengengengengengengengengengengengengengengengengengengengengengengengengengengengengengengengengengengengengengengengengengengengengengengengengengengengengengengengengengengengengengengengengengengengengengengengengengengeng
"Clarification regarding Cost of Smart phones (03 June, 2021)","ஸ்மார்ட் போன்களின் விலை தொடர்பான தெளிவுபடுத்தல் (03 ஜூன், 2021)","engekapaice price of smartphones (03 June, 2021)"
along with status update once resolved,நிலை புதுப்பித்தலுடன் சேர்த்து ஒருமுறை தீர்க்கப்பட்டது,engatupdatenyaatupdatenyaatupdatenyaatupdatenyaatupdatenyaatupdatenyaatupdatenyaatupdatenyaatupdatenyaatupdatenyaatupdatenyaatupdatenyaatupdatenyaatupdatenyaatupdatenyaatupdatenyaatupdatenyaatupdatenyaatupdatenyaatupdatenyaatupdatenyaatupdatenyaatupdatenyaatupdatenyaatupdatenyaatupdatenyaatupdatenyaatupdatenyaatupdatenyaatupdatenyaatupdatenyaatupdatenyaatupdatenyaatupdatenyaatupdatenyaatupdatenyaatupdatenyaatupdatenyaatupdatenyaatupdatenyaatupdatenyaatupdatenyaatupdatenyaatupdatenyaatupdatenyaatupdatenyaatupdatenyaatupdatapapap
"The Poshan Tracker system is regularly audited by auditors engaged by MWCD, for security and scalability of the system.","போஷன் டிராக்கர் அமைப்பு, அமைப்பின் பாதுகாப்பு மற்றும் அளவிடுதல் ஆகியவற்றிற்காக, MWCD ஆல் ஈடுபட்டுள்ள தணிக்கையாளர்களால் தொடர்ந்து தணிக்கை செய்யப்படுகிறது.","eng sistem Postion Tracker, for system security and measurement, is continuously audited by MWCD's auditors."
The records may be used for such audits.,அத்தகைய தணிக்கைகளுக்கு பதிவுகள் பயன்படுத்தப்படலாம்.," For such audits, records may be used."
Poshan Tracker adds new Resources on Website,ரோஷன் இணையதள அம்சத்தில் புதிய வளங்களைச் சேர்க்கிறது, RotaRation is adding new resources to its website feature.
"If this is your first time contacting us or you've lost the ticket number, please open a new ticket","நீங்கள் எங்களைத் தொடர்புகொள்வது இதுவே முதல் முறை என்றால் அல்லது டிக்கெட் நம்பரைத் தொலைத்துவிட்டால், தயவுசெய்து புதிய டிக்கெட்டைத் திறக்கவும்","eng.co.uk Jika ini pertama kalinya anda menghubungi kami atau anda kehilangan nomor tiket, silakan buka tiket baru."
"Technology under Poshan Tracker is being leveraged for dynamic identification of stunting, wasting, under-weight prevalence among children and last mile tracking of nutrition service delivery","போஷான் டிராக்கரின் கீழ் உள்ள தொழில்நுட்பம், குழந்தைகளிடையே வளர்ச்சி குன்றிய நிலை, உடல் எடை குறைதல், உடல் எடை குறைவாக இருப்பது மற்றும் ஊட்டச்சத்து சேவை விநியோகத்தின் கடைசி மைல் கண்காணிப்பு போன்றவற்றின் ஆற்றல்மிக்க அடையாளத்திற்காக பயன்படுத்தப்படுகிறது"," ""Technology under the BOSHON TRACKER"" is used to dynamically identify the developmental decline in children, weight loss, weight loss, and last mile monitoring of nutrition service delivery."
The System also takes feedback about system performance and experience.,கணினி செயல்திறன் மற்றும் அனுபவம் பற்றிய கருத்துக்களையும் கணினி எடுத்துக்கொள்கிறது., The computer also takes on ideas about computer performance and experience.
