eng,ur,mBART600M
Please go back to the homepage,براہ کرم ہوم پیج پر واپس جائیں,Please return to the homepage.
I am unable to receive OTP,میں OTP وصول کرنے سے قاصر ہوں ۔,I am unable to receive the OTP.
How to participate in Swastha Balak Balika Spardha?,صحت مند لڑکا لڑکی کے مقابلے میں کیسے حصہ لیا جائے ؟,How can a healthy boy compete against a healthy girl?
Please enter Height greater than 29.99 and less than 140.01,براہ کرم 29.99 سے زیادہ اور 140.01 سے کم اونچائی درج کریں ۔,Please enter heights above 29.99 and below 140.01.
How to ensure timely initiation of complementary feeding,تکمیلی خوراک کی بروقت شروعات کو کیسے یقینی بنایا جائے ۔,How to ensure the timely start of a supplementary diet.
Poshan Tracker App can only be installed in Android Phone with Android version 6.0 and above.,پوشن ٹریکر اپلیکیشن کو موبائل میں انسٹال کرنے کی کماز کم ضرورت اینڈروائیڈ ورژن 6.0 ہونا چاہئے,The minimum requirement to install the Pushin Tracker app on mobile should be Android version 6.0.
Who is eligible for this campaign?,اس مہم کے لیے کون اہل ہے,Who is eligible for this campaign?
General Awareness about Growth Monitoring of Children,بچوں کی گروتھ مانیٹرنگ کے بارے میں عمومی آگاہی,Our goal is to raise awareness about the monitoring of children's growth.
Wasting is defined as low weight-for-height,بربادی کی تعریف کم وزن کے لیے اونچائی کے طور پر کی گئی ہے ۔,The definition of a waste is a height for light weight.
Hot Cooked Meal (HCM) Given Today,گرم پکا ہوا کھانا ( HCM) آج دیا گیا,Ur Hot cooked food (HCM) was served today.
There are 6 categories for beneficiariesPregnant WomenLactating MotherChildren from 0 to 6 monthsChildren from 6 months to 3 yearsChildren from 3 years to 6 yearsAdolescent girls,فائدہ اٹھانے والوں کے لیے چھ زمرے ہیں ۔حاملہ خواتیندودھ پلانے والی ماںصفر سے چھ ماہ تک کے بچےچھ ماہ سے تین سال تک کے بچےتین سال سے چھ سال تک کے بچےنوعمر لڑکیاں,There are six categories for beneficiaries: Pregnant breastfeeding mothers from zero to six months of age to six months of age to six months of age to three years of age to three years of age to six years of age to teenage girls.
"Data Plan for Mobile Application (01 March, 2021)",موبائل اپلیکیشن کے لئے ڈیٹا منصوبہ (01 مارج 2021),The data plan for the mobile app (01 March 2021)
 VIII. LIMITATIONS OF MULTI- LINGUAL INTERFACE,VIII. کثیر لسانی انٹرفیس کی حدود,VIIIur. The limits of multilingual interface are limited.
Srijangram I. C. D. S. Project,سرجن گام آئی سی ڈی ایس پروجیکٹ,Surgeon Gam is the lead author of the ICDS project.
Poshan Calculator helps to identify various health conditions of the child as per World Health Organization (WHO) standards,ورلڈ ہیلتھ آرگنائزیشن ( ڈبلیو ایچ او ) کے معیار کے مطابق پوشن کیلکولیٹر بچے کی صحت کی مختلف حالتوں کی نشاندہی کرنے میں مدد کرتا ہے ۔,"The Pushur Calculator, according to the World Health Organization (WHO) standards, helps identify variations in a child's health."
How to take care of weak newborn with the help of Kangaroo Mother Care,کینگرو مدر کیئر کی مدد سے کمزور نومولود کی دیکھ بھال کیسے کی جائے ۔,How to care for a weakened newborn with the help of Kangur Mothers Care.
"Any liabilities civil or criminal, arising out of any incorrect data, shall solely lie with the concerned ASP.",کسی بھی غلط اعداد و شمار سے پیدا ہونے والی سول یا مجرمانہ ذمہ داریاں صرف متعلقہ ASP کے پاس ہوں گی ۔,Ur civil or criminal liability arising from any false data will only be with the relevant ASP.
Poshan Tracker App is available over Google playstore https://play. google. com/store/apps/details?,پوشن ٹریکر اپلیکیشن گوگل پلے استور پر دستیاب ہے,The Pushur Pun Tracker app is available on the Google Play Store and is currently available on the Google Play Store.
Can App be accessed without internet?,کیا پوشن ٹریکر اپلیکیشن اپیل بغیر انٹرنیٹ کے بھی فعال ہوگا ؟,Will the Pushin Tracker app be enabled even without an internet connection?
The Government has taken several initiatives to break the intergenerational cycle of malnutrition in children.,بچوں میں غذائی قلت کے بین المیعاد چکر کو توڑنے کے لئے حکومت نے متعدد اقدامات کئے ہیں ۔,The government has taken several steps to break the interim cycle of malnutrition in children.
"Adopting a life-cycle approach, interventions have been designed to meet the nutritional requirement of adolescent girls and boys, pregnant women, lactating mothers and children.",لائف سائیکل اپروچ مداخلت کو اپنانے کے لئے نوعمر لڑکیوں ، لڑکوں ، حاملہ خواتین اور دودھ پلانے والی ماؤں اور بچوں کی غذائی ضرورت کو پورا کرنے کے لئے ڈیزائن کیا گیا ہے ۔,"The lifecycle approach to adapting the intervention is designed to meet the nutritional needs of teenage girls, boys, pregnant women and breastfeeding mothers and babies."
Awareness for Pregnancy in Preventing Anemia,خون کی کمی کی روک تھام میں حمل کے لیے آگاہی,Ur Prevention of blood loss awareness for pregnancy in the prevention of pregnancy.
"Howrah North (U) I. C. D. S. Project, Howrah",ہوڑہ نارتھ ( اربن ) آئی سی ڈی ایس پروجیکٹ ، ہوڑہ,"Houraur North (Urban) is an ICDS project, Houra."
Birth Preparedness- For Institutional and Home Delivery,پیدائش کی تیاری - ادارہ جاتی اور گھر کی ترسیل کے لیے,Ur Birth Preparation - for institutional and home delivery.
New beneficiary addition with skip OTP option,لیو ون ٹائم پاس ورڈ آپشن کے ساتھ نیا فائدہ اٹھانے والوں کا اضافہ,Add new beneficiaries with the Live One Time Password option.
We are now available on Video Conference,اب ہم ویڈیو کانفرنس میں دستیاب ہیں,Now we are available in videoconferencing.
"Poshan Tracker App is meant for Aanganwadi workers, Anganwadi centers to enter beneficiaries data in the forms.",پوشن ٹریکر اپلی کیشن سب سے زیادہ فعال آنگن واڑی عاملین کے لئے کار آمد ہوگا آنگن واڑی مراکز پر جہاں فوائد حاصل کرنےوالوں کی معلومات تشکیل دی گئی ہیں,The Pushur Pusan Tracker app will be the carriageway for the most active Anganwadi workers at the Anganwadi centres where information on beneficiaries has been generated.
It is not at all developed for general public.,یہ عوام الناس کے لئے ہرگز نہیں ہے,But it is not for the common people at all.
How to revive your health if you are Underweight,اگر آپ کم وزن ہیں تو اپنی صحت کو کیسے زندہ کریں ۔,"If you are underweight, how do you maintain your health?"
"A healthy child is a child who is identified as Normal Child, as per WHO category, considering Age, Height and Weight of the Child.",صحت مند بچہ وہ بچہ ہوتا ہے جس کی شناخت ڈبلیو ایچ او کے زمرے کے مطابق بچے کی عمر ، قد اور وزن کی بنیاد پر کی جاتی ہے ۔,"A healthy child is a child that is identified by the WHO's age, height and weight category."
Can a beneficiary change his/her AWC?,کیا فائدہ اٹھانے والا اپنا AWC تبدیل کر سکتا ہے,Can the beneficiary change their AWC?
"We use the information we have, to help verify accounts.",اکاؤنٹس کی تصدیق میں مدد کے لیے ہم اپنے پاس موجود معلومات کا استعمال کرتے ہیں ۔,We use the information we have to help verify our accounts.
The records may be used for verification of health status for the purposes of Poshan Tracker control and response.,پوشن ٹریکر کنٹرول اور رسپانس کے مقاصد کے لیے صحت کی حالت کی تصدیق کے لیے ریکارڈ کا استعمال کیا جا سکتا ہے ۔,Records can be used to verify health status for control and response purposes.
Poshan Tracker adds new interactive feature,پوشن ٹریکر نے نیا انٹرایکٹو فیچر شامل کیا ۔,Pushur Pushin Tracker has added a new interactive feature.
What is Swastha Balak Balika Spardha?,صحت مند لڑکا لڑکی مقابلہ کیا ہے,What a healthy boy girl has competed in.
AWC Vaccination given in last 7 days,AWC ویکسینیشن پچھلے سات دنوں میں دی گئی ۔,Our AWC vaccination was given in the last seven days.
Scan the QR Code to Download the App,صرف اینڈروئیڈ کیلئے ایپ ڈاؤن لوڈ کرنے کیلئے اسکین کریں,ur Scan to download an app for Android only.
Who is eligible for Hot Cooked Meal?,گرم پکا ہوا کھانے کے لیے کون اہل ہے,Who is eligible to eat hot-cooked food?
Identifying and preventing Severe Acute Malnutrition,شدید غذائی قلت کی شناخت اور روک تھام,Ur Ur Identification and prevention of severe malnutrition
Children who are identified as deficit on nutrition are eligible for additional food supplements.,وہ بچے جن کی نشاندہی غذائیت کی کمی کے طور پر کی گئی ہےوہ اضافی فوڈ سپلیمنٹس کے اہل ہیں ۔,Children who are identified as malnourished are eligible for supplemental food supplements.
Who is eligible for additional supplementary food.,کون اضافی اضافی خوراک کا اہل ہے ۔,Who is eligible for additional supplemental doses.
"Uploading of Data of Anganwadi Services Schemes in Poshan Tracker (24 May, 2021)","پوشن ٹریکر میں آنگنواڑی سروس اسکیمیں (24 مئی , 2021)",The Anganwadi service schemes in Pushur Tracker (24 May 2021) are being implemented.
Children between 6 months - 3 years,6 ماہ سے 3 سال کے درمیان کے بچے,Children between 6 months and 3 years old.
"Ministry of Women and Child Development, Government of India, Shastri Bhawan, New Delhi",وزارت خواتین و بچوں کی ترقی ، حکومت ھند ، شاستری بھون نئی دہلی,"Ministry of Women and Child Development, Government of India, Shastri Bhavan New Delhi"
Care of the weak newborn baby - How many weak babies are we missing?,کمزور نوزائیدہ بچے کی دیکھ بھال - ہم کتنے کمزور بچے غائب ہیں,Wealthy baby care - how many of us are missing?
Underweight children who received Supplementary Nutrition,کم وزن والے بچے جنہوں نے سپلیمنٹری نیوٹریشن حاصل کی ۔,The low-weight children who received supplemental nutrition.
Identification and care of a Weak Newborn baby,کمزور نوزائیدہ بچے کی شناخت اور دیکھ بھال,Identifying and caring for a vulnerable newborn baby.
1.2. Information from use of services.,1.2. خدمات کے استعمال سے متعلق معلومات .,1.2.ur Information about the use of the services.
Take Home Ration (THR) given today,گھر لے جاؤ راشن ( ٹی ایچ آر ) آج دیا,Take home your ration (THR) today.
Please contact your respective Anganwadi Centre.,براہ کرم اپنے متعلقہ آنگن واڑی سنٹر سے رابطہ کریں ۔,Please contact your respective Anganwadi Centre.
How can I get the Certificate?,میں سرٹیفکیٹ کیسے حاصل کرسکتا ہوں,How can I get a certificate?
GOBARDANGA I. C. D. S PROJECT(U),گوبر ڈانگہ -1 آئی سی ڈی ایس پروجیکٹ ( اربن ),Gur Gur Gur Danga-1 ICDS project (Urban) is being implemented in the city.
Please fill in the form below to create a new ticket.,نیا ٹکٹ بنانے کے لیے براہ کرم نیچے دیئے گئے فارم کو پر کریں ۔,"To create a new ticket, please fill out the form below."
Anganwadi Worker will reach out to you within 48 hours.,آنگن واڑی ورکر 48 گھنٹے کے اندر آپ سے رابطہ کرے گی ۔,An Anganwadi worker will contact you within 48 hours.
Please note down the ticket number for future reference.,براہ کرم مستقبل کے حوالے کے لیے ٹکٹ نمبر نوٹ کریں ۔,Please note the ticket number for future quotations.
Scan to Download App for Android only,صرف اینڈرائیڈ کے لیے ایپ ڈاؤن لوڈ کرنے کے لیے اسکین کریں ۔,ur Scan to download the app for Android only.
Poshan Tracker is a project of Ministry of Women and Child Development.,پوشن ٹریکر وزرات برائے خواتین و ترقی اطفال کا ایک پروجیکٹ ہے ۔,The Pushur Pushun Tracker is a project of the Ministry of Women and Child Development.
Digital India Corporation is the technical partner of MoWCD.,ڈیجیٹل انڈیا ، کارپوریشن وزرات برائے خواتین و ترقی اطفال کا تکنیکی شریک ہے ۔,"Digital India, Corporation of Ministers for Women and Child Development is the technical partner of Digital India."
Poshan Tracker focuses on eradication of malnutrition from India.,پوشن ٹریکر بھارت سے ناقص غذائیت کو جڑ سے اکھاڑ پھینکنے پر اپنی توجہ مرکوز کرتا ہے ۔,Pushur Pushun Tracker focuses on uprooting malnutrition from India.
It serves as a mechanism to monitor and improvise on the service delivery under Poshan Abhiyaan,یہ پوشن ابھیان کے تحت خدمات کی فراہمی کی نگرانی کرنے اور اس میں بہتری لانے کے ایک میکانزم کے طور پر کام کرتا ہے ۔,It serves as a mechanism to monitor and improve the delivery of services under the Pusan Abhiyaan.
Is poshan trackers app available over Apple I Store also?,کیا پوشن ٹریکر اپلیکیشن اپیل I اسٹور پر بھی دستئیاب ہے,The Pushin Tracker app is also available on the Appell I Store.
Number of records becoming inactive and number of records migrating from one category to another,غیر فعال ہونے والے ریکارڈز کی تعداد اور ایک زمرے سے دوسرے میں منتقل ہونے والے ریکارڈز کی تعداد,ur number of deactivated records and number of records transferred from one category to another.
In How many languages the Poshan Tracker App is available?,پوشن ٹریکر اپلیکیشن کتنی زبانوں میں دستیاب ہے,Pushur Pushun Tracker app is available in how many languages.
AWWs are requested to enter their mobile numbers in the Login screen.,AWWs سے درخواست ہے کہ وہ اپنا موبائل نمبر اپنے لاگ ان اسکرین پر شامل کریں ایک OTP ان کے رجسٹرڈ شدہ موبائل پر بھیجا جائے گا ۔,"When AWurWs are asked to include their mobile number on their login screen, an OTP will be sent to their registered mobile."
"An OTP will be sent to your registered mobile number, post which you are required too set your MPIN.",پھر اس کے بعد آپ کو MPIN. سیٹ کرنے کی ضرورت درپیش ہوگی,Then you will need to set MPIN.
Maximum 4 children can be registered using one mobile number.,ایک موبائل نمبر کے ذریعے زیادہ سے زیادہ 4 بچوں کو رجسٹر کیا جا سکتا ہے ۔,A maximum of 4 children can be registered through a mobile number.
Measles Containing vaccine (MCV)/MR-2JE-2**DiphtheriaPertussis & Tetanus (DPT)-Booster-1OPV –Booster,خسرہ پر مشتمل ویکسین ( MCV)/ MR-2JE-2** خناقپرٹیوسس اور ٹیٹنس ( DPT) - بوسٹر -1OPV - بوسٹر,Ur Loss-containing Vaccine (MCV)/MR-2JE-2** Dysphagia and Tettinase (DPT) - Booster -1OPV - Booster
The Poshan Tracker enables real-time monitoring and tracking of all AWCs and beneficiaries on defined indicators.,پوشن ٹریکر تمام AWCs اور استفادہ کنندگان کی متعین اشارے پر حقیقی وقت کی نگرانی اور ٹریکنگ کے قابل بناتا ہے ۔,The Pushur Tracker enables real-time monitoring and tracking of all AWCs and specified indicators of users.
It is built using centralized data architecture that also aligns with the digital technology systems of other ministries and programs.,یہ سنٹرلائزڈ ڈیٹا آرکیٹیکچر کا استعمال کرتے ہوئے بنایا گیا ہے جو دوسری وزارتوں اور پروگراموں کے ڈیجیٹل ٹکنالوجی کے نظام کے ساتھ بھی مطابقت رکھتا ہے ۔,It is built using a centralized data architecture that is also compatible with the digital technology systems of other ministries and programs.
The public dashboard helps to impart transparency on services delivered to beneficiaries,عوامی ڈیش بورڈ,ur public dashboard.
"The MGRS collected primary growth data and related information from approximately 8500 children from widely different ethnic backgrounds and cultural settings (Brazil, Ghana, India, Norway, Oman and the USA)",ایم جی آر ایس نے بڑے پیمانے پر مختلف نسلی پس منظر اور ثقافتی ترتیبات ( برازیل ، گھانا ، ہندوستان ، ناروے ، عمان اور امریکہ ) کے تقریبا 8500 بچوں سے ابتدائی نمو کے اعداد و شمار اور متعلقہ معلومات اکٹھی کیں ۔,"MGRur collected early development data and related information from approximately 8,500 children from various ethnic backgrounds and cultural settings (Brazil, Ghana, India, Norway, Oman and the United States) on a large scale."
Children of different age groups are monitored on monthly basis by AWWs.,AWWs کے ذریعے مختلف عمر کے بچوں کی ماہانہ بنیادوں پر نگرانی کی جاتی ہے ۔,AWurWs monitor children of all ages on a monthly basis.
"Health indicators like Stunting, Wasting and Underweight prevalence are measured as per WHO standards.",صحت کے اشارے جیسے سٹنٹنگ ، ویسٹنگ اور کم وزن کا پھیلاؤ ڈبلیو ایچ او کے معیارات کے مطابق ماپا جاتا ہے ۔,"The spread of health indicators such as stunting, weight loss and low weight is measured according to WHO standards."
Regular growth monitoring helps AWWs to provide relevant and timely assistance to children,باقاعدگی سے ترقی کی نگرانی بچوں کو متعلقہ اور بروقت مدد فراہم کرنے میں AWWs کی مدد کرتی ہے ۔,Regular developmental monitoring helps AWWs provide relevant and timely support to children.
"Awareness for Children Stunting, Wasting to prevent malnutrition in children",بچوں میں غذائیت کی کمی کو روکنے کے لیے بچوں کو سٹنٹنگ ، ضائع کرنے کے لیے آگاہی,"To prevent malnutrition in children, children stunt, lose awareness to lose weight."
Poshan Tracker adds new application features,پوشن ٹریکر ایپلیکیشن کی نئی خصوصیات شامل کرتا ہے ۔,The Pushur Tracker app adds new features to the app.
Making or Updating Home Visit Planner and Initiating home visits,اور گھر کے دورے شروع کرنا گھر کا دورہمنصوبہ ساز بنانا یا اپ ڈیٹ کرنا,Starting home visits and building or updating a home visitor plan.
Poshan Calculator is designed to measure growth of the child based on standards defined by World Health Organization (WHO),پوشن کیلکولیٹر ورلڈ ہیلتھ آرگنائزیشن ( ڈبلیو ایچ او ) کے بیان کردہ معیارات کی بنیاد پر بچے کی نشوونما کی پیمائش کے لئے ڈیزائن کیا گیا ہے ۔,The Pushur Pushun Calculator is designed to measure a child's development based on the standards set by the World Health Organization (WHO).
Migrated from one category to another,ایک زمرے سے دوسرے زمرے میں منتقل ہوئے ۔,The class moved from one category to another.
It usually occurs when a person has not had food of adequate quality and quantity and/or they have had frequent or prolonged illnesses,یہ عام طور پر اس وقت ہوتا ہےجب کسی شخص نے مناسب معیار اور مقدار کا کھانا نہیں کھایا ہوتا ہے اور / یا اسے اکثر یا طویل بیماریاں ہوتی ہیں ۔,This usually occurs when a person has not eaten the proper quality and quantity of food and/or has frequent or chronic illnesses.
"Poshan Abhiyaan is India’s flagship programme to improve nutritional outcomes for children, adolescents, pregnant women and lactating mothers by leveraging technology, a targeted approach and convergence.",پوشن ابھیان بھارت کا ایک اہم منصوبہ ہے جو بچوں نوعمروں کے لئے غذاسے متعلق نتائج کی اصلاح کرتا ہے,Pushur Pusan Abhiyan is a major Indian project that improves nutritional outcomes for children and adolescents.
Hot Cooked Meal (HCM) given in last 30 days,پچھلے 30 دنوں میں دیا گیا گرما گرم کھانا ( HCM),"During the last 30 days, hot food (HCM) has been given."
This campaign will run from 08th to 14th Jan 2022.The Registration begins from 22nd Dec 2021 till 14th Jan 2022.,یہ مہم 08 سے 14 جنوری 2022 تک چلے گی ۔رجسٹریشن 22 دسمبر 2021 سے 14 جنوری 2022 تک شروع ہوتی ہے ۔,This campaign will run from 08 to 14 January 2022.Registration will start from 22 December 2021 to 14 January 2022.
a) 0-2 Years to be measured by AWW/ Agency Representativeb) 2 Years - 6 Years to be measured by AWW/Agency Representative/Self,a) 0-2 سال جیسا کہ آنگن واڑی ورکر / ایجنسی کے نمائندے کے ذریعہ ماپا جاتا ہے ۔b) 2 سال - 6 سال آنگن واڑی ورکر / ایجنسی کے نمائندے / خود کے ذریعہ ناپے جائیں گے ۔,a) 0-2 years as measured by the representative of the Angahwadi worker/agency.b) 2 years - 6 years will be measured by the representative of the Angahwadi worker/agency/self.
Uploading of Data of Anganwadi Services Schemes in Poshan Tracker,پوشن ٹریکر میں آنگن واڑی خدمات کی اسکیموں کا ڈیٹا اپ لوڈ کرنا,Uploading data of the Anganwadi service schemes to Pushun Tracker
How can one Download Poshan Tracker App?,کوئی شخص پوشن ٹریکر اپلیکیشن کیسے ڈاون لوڈ کر سکتا ہے,How can someone download the Passion Tracker app?
Children from 0-6 years of age are eligible for this campaign.,0-6 سال کی عمر کے بچے اس مہم کے لیے اہل ہیں ۔,Children between the ages of 0-6 are eligible for this campaign.
"Clarification regarding Cost of Smart phones (03 June, 2021)","سمارٹ فونز کی قیمت کے بارے میں وضاحت (03 جون , 2021)",A clarification on the price of smartphones (03 June 2021)
"POSHAN Abhiyaan is the Government of India's flagship programme to improve nutritional outcomes for children, adolescents, pregnant women and lactating mothers by leveraging technology, a targeted approach and convergence.",پوشن مہم حکومت ہند کا علمبردار پروگرام ہے جو بچوں کو نو عمر کے حامل حاملہ خواتین اور دودھ پلانے والی ماؤں کے لئے غذائیت کے نتائج کو بہتر بنانے کے لئے ٹکنالوجی کو ہدف بنا کر استعمال کر سکتے ہیں ۔,"The Government of India's Pioneer Programme of the ""Pushur Pushen"" campaign is a pioneering programme that aims to use technology to improve nutritional outcomes for children, pregnant and breastfeeding mothers and teenagers."
"The initiative lays emphasis on creating synergy between various programmes in health, nutrition, sanitation sectors etc.",اس اقدام کے تحت صحت اور تغذیہ سے متعلق صفائی ستھرائی شعبوں وغیرہ میں مختلف پروگراموں کے مابین ہم آہنگی پیدا کرنے پر زور دیا گیا ہے,"Under this initiative, the focus is on the coordination of various programs in the health and nutrition hygiene sectors, etc."
", to ensure efficiency and effective outcomes.",تاکہ کارکردگی اور موثر نتائج کو یقینی بنایا جاسکے ۔,ur to ensure efficiency and efficient results.
along with status update once resolved,حل ہونے کے بعد اسٹیٹس اپ ڈیٹ کے ساتھ,With the status update after resolving ur.
"The Poshan Tracker system is regularly audited by auditors engaged by MWCD, for security and scalability of the system.",پوشن ٹریکر سسٹم کا باقاعدگی سے نظام کی حفاظت اور اسکیل ایبلٹی کے لیے MWCD کے ذریعے مصروف آڈیٹرز کے ذریعے آڈٹ کیا جاتا ہے ۔,The Pushur Tracker system is regularly audited by busy auditors through MWCD for system security and scalability.
The records may be used for such audits.,ریکارڈ کو اس طرح کے آڈٹ کے لیے استعمال کیا جا سکتا ہے ۔,The ur record can be used for such an audit.
Poshan Tracker adds new Resources on Website,پوشن ٹریکر نے ویب سائٹ کی خصوصیت پر نئے وسائل کا اضافہ کیا ہے ۔,Pushur Pushun Tracker has added new resources to the website feature.
How many Children can be registered?,کتنے بچے رجسٹر کر سکتے ہیں,How many children can register?
Why I did not get the Certificate?,مجھے سرٹیفکیٹ کیوں نہیں ملا ؟,Why didn't I get a certificate?
I am unable to  install  ‘Poshan Tracker’ android app,میں ' نیوٹریشن ٹریکر ' اینڈرائیڈ ایپ انسٹال کرنے سے قاصر ہوں ۔,I am unable to install the Nutrition Tracker Android app.
The System also takes feedback about system performance and experience.,سسٹم سسٹم کی کارکردگی اور تجربے کے بارے میں بھی رائے لیتا ہے ۔,Our system also takes feedback on the performance and experience of the system.
"Information on name, mobile number, date of registration and health status may be used for these purposes",نام ، موبائل نمبر ، رجسٹریشن کی تاریخ اور صحت کی حیثیت سے متعلق معلومات ان مقاصد کے لیے استعمال کی جا سکتی ہیں ۔,"Namur, mobile number, registration date and health status information may be used for these purposes."
Tracking of services to the end beneficiary at a click of a button.,ایک بٹن کے ایک کلک پر آخری فائدہ اٹھانے والے تک خدمات کا سراغ لگانا ۔,To track services to the ultimate beneficiary with a single click of a button.
"Services like Take Home Ration (THR) and Hot cooked Meal (HCM), vaccination for Infants and Pregnant Women",ٹیک ہوم راشن ( THR) اور گرم پکا ہوا کھانا ( HCM)، شیر خوار بچوں اور حاملہ خواتین کے لیے ویکسینیشن جیسی خدمات,"services such as take-home ration (THR) and hot cooked food (HCM), vaccination for infants and pregnant women."
"New Poshan Tracker App (13 January, 2021)",جدید پوشن ٹریئکر اپلی کیشن :(13 جنوری 2021),The latest push tracker app is: (((13 January 2021)
Preventing illnesses to avert Malnutrition and Death,غذائی قلت اور موت سے بچنے کے لیے بیماریوں سے بچاؤ,"To prevent malnutrition and death, prevent diseases."
Scan the QR Code to Download the App,ایپ ڈاؤن لوڈ کرنے کے لیے کیو آر کوڈ اسکین کریں ۔,Scan the QR code to download the app.
Make sure you are registered with this mobile no.,یقینی بنائیں کہ آپ اس موبائل نمبر کے ساتھ رجسٹرڈ ہیں ۔,Make sure you are registered with that mobile number.
Pregnant women who received Take Home Ration (THR),حاملہ خواتین جنہوں نے ٹیک ہوم راشن ( THR) حاصل کیا,For pregnant women who have received a Tech Home Ration (THR).
How to Add a Child for the first time?,پہلی بار بچے کو کیسے شامل کریں ؟,How do you include a child for the first time?
General Awareness on SAM and MAM,SAM اور MAM پر عمومی آگاہی,General awareness on SAMur and MAM.
Your android app version should be above version 6.0.,آپ کے Android ایپ کا ورژن 6.0 سے اوپر ہونا چاہیے ۔,Your Android app must be version 6.0 or higher.
"App can be accessed offline, currently daily tracking feature is available for offline data entry.Offline mode can store latest 3 days data.",جی نہیں ، پوشن ٹریکر اپلی کیشن بغیر انٹرنیٹ رابطے کے فعال نہیں ہوگا ۔,"Yes, the Push Tracker app will not be enabled without an internet connection."
These organizations will not use the APIs/ No-code webpage integration to encourage or promote illegal activity or violation of third-party rights including these Terms with Poshan Tracker.,یہ تنظیمیں APIs / بغیر کوڈ ویب پیج انضمام کو غیر قانونی سرگرمی یا تیسرے فریق کے حقوق کی خلاف ورزی کی حوصلہ افزائی یا فروغ دینے کے لیے استعمال نہیں کریں گی جن میں پوشن ٹریکر کے ساتھ یہ شرائط شامل ہیں ۔,"These organizations will not use API/codeless webpage integration to encourage or promote illegal activity or violation of third party rights, including these terms with the PushTracker."
"Pregnant Women, Lactating Mothers, Children from 6 months to 3 years and adolescent girls.",حاملہ خواتین ، دودھ پلانے والی مائیں ، چھ ماہ سے تین سال تک کے بچے اور نوعمر لڑکیاں ۔,"This includes pregnant women, breastfeeding mothers, infants and teenage girls aged six months to three years."
Health ID has now been renamed to Ayushman Bharat Health Account (ABHA),ہیلتھ آئی ڈی کا نام اب آیوشمان بھارت ہیلتھ اکاؤنٹ ( ABHA) رکھ دیا گیا ہے ۔,The name of the Health ID of Ur has now been changed to Ayushman Bharat Health Account (ABHA).
"New Poshan Tracker App : CSC-SPV Nodal Person (02 February, 2021)",جدید پوشن ٹریئکر اپلی کیشن : CSC- SPV نوڈل پرسن (02 فروری 2021),The latest Pushin Tracker app: CSC-SPV noodle person (02 February 2021) is also available.
An AWW can use ‘Migrate Beneficiary’ option to migrate a beneficiary from one AWC to another AWC basis their Aadhaar number.,AWW ایک AWC سے دوسرے AWC میں اس کے آدھار نمبر کی بنیاد پر استفادہ کنندہ کو منتقل کرنے کے لیے ' مائیگریٹ بینیفشری ' کا اختیار استعمال کر سکتا ہے ۔,AWur AWW can use the option of 'Migrant Benefit' to transfer a beneficiary from one AWC to another AWC based on its Aadhaar number.
A beneficiary is eligible for HCM for at least 21 days in a month.,ایک استفادہ کنندہ مہینے میں کم از کم اکیس دنوں کے لیے HCM کا اہل ہے ۔,A beneficiary is eligible for HCM for at least twenty-one days per month.
ABHA (Health ID) and its Benefits,ABHA ( صحت کا شناختی کارڈ ) اور اس کے فوائد,ABur ABHA (Health ID Card) and its benefits.
"We'ar sorry, the page you requested could not be found.",ہمیں افسوس ہے کہ آپ نے جس صفحے کو درخواست کی وہ نہیں مل سکا ۔,We are sorry that you did not find the page you requested.
Dadra & Nagar Haveli - Daman & Diu,دادرا اور نگر حویلی ۔دمن اور دیو,Dadur Dadra and Nagar Haveli - Daman and Dev
Download Mobile App from Play Store,پلے اسٹور سے موبائل ایپ ڈاؤن لوڈ کریں ۔,Download the mobile app from the Playur Play Store.
General Awareness on the Delivery of the child,بچے کی ترسیل کے بارے میں عمومی آگاہی,Ur General awareness about the delivery of the child.
Where can I enquire about Hot Cooked Meal?,میں گرم پکے ہوئے کھانے کے بارے میں کہاں پوچھ سکتا ہوں,Where can I ask about hot cooked food?
In how many languages AWW can enter the data while filling up the form?,AWW یا AWC میں کتنی زبانوں میں ڈیٹا داخل یا فارم پر کیا جا سکتا ہے,How many languages can be entered into AWurW or AWC or data can be entered on a form?
Children who are identified as deficit on nutrition are eligible for additional food supplements.,وہ بچے جن کی نشاندہی غذائیت کی کمی کے طور پر کی گئی ہےوہ اضافی فوڈ سپلیمنٹس کے اہل ہیں ۔,Children who are identified as malnourished are eligible for supplemental food supplements.
An underweight person is a person whose body weight is considered too low to be healthy,کم وزن والا وہ شخص ہے جس کے جسمانی وزن کو صحت مند ہونے کے لیے بہت کم سمجھا جاتا ہے ۔,A low-weight is a person whose body weight is considered too low to be healthy.
When and how to use MPIN?,MPIN کا استعمال کب اور کیسے کریں ؟,When and how should I use MPurIN?
What are the pre-requisite to participate in this campaign?,اس مہم میں حصہ لینے کے لیے کیا شرائط ہیں,What are the conditions for participating in this campaign?
Ensuring that complementary feeding improves over time,اس بات کو یقینی بنانا کہ تکمیلی خوراک وقت کے ساتھ بہتر ہوتی ہے ۔,Ensuring that the supplementary diet improves over time.
Using ABHA (Health ID) is the first step towards creating safer and efficient digital health records for you and your family.,ABHA ( شناختی کارڈ ) کا استعمال آپ اور آپ کے خاندان کے لیے محفوظ اور موثر ڈیجیٹل ہیلتھ ریکارڈ بنانے کی طرف پہلا قدم ہے ۔,Using ABurHA (ID card) is the first step towards creating a safe and effective digital health record for you and your family.
ABHA (earlier known as Health ID) is an acronym for Ayushman Bharat Health Account.,ABHA ( پہلے ہیلتھ آئی ڈی کے نام سے جانا جاتا تھا) آیوشمان بھارت ہیلتھ اکاؤنٹ کا مخفف ہے ۔,ABur ABHA (formerly known as Health ID) is an acronym for Ayushman Bharat Health Account.
AWW/AWCs can only be added by nodal level official.Anybody in the above rank in the hierarchy.,AWW/ AWCs پر صرف نوڈل سطح کےآفیسر کے ذریعہ ہی شامل ہوا جا سکتا ہےایسا شخص جو حسب مراتب سے بالاتر ہو قومی سطح کے استعمال کرنے والے ہی بناسکتے ہیںریاست ضلع پروجیکٹ اورخطوں کی سطح کے استعمال کرنے والے پروجیکٹ کی سطح کے استعمال کرنے والے خطوں کی سطح پر بنا سکتے ہیں,"AWWs/AWCs can only be joined by a noodle-level officer, a person who is above the ranking can only be created by national level users state district project users and regions using project level users can build at project level users regions."
Where can I enquire about take home ration?,میں گھر پر راشن لے جانے کے بارے میں کہاں پوچھ سکتا ہوں,Where can I ask about taking home the ration?
Hot Cooked Meal (HCM) given in last 7 days,گرم پکا ہوا کھانا ( ایچ سی ایم ) پچھلے سات دنوں میں دیا گیا,Ur Hot cooked food (HCM) served in the last seven days.
"You can contact the representatives at the following places -Rural Areas: AWCs, Primary schools, Panchayat, Home, PHCUrban Areas: AWCs, Camps by employer at SEZ etc.",آپ درج ذیل مقامات پر نمائندوں سے رابطہ کر سکتے ہیں ۔,You can contact the representatives at the following locations.
We use the information we collect from all our services for the following purposes:,ہم اپنی تمام سروسز سے جمع کردہ معلومات کو درج ذیل مقاصد کے لیے استعمال کرتے ہیں,We use the information we collect from all our services for the following purposes:
Identification & Referral of Sick Newborn,بیمار نومولود کی شناخت اور حوالہ,Identification and referral of a sick newborn
 XIV. CORRECTNESS OF DATA PROVIDED BY THIRD PARTY SYSTEMS,XIV. فریق ثالث کے نظام کے ذریعے فراہم کردہ ڈیٹا کی درستگی,XIVur. Accuracy of data provided by third party systems.
Who is eligible for Take Home Ration?,ٹیک ہوم راشن کے لیے کون اہل ہے,Who is eligible for the Tech Home Ration?
Supporting mothers with issues in Breastfeeding,دودھ پلانے کے مسائل میں مبتلا ماؤں کی مدد کرنا,ur helping mothers with breastfeeding problems.
What is the purpose of this Campaign?,اس مہم کا مقصد کیا ہے,What is the purpose of this campaign?
"The proposed system should enable real-time monitoring and tracking of all AWCs, AWWs and beneficiaries on the defined indicators.",مجوزہ نظام کو طے شدہ اشارے پر تمام AWCs ، AWWs اور مستفید افراد کی اصل وقت کی نگرانی اور ان سے باخبر رہنے کے قابل بنانا چاہئے ۔,"The proposed system should enable real-time monitoring and tracking of all AWCs, AWWs and beneficiaries at a predetermined rate."
— Select An Anganwadi Center —,- ایک آنگن واڑی مرکز کا انتخاب کریں -,-ur Choose an Anganwadi Centre -
Above standards are defined as per given above mentioned age brackets,مذکورہ بالا عمر بریکٹ کے مطابق اوپر کے معیارات کی وضاحت کی گئی ہے ۔,The above standards are defined according to the above age brackets.
"If a person is underweight, their body may not be getting the nutrients it needs to build healthy bones, skin and hair",اگر کسی شخص کا وزن کم ہے ،تو اس کے جسم کو صحت مند ہڈیوں ، جلد اور بالوں کی تعمیر کے لیے ضروری غذائی اجزاء نہیں مل رہے ہوں گے ۔,"If a person is underweight, his body will not be able to get the nutrients needed to build healthy bones, skin and hair."
"It enables your interaction with participating healthcare providers, and allows you to receive your digital lab reports, prescriptions and diagnosis seamlessly from verified healthcare professionals and health service providers.",یہ شرکت کرنے والے صحت کی دیکھ بھال فراہم کرنے والوں کے ساتھ آپ کے تعامل کو قابل بناتا ہے ،اور آپ کو تصدیق شدہ صحت کی دیکھ بھال کے پیشہ ور افراد اور صحت کی خدمات فراہم کرنے والوں سے بغیر کسی رکاوٹ کے اپنی ڈیجیٹل لیب کی رپورٹس ، نسخے اور تشخیص حاصل کرنے کی اجازت دیتا ہے ۔,"This enables you to interact with participating healthcare providers, and allows you to get reports, prescriptions and diagnoses of your own digital lab without interruption from certified healthcare professionals and healthcare providers."
Bacillus Calmette Guerin (BCG)Oral Polio Vaccine (OPV)-0 dose Hepatitis B birth dose OPV-1 T,بیسیلس کالمیٹ گورین ( بی سی جی ) اورل پولیو ویکسین ( OPV)-0 خوراک ہیپاٹائٹس بی پیدائشی خوراک OPV-1 T,Basil's Calmetin Gourine (BCG) Oral Polio Vaccine (OPV)-0 dose of hepatitis B Birthday dose of OPV-1 T
Take Home Ration (THR) given in last 7 days,پچھلے سات دنوں میں دیا گیا گھر راشن ( ٹی ایچ آر ) لے جائیں,Take home the ration (THR) given in the last seven days.
Training on ICT Platform under POSHAN Abhiyaan,غذائیت مہم کے تحت یکات پلیٹ فارم پر تربیت,Training on the Yakat platform under the Nutrition Campaign of Yakurur
"Know more about stunting, wasting and underweight",سٹنٹنگ ، ضائع کرنے اور کم وزن کے بارے میں مزید جانیں ۔,"Learn more about stunting, weight loss and weight loss."
What information to be added in AWC forms?,AWC میں کونی معلومات درکار ہوتی ہیں,What information is required in our AWC?
How to revive your health if you are Moderately Wasted (MAM),اگر آپ اعتدال پسند ضائع ( MAM) ہیں تو اپنی صحت کو کیسے زندہ کریں ۔,"If you are a moderate amnesiac (MAM), how do you restore your health?"
AWC Workers Registered In Last 30 Days,AWC عاملین آخری 30 دنوں میں رجسٹرڈ ہے,Our AWC workers have been registered in the last 30 days.
Click on above button to get this App,اس ایپ کو حاصل کرنے کے لئے اوپر والے بٹن پر کلک کریں,"To access this app, click on the button above."
Beneficiaries Registered In Last 30 Days,فائدہ اٹھانے والوں نے گذشتہ 30 دنوں میں اندراج کیا,The beneficiaries of the scheme have registered in the last 30 days.
Specifications of Smart phone and Technical Compatibility Testing,سمارٹ فون اور تکنیکی مطابقت کی جانچ کی تفصیلات,Smartphone and technical compatibility test details
Preparation During Pregnancy - For NewBorn Care & Family Planning,حمل کے دوران تیاری - نوزائیدہ کی دیکھ بھال کے لیے,Preparation during pregnancy - for the care of the newborn baby.
Contact health centre for Lactating Mother,دودھ پلانے والی ماں کے لیے مرکز صحت سے رابطہ کریں ۔,Contact the health center for breastfeeding mothers.
Stunting is the impaired growth and development that children experience from poor nutrition,سٹنٹنگ ایک خراب نشوونما اور نشوونما ہے جس کا تجربہ بچوں کو ناقص غذائیت سے ہوتا ہے ۔,Sturning is a poor growth and development that is experienced by children with malnutrition.
Children in the age group of 3 years to 6 years,تین سال سے چھ سال کی عمر کے بچے,We have children between the ages of three and six years old.
What is the eligibility of a beneficiary?,فائدہ اٹھانے والے کی اہلیت کیا ہے,ur What is the qualification of the beneficiary?
Who are the target userbase of Poshan Tracker App?,پوشن ٹریکر اپلی کیشن کے مطلوبہ مستعمل بنیادی طور پر کون ہوں گے,The intended users of the Pushur Tracker app will be primarily who will be the intended users.
"It often indicates recent and severe weight loss, although it can also persist for a long time",یہ اکثر حالیہ اور شدید وزن میں کمی کی نشاندہی کرتا ہے ،حالانکہ یہ طویل عرصے تک برقرار رہ سکتا ہے ۔,"It often indicates recent and severe weight loss, although it can be sustained for a long time."
What is the minimum requirement to install Poshan Tracker App in mobile?,پوشن ٹریکر اپلیکیشن کو موبائل میں انسٹال کرنے کی کماز کم ضرورت کیا ہے,What is the minimum requirement for installing the Pushur Tracker app in mobile?
You will only access (or attempt to access) the Site by the means described in the Documentation and will comply with the terms and conditions of this Agreement.,آپ صرف دستاویز میں بیان کردہ ذرائع سے سائٹ تک رسائی ( یا رسائی کی کوشش ) کریں گے اور اس معاہدے کی شرائط و ضوابط کی تعمیل کریں گے ۔,You will only access (or attempt to access) the site from the sources specified in the document and will comply with the terms and conditions of this agreement.
"You will comply with all Central and State laws, rules and regulations applicable to you and your use of the Site and affecting any third-party rights.",آپ تمام مرکزی اور ریاستی قوانین ، آپ پر لاگو ہونے والے قواعد و ضوابط اور سائٹ کے آپ کے استعمال اور کسی بھی فریق ثالث کے حقوق کو متاثر کرنے کی تعمیل کریں گے ۔,"You will comply with all federal and state laws, regulations and regulations applicable to you and your use of the site and affecting the rights of any third party."
You can participate in Swastha Balak Balika Spardha by registering through the website https://poshantracker.,آپ ویب سائٹ https:// poshantracker. in کے ذریعے یا ' نیوٹریشن ٹریکر ' ڈاؤن لوڈ کرکے صحت مند لڑکا لڑکی کے مقابلے میں حصہ لے سکتے ہیں ۔,You can participate in the healthy boy-girl competition by visiting the website https://poshantracker.in or downloading the Nutrition Tracker.
in or by downloading ‘Poshan Tracker’ App from Google Play Store.,گوگل پلے اسٹور سے ایپ ۔,Ur app from the Google Play Store.
Please find the following steps to Login-Step 1- Open the Poshan Tracker Application on your MobileStep 2- Enter your registered Mobile Number and pre-set 4 digit MPIN.,لاگ ان کرنے کے لیے براہ کرم درج ذیل مراحل تلاش کریں - مرحلہ نمبر 1- Open the Poshan Tracker Application on your Mobile مرحلہ 2- اپنا رجسٹرڈ موبائل نمبر درج کریں اور 4 ہندسوں کا MPIN پہلے سے سیٹ کریں ۔,"To log in, please find the following steps - step 1- Open the Poshan Tracker Application on your Mobile step 2- Enter your registered mobile number and set the 4-digit MPIN in advance."
It is an initiative to mobilise and sensitize the community on the value of nutrition and identifying the health of children from 0-6 years.,یہ 0-6 سال کی عمر کے بچوں کی غذائیت اور صحت کی اہمیت کے بارے میں کمیونٹی کو منظم اور حساس بنانے کا ایک اقدام ہے ۔,This is an initiative to organize and make the community more sensitive to the importance of nutrition and health for children aged 0-6 years.
Clarification regarding Cost of Smart phones,سمارٹ فون کی قیمت کے بارے میں وضاحت,A description of the price of the smartphone.
Measles Containing vaccine (MCV)/Measles & Rubella (MR)-1Japanese Encephalitis(JE)-1**PCV-Booster,خسرہ پر مشتمل ویکسین ( MCV)/ خسرہ اور روبیلا ( MR)-1 جاپانی انسیفلائٹس ( JE)-1** PCV- بوسٹر,Ur Loss-containing vaccine (MCV)/Loss and Rubella (MR)-1 Japanese encephalitis (JE)-1** PCV-booster
Mobile number need to be validated within a week,ایک ہفتے کے اندر موبائل نمبر کی توثیق کرنے کی ضرورت ہے ۔,The mobile number must be verified within a week.
Currently a beneficiary can register by the help of an AWW,فی الحال ایک مستفید کنندہ AWW کی مدد سے رجسٹر کر سکتا ہے ۔,"Currently, a beneficiary can register with the help of AWW."
Awareness for Lactating Mother Complimentary Feeding for Children,دودھ پلانے والی ماں بچوں کے لیے مفت خوراک کے لیے آگاہی,Ur breastfeeding moms awareness for free food for babies.
New Poshan Tracker App - CSC-SPV Nodal Person,نئی پوشن ٹریکر ایپ - CSC- SPV نوڈل پرسن,The new Passion Tracker app - CSC-SPV noodle person - is also available.
1.1. Information you provide to us.,1.1. وہ معلومات جو آپ ہمیں فراہم کرتے ہیں ۔,1.1 The information you provide us with.
How can one access Poshan Tracker Dashboard?,پوشن ٹریکر ڈیش بورڈ تک کوئی کیسے پہنچ سکتا ہے,How can anyone reach the Dashboard of the Pushur Tracker?
Prevention of Anemia in children and adolescents girls,بچوں اور نوعمر لڑکیوں میں خون کی کمی کی روک تھام,It helps prevent anemia in children and teenage girls.
Gangarampur Addl. I. C. D. S Project,گنگا رام پور اڈیشنل آئی سی ڈی ایس پروجیکٹ,Gangaur Rampur is an additional ICDS project.
Can a beneficiary register directly using application.,کیا فائدہ اٹھانے والا درخواست کا استعمال کرکے براہ راست رجسٹر ہوسکتا ہے ۔,Can the beneficiary register directly using the application?
Swastha Balak Balika Spardha is a nationwide movement to promote the value of nutrition.,سوستھ بال بالیکا سپارش غذائیت کی قدر کو فروغ دینے کے لیے ایک ملک گیر تحریک ہے ۔,Sushur Balykh Sparsh is a nationwide movement to promote nutritional value.
This campaign will run from 08th- 14th January 2022 across India.,یہ مہم پورے ہندوستان میں 08-14 جنوری 2022 تک چلے گی ۔,"This campaign will run from January 08-14, 2022 across India."
The Ministry of Women and Child Development has rolled out Poshan Tracker application.,وزارت برائے خواتین اور بچوں کی ترقی نے پوشن ٹریکر کی درخواست نافذ کردی ہے ۔,The Ministry of Women and Child Development has implemented the application for the Pushin Tracker.
"The goal is to follow nutrition systems strengthening approach for improving maternal and child undernutrition, focused on strengthening implementation bottlenecks at all levels.",اس کا مقصد یہ ہے کہ ہر سطح پر عمل درآمد کی رکاوٹوں کو مضبوط بنانے پر توجہ دینے والے زچہ و بچہ کی کمی کو بہتر بنانے کے لئے غذائیت کے نظام کو تقویت بخشیں ۔,"The goal of this is to strengthen the nutrition system to improve the infant and child shortage, focusing on strengthening implementation barriers at all levels."
"The Poshan Tracker is built using centralized data architecture, that also aligns with the digital technology systems of other ministries and programs.",پوشن ٹریکر مرکزی اعداد و شمار کے فن تعمیر کا استعمال کرتے ہوئے بنایا گیا ہے جو دیگر وزارتوں اور پروگراموں کے ڈیجیٹل ٹیکنالوجی سسٹم کے ساتھ بھی موافق ہے ۔,Pushur Pushun Tracker is built using a central data architecture that is also compatible with the digital technology systems of other ministries and programs.
"The system provides a digital identity to each beneficiary through a digital card, and allows convergence of call centre with the technology platform.",یہ نظام ہر فائدہ اٹھانے والے کو ڈیجیٹل کارڈ کے ذریعہ ڈیجیٹل شناخت فراہم کرتا ہے اور ٹکنالوجی پلیٹ فارم کے ساتھ کال سینٹر میں تبدیلی کی اجازت دیتا ہے ۔,This system provides each beneficiary with digital identity via a digital card and allows for change in call center with a technology platform.
The system generates automated alerts to the critical last-mile beneficiaries.,یہ نظام آخری میل کے اہم فائدہ اٹھانے والوں کو خودکار الرٹس تیار کرتا ہے ۔,This system produces automatic alerts to the main beneficiaries of the last mile.
"It also ensures efficient audit of the delivery system, by documenting real time attendance of beneficiaries and duty bearers.",یہ فائدہ اٹھانے والوں اور ڈیوٹی اٹھانے والوں کی اصل وقت حاضری کی دستاویزات کے ذریعے ترسیل کے نظام کی موثر آڈٹ کو بھی یقینی بناتا ہے ۔,It also ensures an efficient audit of the delivery system through real-time attendance documents of the beneficiaries and the duty-takers.
"Such a robust digital technology platform and management information system, will help the mission to scale efficiently, thereby generating and documenting significant positive impact.",اس طرح کا ایک مضبوط ڈیجیٹل ٹکنالوجی پلیٹ فارم اور انتظامی انفارمیشن سسٹم مشن کو موثر انداز میں پیمانے میں مدد فراہم کرے گا جس سے اہم مثبت اثرات مرتب اور دستاویزات کی جاسکتی ہے ۔,"Such a strong digital technology platform and administrative information system will help to scale the mission efficiently, allowing for significant positive impacts and documentation."
How to Login for Swastha Balak Balika Spardha through Website?,ویب سائٹ کے ذریعے صحت مند لڑکا لڑکی کے مقابلے کے لیے کیسے لاگ ان کیا جائے ؟,How to log in to a healthy boy's girl's competition through the website of the website?
"Click on Add Child, post login and fill the required details displayed on the screen.",ایڈ چائلڈ پر کلک کریں ، لاگ ان پوسٹ کریں اور اسکرین پر ظاہر ہونے والی مطلوبہ تفصیلات کو پر کریں ۔,"Click on Adur Child, log in and post and fill in the required details that appear on the screen."
The Poshan Tracker is a job-aid to the Anganwadi worker for efficient delivery of services along with reflection of their efforts.,پوشن ٹریکر آنگن واڑی ورکر کو خدمات کی موثر فراہمی کے ساتھ ساتھ ان کی کوششوں کی عکاسی کرنے کے لیے ایک جاب ایڈ ہے ۔,Pushur Pushin Tracker is a job aid to help ensure the efficient delivery of services to the Anganwadi worker as well as to reflect their efforts.
It is a critical and beneficiary-centric service delivery Application under POSHAN Abhiyaan which will promote real time data with analytics,یہ پوشن ابھیان کے تحت ایک اہم اور فائدہ اٹھانے والے پر مبنی سروس ڈیلیوری ایپلی کیشن ہے جو تجزیات کے ساتھ حقیقی وقت کے ڈیٹا کو فروغ دے گی ۔,It is an important and beneficial service delivery application under Pusan Abhiyan that will promote real-time data with analytics.
Please enter valid Date of Birth,براہ کرم درست تاریخ پیدائش درج کریں ۔,Please enter the exact date of birth.
Who is eligible for additional supplementary food?,اضافی اضافی خوراک کے لیے کون اہل ہے,Who is eligible for the supplementary supplementary dosage?
Contact health centre for Pregnant Woman,حاملہ خواتین کے لیے مرکز صحت سے رابطہ کریں ۔,Contact the Health Center for Pregnant Women.
How many different types of reports can be generated over Poshan Tracker Dashboard?,پوشن ٹریکر ڈیش بورڈ سے کتنی اقسام کی رپورٹیں بر آمد کی جا سکتی ہیں,How many types of reports can be imported from the Dashboard of the Pushur Tracker Tracker?
How to revive your health if you are Severely Wasted (SAM),اگر آپ شدید طور پر ضائع ہوئے ہیں( SAM) تو اپنی صحت کو کیسے زندہ کریں ۔,If you are seriously lost (SAM) how can you restore your health?
AWC Vaccination given in last 30 days,AWC ویکسینیشن پچھلے تیس دنوں میں دی گئی ۔,Our AWC vaccination was given in the last thirty days.
"See assessment charts for Stunted, Wasted and Underweight parameters",اسٹنٹڈ ، ویسٹڈ اور کم وزن کے پیرامیٹرز کے لیے تشخیصی چارٹ دیکھیں,"For the parameters of stunted, vested and low weight, see the diagnostic chart."
Resources for growth monitoring and general awareness,ترقی کی نگرانی اور عمومی آگاہی کے لیے وسائل,We have resources for monitoring and raising public awareness of development.
AWW are required to enter details related to infrastructure present in a particular Anganwadi centre.,AWW میں موجودہ بنیادی ڈھانچے کے متعلق معلومات درج کرنا درکار ہوتی ہے,AWurW requires you to enter information about existing infrastructure.
"This includes structure, basic amenities, facilities, sanitization, drinking water etc.",اس میں بنیادی عمارت ، بنیادی سہولیات صفائی اور صاف پینے کا پانی وغیرہ شامل ہیں,"This includes basic building, basic facilities for cleaning and drinking water, etc."
Lactating mothers who received Take Home Ration (THR),دودھ پلانے والی مائیں جنہوں نے ٹیک ہوم راشن ( THR) حاصل کیا,"""Mother-to-be breastfeeding mothers who received a Tech Home Ration (THR)"
Registration of Child 6 months to 3 years,چھ ماہ سے تین سال تک کے بچے کی رجسٹریشن,Registration of children from six months to three years of age.
What is the eligibility of a beneficiary?,فائدہ اٹھانے والے کی اہلیت کیا ہے,ur What is the qualification of the beneficiary?
"No, Poshan Tracker is available only for Android version",جی نہیں ، پوشن ٹریکر صرف اینڈروائیڈ کے ورژن میں ہی دستیاب ہے,"Yes, yes, the Push Tracker is only available in the Android version."
 XV. INDEMNITY AND LIMITATION OF LIABILITY,XV. معاوضہ اور ذمہ داری کی حد,XVur. Compensation and limitation of liability
Growth monitoring report for all health indicators,صحت کے تمام اشاریوں کے لیے گروتھ مانیٹرنگ رپورٹ,growth monitoring report for all health indicators.
Take Home Ration (THR) given in last 30 days,گذشتہ 30 دنوں میں دیئے گئے ہوم راشن ( THR) لیں,Take home ration (THR) given in the last 30 days.
Children are defined as stunted if their height-for-age is more than two standard deviations below the WHO Child Growth Standards median,بچوں کو اسٹنٹڈ کے طور پر بیان کیا جاتا ہے اگر ان کی عمر کے لحاظ سے قد WHO چائلڈ گروتھ اسٹینڈرڈ میڈین سے دو معیاری انحراف سے زیادہ ہے ۔,Stunted children are defined as having a height of more than two standard deviations from the WHO Child Growth Standard.
What is the purpose of Launching Poshan Tracker?,پوشن ٹریکر کی ابتدا کا مقصد کیا ہے,What is the purpose of the origin of the Pushur Pusan Tracker?
" XIII. COMPLIANCE WITH LAW, THIRD PARTY RIGHTS, AND OTHER TERMS OF SERVICE",XIII. قانون ، فریق ثالث کے حقوق ، اور سروس کی دیگر شرائط کے ساتھ تعمیل,"XIIIur. compliance with the law, third party rights, and other terms of service."
"repeated infection, and inadequate psychosocial stimulation",بار بار انفیکشن اور ناکافی نفسیاتی محرک,Recurrent infections and insufficient psychological stimulation.
Beneficiary migration from one AWC to another AWC,فائدہ اٹھانے والوں کی ایک AWC سے دوسری AWC میں منتقلی,The transfer of beneficiaries from one AWC to another AWC.
"Training on ICT Platform under POSHAN Abhiyaan (02 February, 2021)",ICT پلیٹ فارم پر تربیت پوشن ابھیان کے تحت (02 فروری 2021),Training on the ICTur platform under Pushn Abhiyan (02 February 2021)
Registration of Child 3 years to 6 years,تین سال سے چھ سال تک کے بچے کی رجسٹریشن,Registration of children from three to six years of age.
"I do not have the measuring device, whom to contact in order to measure the height & weight of the child?",میرے پاس پیمائش کرنے والا آلہ نہیں ہے ،اپنے بچے کے قد اور وزن کی پیمائش کے لیے کس سے رابطہ کروں ؟,"If I don't have a measuring instrument, who should I contact to measure my child's height and weight?"
When is the Swastha Balak Balika Spardha happening?,صحت مند لڑکوں کی لڑکیوں کا مقابلہ کب منعقد ہو رہا ہے,When is the Healthy Boys Girls Competition taking place?
Poshan Tracker App is available in 22 different languagesThe various languages available are:EnglishHindiGujaratiPunjabiMarathiBanglaKannadaTamilTeluguMalyalamOdiaAssameseNepaliDogriKonkaniSindhiBodoMaithiliManipuriSanthaliUrduKashmiri,پوشن ٹریکر اپلیکیشن بارہ (22 ) مختلف زبانوں میں دستیاب ہےمختلف زبانوں میں دستیاب ہےانگریزیہندیگجراتیپنجابیمراٹھیبنگلہکنڑتملتیلگوملیالماڑیہاسامی NepaliDogriKonkaniSindhiBodoMaithiliManipuriSanthaliUrduKashmiri,The Pushin Tracker app is available in twelve (22) different languages available in different languages English HindiGujaratiPunjabiMaraadhiBingla and HindiTamilGumliMariaAnam NepaliDogriKonkaniSindhiBodoMaithiliManipuriSanthaliUrduKashmiri
"The proposed system should enable real-time monitoring and tracking of all AWCs, AWWs and beneficiaries on the defined indicators.",مجوزہ نظام کو مقررہ اشارے پر تمام AWCs AWWs اور مستفید افراد کی اصل وقت کی نگرانی اور ان سے باخبر رہنے کے قابل بنانا چاہئے ۔,The proposed system should enable real-time monitoring and tracking of all AWWs and AWWs and beneficiaries at a fixed indicator.
How to Login in Poshan Tracker App?,پوشن ٹریکر اپلی کیشن پر کس طرح لاگ ان کریں ؟,How to log in to the Pushur Tracker app?
Height and weight of child has not been measured,بچے کے قد اور وزن کی پیمائش نہیں کی گئی ہے,The child's height and weight have not been measured.
How to Login on Swastha Balak Balika Spardha through Application?,درخواست کے ذریعے صحت مند لڑکا لڑکی کے مقابلے میں لاگ ان کیسے کریں ؟,How can a healthy boy compare to a girl by logging in via the appur?
Calculator to measure the child growth based on the WHO Child Growth Standards.,WHO چائلڈ گروتھ اسٹینڈرڈز کی بنیاد پر بچوں کی نشوونما کی پیمائش کرنے کے لیے کیلکولیٹر ۔,Calculator to measure child development based on WHO Child Growth Standards.
TAKE HOME RATION (THR) GIVEN TODAY,آج دی گئی ہوم راشن ( THR) لیں,Take home the home ration (THR) given today.
A beneficiary is eligible for THR for at least 21 days in a month.,ایک فائدہ اٹھانے والا ایک مہینے میں کم از کم اکیس دن کے لئے ٹی ایچ آر کا اہل ہے ۔,A beneficiary of a TUR is eligible for a THR for at least twenty-one days a month.
 III. NOTICE REGARDING FUTURE CHANGES TO TERMS:,III. شرائط میں مستقبل کی تبدیلیوں سے متعلق نوٹس :,IIIur. Notices of future changes to the terms:
Planning And Organising Community Based Events At AWC,AWC میں کمیونٹی کی بنیاد پر تقریبات کی منصوبہ بندی اور انعقاد,Planning and holding community-based events at our AWC
Please find the following steps to LoginStep 1- Click on Poshan Tracker Website https://poshantracker.,لاگ ان کرنے کے لیے براہ کرم ان مراحل پر عمل کریں ۔,"To log in, please follow these steps."
inStep 2- Enter your registered Mobile Number and pre-set 4 digit MPIN.,مرحلہ نمبر 1- نیوٹریشن ٹریکر ویب سائٹ پر کلک کریں https:// poshantracker. in مرحلہ 2- اپنا رجسٹرڈ موبائل نمبر درج کریں اور 4 ہندسوں کا MPIN پہلے سے سیٹ کریں ۔,Step 1- Click on the Nutrition Tracker website https://poshantracker.in Step 2- Enter your registered mobile number and set the 4-digit MPIN in advance.
How AWWS can sign up on the app if they are unable to register via their mobile numbers?,AWWS اپلیکیشن کو کیسے سائن اپ کریں اگر یہ موبائل نمبر کے ذریعہ رجسٹر نہ ہو تا ہو ؟,How do I sign up for the AWur AWWS app if it is not registered via mobile number?
Poshan Tracker adds new Reports feature,پوشن ٹریکر نے رپورٹس کا نیا فیچر شامل کیا ۔,Pushur Pushun Tracker has added a new feature for reports.
General Awareness about preventing illness in Children,بچوں میں بیماری سے بچاؤ کے بارے میں عمومی آگاہی,Our goal is to raise awareness about childhood prevention in children.
2. HOW WE USE PERSONAL INFORMATION,2. ہم ذاتی معلومات کو کس طرح استعمال کرتے ہیں ۔,ur 2. how we use personal information.
Please provide your mobile number and a ticket number.,براہ کرم اپنا موبائل نمبر اور ٹکٹ نمبر فراہم کریں ۔,Please provide your mobile number and ticket number.
Please contact your respective Anganwadi worker.,براہ کرم اپنی متعلقہ آنگن واڑی ورکر سے رابطہ کریں ۔,Urd please contact your relevant Anganwadi worker.
SAM Children under 5 years who received Supplementary Nutrition,SAM 5 سال سے کم عمر کے بچے جنہوں نے سپلیمنٹری نیوٹریشن حاصل کی ۔,SAMur children under 5 years of age who have received supplementary nutrition.
OPV-1Pentavalent-1Rotavirus Vaccine (RVV)-1Fractional dose of Inactivated Polio Vaccine (fIPV)-1Pneumococcal Conjugate Vaccine (PCV) -1,OPV-1 پینٹا ویلنٹ -1 روٹا وائرس ویکسین ( RVV)-1 غیر فعال پولیو ویکسین ( fIPV)-1 کی جزوی خوراکنیوموکوکل کنجوگیٹ ویکسین ( PCV) -1,OPV-1 PentaValent -1 Rota Virus Vaccine (RVV)-1 is a partial dose of the inactive poliovaccine (fIPV)-1 pneumocol conjugate vaccine (PCV) -1
How to contact Poshan Tracker Team?,پوشان ٹریکر ٹیم سے کیسے رابطہ کریں ؟,How do I contact the Pushur Tracker team?
Take Home Ration (THR) Given Today,آج دی گئی ہوم راشن ( THR) لیں,Take home the home ration (THR) given today.
How many different forms are there in Poshan Tracker App?,پوشن ٹریکر اپلیکیشن پر مختلف کتنی قسم کے فارم دستیاب ہیں,There are several different types of forms available on the Pushur Tracker app.
There are 7 different types of forms for beneficiaries.,پوشن ٹریکر اپلیکیشن پر مختلف 7 قسم کے فارم دستیاب ہیں ۔,There are 7 different types of forms available on the Pushur Tracker app.
This includes:Lactating motherPregnant womenChild 0-6 MonthsChild 6 Months to 3 YearsChild  3 Years to 6 YearsAdolescent Girls (11 Years-19 Years),دودھ پلانے والی مائیںحاملہ خواتینبچے 0-6 ماہبچے 6 ماہ سے 3 سالبچے 3 سال سے 6 سالنوعمر دوشیزہ (11 سال -19 سال,Nurse-breastfeeding mothers pregnant womenchildren 0-6 monthschildren 6 months to 3 yearschildren 3 years to 6 yearschildren 11 years to 19 years
Shibpur I C D S Project,شب پور آئی سی ڈی ایس پرویکٹ,The Shaboorpur ICDS project is being implemented.
Hot Cooked Meal (HCM) given today,گرم پکا ہوا کھانا ( ایچ سی ایم ) آج دیا گیا,Ur Hot cooked food (HCM) was served today.
"In the recent one to three months, no Aanganwadi Worker has visited the beneficiary's home",حالیہ ایک یا تین مہینوں میں ، مستفید کے گھر کا کسی بھی آنگن واڑی کارکن نے دورہ نہیں کیا ہے,"In the last one or three months, no yard worker has visited the beneficiary's home."
Please enter Weight greater than 0.49 and less than 40.01,براہ کرم 0.49 سے زیادہ اور 40.01 سے کم وزن درج کریں ۔,Please enter weights greater than 0.49 and less than 40.01.
You can register with your mobile number directly through the website https://poshantracker.in or by downloading the Poshan Tracker App.,آپ ویب سائٹ https:// poshantracker. in پر اپنے موبائل نمبر سے براہ راست رجسٹر کرسکتے ہیں یا پوشن ٹریکر ایپ ڈاؤن لوڈ کرکے ۔,You can register directly from your mobile number on the website https://poshantracker.in or by downloading the Pushn Tracker app.
MPIN is a 4 digits passcode which is set by an Anganwadi worker while registering over the Poshan Tracker App.,MPIN. ایک چار عدد پاس ورڈ ہے جو آنگن واڑی عاملین کے ذریعہ سیٹ کیا جاتا ہےجب وہ پوشن ٹریکر اپلیکیشن کے لئے رجسٹر کرتے ہیں,MPur. is a four digit password that is set by the employees of the courtroom when they register for the Passion Tracker app.
"Specifications of Smart phone and Technical Compatibility Testing (02 February, 2021)",اسمارٹ فون کی خصوصیات اور تکنیکی ہم آہنگی کی جانچ (02 فروری 2021),ur Testing of the features and technical compatibility of the smartphone (02 February 2021)
Request for child's height and weight measurement,بچے کے قد اور وزن کی پیمائش کی درخواست,ur request for measuring the height and weight of the baby.
Children (6 months - 3 years),بچے (6 مہینے - 3 سال ),Children (6 months - 3 years)
How to register for Swastha Balak Balika Spardha?,صحت مند لڑکا لڑکی کے مقابلے کے لیے کیسے رجسٹر ہوں,How to register for a healthy boy girl competition
"Result couldn't be fetch, please enter valid data",نتیجہ حاصل نہیں کیا جا سکا ، براہ کرم درست ڈیٹا درج کریں ۔,"If the result could not be obtained, please enter the correct data."
Central Golaghat I. C. D. S. Project,گول گھاٹ سنترل آئیسی ڈی ا س پروجیکٹ,Round Ghat Central is the ICDS project.
