eng,gu,indic_trans_translated
The Site is directed to the people residing in India.,આ સાઇટ ભારતમાં રહેતા લોકો માટે નિર્દેશિત છે.,The site is targeted for people residing in India.
We do not represent that Content available on or through the Site is appropriate or available in other locations.,અમે એવું પ્રતિનિધિત્વ કરતા નથી કે સાઇટ પર અથવા તેના દ્વારા ઉપલબ્ધ સામગ્રી યોગ્ય છે અથવા અન્ય સ્થળોએ ઉપલબ્ધ છે.,We do not represent that the content available on or through the site is correct or is available in other places.
We may limit the availability of the Site or any service or product described on the Site to any person or geographic area at any time.,અમે કોઈપણ સમયે કોઈપણ વ્યક્તિ અથવા ભૌગોલિક વિસ્તાર માટે સાઇટ અથવા સાઇટ પર વર્ણવેલ કોઈપણ સેવા અથવા ઉત્પાદનની ઉપલબ્ધતાને મર્યાદિત કરી શકીએ છીએ.,We may at any time limit the availability of any service or product described on the site or site to any person or geographical area.
"If you choose to access the Site from outside India, you do so at your own risk.","જો તમે ભારતની બહારથી સાઇટને એક્સેસ કરવાનું પસંદ કરો છો, તો તમે તમારા પોતાના જોખમે આમ કરો છો.","If you choose to access the site from outside India, you do so at your own risk."
Please go back to the homepage,કૃપા કરીને હોમપેજ પર પાછા જાઓ,Please return to homepage
Please enter Height greater than 29.99 and less than 140.01,કૃપા કરીને 37.99 કરતાં વધુ અને 150.01 કરતાં ઓછી ઊંચાઈ દાખલ કરો,Please enter a height of more than 37.99 and less than 150.01
"While login to the Poshan Tracker App, AWWs are required to enter the MPIN set by them.","પોષણ ટ્રેકર એપ્લિકેશન પર લૉગિન કરતાં સમયે, કાર્યકરોને તેમના દ્વારા સેટ કરેલ એમપિન દાખલ કરવો જરૂરી છે.","At the time of login to the POSHAN Tracker app, the workers are required to enter the MPIN set by them."
This MPIN will act as a passcode to run the Poshan Tracker App and entering the information in the beneficiaries forms.,આ એમપિન પોષણ ટ્રેકર એપ્લિકેશન ચલાવવા અને લાભાર્થીઓના ફોર્મમાં માહિતી દાખલ કરવા માટે પાસકોડ તરીકે કાર્ય કરશે.,This MPIN will serve as a passcode for running the POSHAN tracker application and entering information in the beneficiary's form.
How to ensure timely initiation of complementary feeding,સમયસર પૂરક ખોરાક શરૂઆત કર્યાની ખાત્રી કેવી રીતે કરવી,How to ensure you start on time
Poshan Tracker App can only be installed in Android Phone with Android version 6.0 and above.,પોષણ ટ્રેકર એપ્લિકેશન ફક્ત એન્ડ્રોઇડ 6.0 અને તેથી વધુનાં સંસ્કરણ વાળ ફોનમાં ઇન્સ્ટોલ કરી શકાય છે.,The POSHAN Tracker app can be installed on a hair phone only with Android 6.0 and above.
General Awareness about Growth Monitoring of Children,બાળકોના વૃધ્ધિ-વિકાસ વિશે સામાન્ય જાગૃતિ,General Awareness on Child Development
Wasting is defined as low weight-for-height,બગાડને ઊંચાઈ માટે ઓછા વજન તરીકે વ્યાખ્યાયિત કરવામાં આવે છે,Wastage is defined as low weight for height
Hot Cooked Meal (HCM) Given Today,આજે દેવામા આવેલ ગરમ રાંધેલ ભોજન (HCM),Hot Cooked Meals (HCM) distributed today
There are 6 categories for beneficiariesPregnant WomenLactating MotherChildren from 0 to 6 monthsChildren from 6 months to 3 yearsChildren from 3 years to 6 yearsAdolescent girls,લાભાર્થીઓ માટે 6 શ્રેણીઓ છેસગર્ભા સ્ત્રીઓસ્તનપાન કરાવતી માતા0 થી 6 મહિનાના બાળકો6 મહિનાથી 3 વર્ષ સુધીના બાળકો3 વર્ષથી 6 વર્ષ સુધીના બાળકોકિશોરવયની છોકરીઓ,"There are 6 categories of beneficiaries Pregnant Women, Lactating Mothers, Children 6 months to 6 months, Children 6 months to 3 years, Children 3 years to 6 years, Adolescent Girls"
"Data Plan for Mobile Application (01 March, 2021)","મોબાઇલ એપ્લિકેશન માટે ડેટા પ્લાન (01 માર્ચ, 2021)","Data plan for mobile application (March 01, 2021)"
 VIII. LIMITATIONS OF MULTI- LINGUAL INTERFACE, VIII. બહુભાષી ઇન્ટરફેસની મર્યાદાઓ,Limitations of Multilingual Interface
Srijangram I. C. D. S. Project,શ્રીજનગ્રામ આઈ. સી. ડી. એસ. પ્રોજેક્ટ,Srijangram ICDS Project
"We may investigate any violation of these Terms, including unauthorized use of the Site.",અમે સાઇટના અનધિકૃત ઉપયોગ સહિત આ શરતોના કોઈપણ ઉલ્લંઘનની તપાસ કરી શકીએ છીએ.,"We can investigate any violation of these conditions, including unauthorized use of the site."
We may provide law enforcement with information you provide to us related to your transactions to assist in any investigation or prosecution of you.,અમે કાયદાના અમલીકરણને તમારી કોઈપણ તપાસ અથવા કાર્યવાહીમાં મદદ કરવા માટે તમારા વ્યવહારોથી સંબંધિત તમે અમને પ્રદાન કરેલી માહિતી પ્રદાન કરી શકીએ છીએ.,We can provide you with the information you provide us regarding your transactions to help law enforcement in any of your investigations or proceedings.
We may take legal action that we feel is appropriate.,અમને યોગ્ય લાગે તે અમે કાનૂની પગલાં લઈ શકીએ છીએ.,We can take appropriate legal action.
Poshan Calculator helps to identify various health conditions of the child as per World Health Organization (WHO) standards,પોશન કેલ્ક્યુલેટર વર્લ્ડ હેલ્થ ઓર્ગેનાઈઝેશન (ડબ્લ્યુએચઓ) ના ધોરણો અનુસાર બાળકની વિવિધ આરોગ્ય સ્થિતિઓને ઓળખવામાં મદદ કરે છે,The POSHAN calculator helps to identify the various health conditions of the child as per World Health Organization (WHO) norms
How to take care of weak newborn with the help of Kangaroo Mother Care,કાંગારુ મધર કેરની મદદથી નબળા નવજાતની સંભાળ કેવી રીતે રાખવી,How to take care of a weak newborn with the help of Kangaroo Mother Care
"Any liabilities civil or criminal, arising out of any incorrect data, shall solely lie with the concerned ASP.","કોઈપણ ખોટા ડેટાને કારણે ઉદ્ભવતી કોઈપણ જવાબદારીઓ સિવિલ અથવા ફોજદારી, ફક્ત સંબંધિત ASP પાસે જ રહેશે.","Any liability arising out of any false data, whether civil or criminal, shall remain with the concerned ASP only."
Poshan Tracker App is available over Google playstore https://play. google. com/store/apps/details?,પોષણ ટ્રેકર એપ્લિકેશન ગૂગલ પ્લે સ્ટોર https://play. google. com/store/apps/details?,The POSHAN Tracker App is available on Google Play Store at https: / / play.google.com / store / apps / details? id = html
Can App be accessed without internet?,શું આ એપ્લિકેશનને ઇન્ટરનેટ વિના ચલાવી શકાય છે?,Can this application be run without internet?
The Government has taken several initiatives to break the intergenerational cycle of malnutrition in children.,બાળકોમાં કુપોષણના અંતર્ગત ચક્રને તોડવા સરકારે અનેક પહેલ કરી છે.,The Government has taken several initiatives to break the cycle of malnutrition among children.
"Adopting a life-cycle approach, interventions have been designed to meet the nutritional requirement of adolescent girls and boys, pregnant women, lactating mothers and children.","જીવન ચક્રના અભિગમને અપનાવી, દખલગીરી કિશોરવયની છોકરીઓ અને છોકરાઓ, સગર્ભા સ્ત્રીઓ, સ્તનપાન કરાવતી માતાઓ અને બાળકોની પોષક જરૂરિયાતને પહોંચી વળવા માટે બનાવવામાં આવી છે.","The interventions have been designed to address the nutritional needs of adolescent girls and boys, pregnant women, lactating mothers and children."
Awareness for Pregnancy in Preventing Anemia,સગર્ભાવસ્થામાં એનિમિયાની અટકાયત માટે જાગૃતિ,Awareness for prevention of Anaemia During Pregnancy
"Howrah North (U) I. C. D. S. Project, Howrah","હાવરા નોર્થ (યુ) આઈ. સી. ડી. એસ. પ્રોજેક્ટ, હાવરા","Howrah North (U) ICDS Project, Howrah"
Birth Preparedness- For Institutional and Home Delivery,જન્મની તૈયારી- સંસ્થાકીય અને ઘરે પ્રસૂતિ માટે,Birth Preparations for institutional and home delivery
New beneficiary addition with skip OTP option,OTP વિકલ્પ ઉમેરવા સાથે નવા લાભાર્થી ઉમેરવા,To add new beneficiary with OTP option
We are now available on Video Conference,અમે હવે વીડિયો કોન્ફરન્સ પર ઉપલબ્ધ છીએ,We are now available through video conference
"Poshan Tracker App is meant for Aanganwadi workers, Anganwadi centers to enter beneficiaries data in the forms.","ફોર્મમાં લાભાર્થીઓનો ડેટા દાખલ કરવા માટે પોષણ ટ્રેકર એપ્લિકેશન, આંગણવાડી કાર્યકરો, આંગણવાડી કેન્દ્રો માટે છે.","The POSHAN tracker application for entering beneficiary data in the form is for Anganwadi Workers, Anganwadi Centres."
It is not at all developed for general public.,તે સામાન્ય લોકો માટે બિલકુલ વિકસિત નથી.,It is not at all developed for the common man.
Swastha Balak/Balika Spardha Mission is about celebrating the health of children in India.,Swastha Balak/Balika Spardha Mission is about celebrating the health of children in India.,Swastha Balak / Balika Spardha Mission is about celebrating the health of children in India.
It entails identification and awareness of health conditions and providing necessary support wherever required.,It entails identification and awareness of health conditions and providing necessary support wherever required.,It indicates identification and awareness of health conditions and providing adequate support wherever required.
”Our Privacy Policy applies when you use our Services (described below).,"""Our Privacy Policy applies when you use our Services (described below).",Our Privacy Policy applications when you use our Services (described below).
"This Privacy Policy is meant to help you understand what information we collect, why we collect it, and how it is used and shared.","This Privacy Policy is meant to help you understand what information we collect, why we collect it, and how it is used and shared.","This Privacy Policy is meant to help you understand what information we collect, why we collect it, and how it is used and shared."
The collecting and retaining agency in respect of your information is Ministry of Women and Child Development.,The collecting and retaining agency in respect of your information is Ministry of Women and Child Development.,The collecting and retaining agency in respect of your information is Ministry of Women and Child Development.
We are committed to protecting the security of your personal information and safeguarding your privacy.,We are committed to protecting the security of your personal information and safeguarding your privacy.,We are committed to protecting the security of your personal information and protecting your privacy.
How to revive your health if you are Underweight,જો તમારું વજન ઓછું હોય તો તમારા સ્વાસ્થ્યને કેવી રીતે પુનર્જીવિત કરવું,How to restore your health if you are underweight
Can a beneficiary change his/her AWC?,શું લાભાર્થી તેનું AWC બદલી શકે છે?,Can the beneficiary change his AWC?
"We use the information we have, to help verify accounts.",અમે અમારી પાસેની માહિતીનો ઉપયોગ એકાઉન્ટ ચકાસવામાં મદદ કરવા માટે કરીએ છીએ.,We use the information we have to help us verify the account.
The records may be used for verification of health status for the purposes of Poshan Tracker control and response.,પોશન ટ્રેકર નિયંત્રણ અને પ્રતિભાવના હેતુઓ માટે આરોગ્યની સ્થિતિની ચકાસણી માટે રેકોર્ડનો ઉપયોગ કરી શકાય છે.,The records can be used to check the health status for the purposes of POSHAN tracker control and response.
Scan the QR Code to Download the App,એપ્લિકેશનને ડાઉનલોડ કરવા માટે ક્યૂઆર કોડ સ્કેન કરો,Scan the QR code to download the app
Who is eligible for Hot Cooked Meal?,ગરમ રાંધેલા ભોજન માટે કોણ પાત્ર છે?,Who is eligible for hot cooked meals?
Identifying and preventing Severe Acute Malnutrition,ગંભીર તીવ્ર કુપોષણની ઓળખ અને અટકાયત,Identification and Detention of Severe Acute Malnutrition
Children who are identified as deficit on nutrition are eligible for additional food supplements.,જે બાળકો પોષણની ઉણપ તરીકે ઓળખાય છે તેઓ વધારાના આહાર પૂરવણીઓ માટે પાત્ર છે.,Children who are known to be deficient in nutrition are eligible for additional food supplements.
Who is eligible for additional supplementary food.,વધારાના પૂરક ખોરાક માટે કોણ પાત્ર છે.,Who is eligible for additional supplementary food.
"Uploading of Data of Anganwadi Services Schemes in Poshan Tracker (24 May, 2021)","પોષણ ટ્રેકરમાં આંગણવાડી સેવા યોજનાઓનો માહિતી અદ્યતન કરવો (24 મે, 2021)","Updation of Anganwadi Services Scheme information in POSHAN tracker (24th May, 2021)"
Children between 6 months - 3 years,6 મહિનાથી 3 વર્ષનાં બાળકોની,Children (6 months to 3 years)
"Ministry of Women and Child Development, Government of India, Shastri Bhawan, New Delhi","મહિલા અને બાળ વિકાસ મંત્રાલય, ભારત સરકાર, શાસ્ત્રી ભવન, નવી દિલ્હી","Ministry of Women and Child Development, Government of India, Shastri Bhawan, New Delhi"
Care of the weak newborn baby - How many weak babies are we missing?,નબળા નવજાત બાળકની સંભાળ - આપણાથી કેટલા નબળા બાળકો છુટી જાય છે?,Care for Weak Newborns - How many of us are left out of it?
Underweight children who received Supplementary Nutrition,પૂરક પોષણ મેળવનાર ઓછા વજનવાળા બાળકો,Low birth weight children with supplementary nutrition
Identification and care of a Weak Newborn baby,નબળા નવજાત શિશુની ઓળખ અને સંભાળ,Identification and Care of a Vulnerable Newborn
1.2. Information from use of services.,1.2. સેવાઓના ઉપયોગની માહિતી.,1.2 Data on use of services.
Please contact your respective Anganwadi Centre.,કૃપા કરીને તમારા સંબંધિત આંગણવાડી કેન્દ્રનો સંપર્ક કરો.,Please contact your respective Anganwadi Centre.
GOBARDANGA I. C. D. S PROJECT(U),ગોબરદંગા આઈ. સી. ડી. એસ. પ્રોજેક્ટ (યુ),Gobardanga ICDS Project (U)
Please fill in the form below to create a new ticket.,નવી ટિકિટ બનાવવા માટે કૃપા કરીને નીચેનું ફોર્મ ભરો.,Please fill in the following form to get a new ticket:
Anganwadi Worker will reach out to you within 48 hours.,આંગણવાડી કાર્યકર 48 કલાકની અંદર તમારો સંપર્ક કરશે.,Anganwadi workers will contact you within 48 hours.
Please note down the ticket number for future reference.,ભવિષ્યના સંદર્ભ માટે કૃપા કરીને ટિકિટ નંબરની નોંધ કરી લો,Please note down the ticket number for future reference
Is poshan trackers app available over Apple I Store also?,શું પોષણ ટ્રેક્સ એપ્લિકેશન એપલ આઇ સ્ટોર ઉપર પણ ઉપલબ્ધ છે?,Is POSHAN Tracks app also available on Apple App Store?
Number of records becoming inactive and number of records migrating from one category to another,સંખ્યાબંધ રેકોર્ડ્સ નિષ્ક્રીય બની રહ્યો છે અને સંખ્યાબંધ રેકોર્ડ એક કેટેગરીમાંથી અન્ય કેટેગરીમાં સ્થળાંતરીત થઈ રહેલ છે,Number of records getting inactive and number of records getting transferred from one category to another category
In How many languages the Poshan Tracker App is available?,પોષણ ટ્રેકર એપ્લિકેશન કેટલી ભાષાઓમાં ઉપલબ્ધ છે?,How many languages is the POSHAN Tracker App available?
AWWs are requested to enter their mobile numbers in the Login screen.,આંગણ વાડી કાર્યકરોને લૉગિન સ્ક્રીન પર તેમનો મોબાઇલ નંબર દાખલ કરવા માટે વિનંતી કરવામાં આવે છે.,Anganwadi workers are requested to enter their mobile number on the login screen.
"An OTP will be sent to your registered mobile number, post which you are required too set your MPIN.","તમારા નોંધાવેલ મોબાઇલ નંબર પર એક ઓટીપી મોકલવામાં આવશે, ત્યાર પછી કે તમને એમપિન સેટ કરવું પડશે.","An OTP will be sent to your registered mobile number, after which you will have to set an MPIN."
Measles Containing vaccine (MCV)/MR-2JE-2**DiphtheriaPertussis & Tetanus (DPT)-Booster-1OPV –Booster,ઓરી ધરાવતી રસી (MCV)/MR-2JE-2**ડિપ્થેરિયાપેર્ટુસિસ એન્ડ ટેટેનસ (ડીપીટી)-બૂસ્ટર-1OPV - બૂસ્ટર,Covishield vaccine (MCV) / MR-2JE-2 * Diphtheria and Tetanus (DPT) -Booster-1OPV-Booster
The Poshan Tracker enables real-time monitoring and tracking of all AWCs and beneficiaries on defined indicators.,પોશન ટ્રેકર નિર્ધારિત સૂચકાંકો પર તમામ AWC અને લાભાર્થીઓનું રીઅલ-ટાઇમ મોનિટરિંગ અને ટ્રેકિંગ સક્ષમ કરે છે.,POSHAN tracker enables real-time monitoring and tracking of all AWCs and beneficiaries on prescribed indices.
It is built using centralized data architecture that also aligns with the digital technology systems of other ministries and programs.,તે કેન્દ્રિય ડેટા આર્કિટેક્ચરનો ઉપયોગ કરીને બનાવવામાં આવ્યું છે જે અન્ય મંત્રાલયો અને પ્રોગ્રામ્સની ડિજિટલ ટેક્નોલોજી સિસ્ટમ્સ સાથે પણ ગોઠવે છે.,It is built using the central data architecture that aligns with the digital technology systems of other ministries and programs.
The public dashboard helps to impart transparency on services delivered to beneficiaries,સાર્વજનિક ડેશબોર્ડ લાભાર્થીઓને આપવામાં આવતી સેવાઓમાં પારદર્શિતા લાવવામાં મદદ કરે છે,The Public Dashboard helps in bringing transparency in the services provided to the beneficiaries
Translations on the Poshan Tracker Portal & App Chabot are done by third party translators.,પોશન ટ્રેકર પોર્ટલ અને એપ ચાબોટ પરના અનુવાદો તૃતીય પક્ષ અનુવાદકો દ્વારા કરવામાં આવે છે.,Translations on the Potion Tracker Portal and App Chabots are done by third party translators.
"While the translations are done on a best effort basis, some of the parts may be incorrect.","જ્યારે અનુવાદો શ્રેષ્ઠ પ્રયાસના આધારે કરવામાં આવે છે, ત્યારે કેટલાક ભાગો ખોટા હોઈ શકે છે.","When translations are made on the basis of best effort, some parts may be wrong."
Certain files and other items on the website cannot be translated.,વેબસાઇટ પરની અમુક ફાઇલો અને અન્ય વસ્તુઓનું ભાષાંતર કરી શકાતું નથી.,Some files and other items on the website could not be translated.
"In addition, on translation, some applications and/or services may not function as expected, due to language barriers.","વધુમાં, ભાષાંતર પર, કેટલીક એપ્લિકેશનો અને/અથવા સેવાઓ ભાષા અવરોધોને લીધે, અપેક્ષા મુજબ કાર્ય કરી શકશે નહીં.","Further, on translation, some applications and / or services may not function as expected, due to language barriers."
"We are working constantly to rectify any errors, omissions, or ambiguities in the translations provided on this portal.","અમે આ પોર્ટલ પર પ્રદાન કરવામાં આવેલ અનુવાદોમાં કોઈપણ ભૂલો, ભૂલો અથવા અસ્પષ્ટતાઓને સુધારવા માટે સતત કામ કરી રહ્યા છીએ.","We are constantly working to correct any errors, errors or ambiguities in the translations provided on this portal."
"The MGRS collected primary growth data and related information from approximately 8500 children from widely different ethnic backgrounds and cultural settings (Brazil, Ghana, India, Norway, Oman and the USA)","MGRS એ વ્યાપકપણે વિવિધ વંશીય પૃષ્ઠભૂમિ અને સાંસ્કૃતિક સેટિંગ્સ (બ્રાઝિલ, ઘાના, ભારત, નોર્વે, ઓમાન અને યુએસએ) ના આશરે 8500 બાળકો પાસેથી પ્રાથમિક વૃદ્ધિ ડેટા અને સંબંધિત માહિતી એકત્રિત કરી","MGRS extensively collects primary growth data and related information from around 8500 children from various ethnic backgrounds and cultural settings (Brazil, Ghana, India, Norway, Oman and USA)"
Children of different age groups are monitored on monthly basis by AWWs.,AWWs દ્વારા વિવિધ વય જૂથોના બાળકોનું માસિક ધોરણે નિરીક્ષણ કરવામાં આવે છે.,AWWs monitor children of different age groups on a monthly basis.
"Health indicators like Stunting, Wasting and Underweight prevalence are measured as per WHO standards.","સ્વાસ્થ્ય સૂચકાંકો જેમ કે સ્ટંટિંગ, વેસ્ટિંગ અને ઓછા વજનનો વ્યાપ WHO ના ધોરણો મુજબ માપવામાં આવે છે.","Health indicators such as stunting, wasting and underweight prevalence are measured as per WHO standards."
Regular growth monitoring helps AWWs to provide relevant and timely assistance to children,નિયમિત વૃદ્ધિની દેખરેખ AWW ને બાળકોને સંબંધિત અને સમયસર સહાય પૂરી પાડવામાં મદદ કરે છે,Regular growth monitoring helps AWW to provide relevant and timely support to children
"Awareness for Children Stunting, Wasting to prevent malnutrition in children","બાળકોમાં કુપોષણને રોકવા માટે બાળકોના સ્ટંટિંગ, વેસ્ટિંગ અંગે જાગૃતિ","Awareness on child stunting, wasting to prevent malnutrition in children"
Poshan Tracker adds new application features,પોષણ ટ્રેકર નવા એપ્લિકેશનની વિશેષતા ઉમેરી,POSHAN TRACKER Adds New App Features
Making or Updating Home Visit Planner and Initiating home visits,ગૃહ મુલાકાતનું આયોજન બનાવવું અથવા અપડેટ કરવું અને ગૃહ મુલાકાત શરૂ કરવી,Planning or updating a home visit and starting a home visit
Poshan Calculator is designed to measure growth of the child based on standards defined by World Health Organization (WHO),વર્લ્ડ હેલ્થ ઓર્ગનાઈઝેશન(WHO) દ્વારા નિર્ધારિત ધોરણોના આધારે બાળકના વિકાસને માપવા માટે પોષણ કેલ્ક્યુલેટર ની રચના કરવામાં આવેલ છે,The POSHAN calculator is designed to measure the development of a child based on the standards set by the World Health Organization (WHO)
Migrated from one category to another,એક કેટેગરીમાંથી અન્ય કેટેગરીમાં સ્થળાંતરીત થયેલ,Migrated from one category to another
It usually occurs when a person has not had food of adequate quality and quantity and/or they have had frequent or prolonged illnesses,તે સામાન્ય રીતે ત્યારે થાય છે જ્યારે વ્યક્તિએ પર્યાપ્ત ગુણવત્તા અને માત્રામાં ખોરાક ન લીધો હોય અને/અથવા તેને વારંવાર અથવા લાંબા સમય સુધી બીમારીઓ હોય,This usually happens when the person has not taken adequate quality and quantity of food and / or has frequent or prolonged illness
"Poshan Abhiyaan is India’s flagship programme to improve nutritional outcomes for children, adolescents, pregnant women and lactating mothers by leveraging technology, a targeted approach and convergence.","બાળકો, કિશોરો, સગર્ભાઓ માટેના પોષક પરિણામોને સુધારવા માટે, પોશણ અભિયાન એ ભારતનો મુખ્ય કાર્યક્રમ છે.","POSHAN Abhiyaan is India's flagship programme to improve nutrition outcomes for children, adolescents and pregnant women."
Hot Cooked Meal (HCM) given in last 30 days,પાછલા 30 દિવસમા દેવામા આવેલ ગરમ રાંધેલ ભોજન (HCM),Hot cooked meals (HCM) served during last 30 days
Uploading of Data of Anganwadi Services Schemes in Poshan Tracker,પોષણ ટ્રેકરમાં આંગણવાડી સેવાઓને લગતી યોજનાઓના ડેટા અપલોડ કરવો,Uploading of scheme data related to Anganwadi Services in POSHAN tracker
The Poshan Tracker generates automated alerts to the critical last-mile beneficiaries.,પોશન ટ્રેકર છેલ્લા માઈલના મહત્ત્વના લાભાર્થીઓને સ્વયંસંચાલિત ચેતવણીઓ જનરેટ કરે છે.,The POSHAN tracker generates automated alerts to key beneficiaries of the last mile.
It also ensures efficient audit of the delivery system by documenting real time attendance of beneficiaries and duty bearers.,તે લાભાર્થીઓ અને ફરજ ધારકોની વાસ્તવિક સમયની હાજરીનું દસ્તાવેજીકરણ કરીને ડિલિવરી સિસ્ટમનું કાર્યક્ષમ ઓડિટ પણ સુનિશ્ચિત કરે છે.,It also ensures an efficient audit of the delivery system by documenting the real time attendance of the beneficiaries and the duty holders.
"This management information system will help the nutrition programme to scale efficiently, thereby generating and documenting positive impact","આ વ્યવસ્થાપન માહિતી પ્રણાલી પોષણ કાર્યક્રમને કાર્યક્ષમ રીતે માપવામાં મદદ કરશે, જેનાથી હકારાત્મક અસર પેદા થશે અને તેનું દસ્તાવેજીકરણ થશે","This Management Information System will help in effective measurement of POSHAN Abhiyaan, which will have a positive impact and will be documented"
How can one Download Poshan Tracker App?,પોષણ ટ્રેકર એપ્લિકેશન કેવી રીતે ડાઉનલોડ કરી શકાય છે?,How to download the POSHAN tracker app
"Clarification regarding Cost of Smart phones (03 June, 2021)","સ્માર્ટ ફોનની કિંમત અંગે સ્પષ્ટતા (03 જૂન, 2021)","Clarification regarding price of Smartphone (June 03, 2021)"
along with status update once resolved,એક વખત ઉકેલ મેળવી લેવામાં આવે એટલે સ્ટેટસ અપડેટેડ,Status updated once a solution is found
"The Poshan Tracker system is regularly audited by auditors engaged by MWCD, for security and scalability of the system.",સિસ્ટમની સુરક્ષા અને માપનીયતા માટે MWCD દ્વારા રોકાયેલા ઓડિટર્સ દ્વારા પોશન ટ્રેકર સિસ્ટમનું નિયમિતપણે ઓડિટ કરવામાં આવે છે.,The POSHAN tracker system is regularly audited by auditors engaged by MWCD for safety and scalability of the system.
The records may be used for such audits.,આવા ઓડિટ માટે રેકોર્ડનો ઉપયોગ થઈ શકે છે.,Records can be used for such audits.
Poshan Tracker adds new Resources on Website,વેબસાઈટની વિશેષતા અંગે પોષણ ટ્રેકર નવા સંશાધનો ઉમેરે છે,Poshan Tracker adds new resources to highlight the website
"Technology under Poshan Tracker is being leveraged for dynamic identification of stunting, wasting, under-weight prevalence among children and last mile tracking of nutrition service delivery","પોશાન ટ્રેકર હેઠળની ટેક્નોલોજીનો ઉપયોગ બાળકોમાં સ્ટંટિંગ, વેડિંગ, ઓછા વજનની ગતિશીલ ઓળખ અને પોશાન સેવા વિતરણના છેલ્લા માઇલ ટ્રેકિંગ માટે કરવામાં આવે છે","Technology under Poshan Tracker is being used for last mile tracking of child stunting, marriage, low weight dynamic identification and Poshan service delivery"
The System also takes feedback about system performance and experience.,સિસ્ટમ સિસ્ટમની કામગીરી અને અનુભવ વિશે પ્રતિસાદ પણ લે છે.,The system also takes feedback about the functioning and experience of the system.
"Information on name, mobile number, date of registration and health status may be used for these purposes","આ હેતુઓ માટે નામ, મોબાઇલ નંબર, નોંધણીની તારીખ અને આરોગ્યની સ્થિતિ વિશેની માહિતીનો ઉપયોગ કરી શકાય છે","Information regarding name, mobile number, date of registration and health status can be used for these purposes"
"We collect the content and other information that you provide when you use our Services, including when you sign up for an account.","જ્યારે તમે અમારી સેવાઓનો ઉપયોગ કરો છો ત્યારે અમે સામગ્રી અને અન્ય માહિતી એકત્રિત કરીએ છીએ, જેમાં તમે એકાઉન્ટ માટે સાઇન અપ કરો ત્યારે પણ સમાવેશ થાય છે.","When you use our services, we collect content and other information, including when you sign up for an account."
"You may, however, choose not to share personal data where providing the data is optional.","જો કે, તમે વ્યક્તિગત ડેટા શેર ન કરવાનું પસંદ કરી શકો છો જ્યાં ડેટા આપવો વૈકલ્પિક હોય.","However, you may choose not to share personal data where giving data is optional."
Tracking of services to the end beneficiary at a click of a button.,એક બટનના ક્લિક પર અંતિમ લાભાર્થી સુધીની સેવાઓનું ટ્રેકિંગ.,Tracking services to the last beneficiary on click of a button.
"Services like Take Home Ration (THR) and Hot cooked Meal (HCM), vaccination for Infants and Pregnant Women","ટેક હોમ રાશન (THR) અને હોટ કૂક મીલ(HCM), શિશુઓ અને સગર્ભા સ્ત્રીઓ માટે રસીકરણ જેવી સેવાઓ","Services such as Take Home Ration (THR) and Hot Cooked Meal (HCM), immunization of infants and pregnant women"
"New Poshan Tracker App (13 January, 2021)","નવી પોશણ ટ્રેકર એપ્લિકેશન (13 જાન્યુઆરી, 2021)","New Poshan Tracker App (13th January, 2021)"
Preventing illnesses to avert Malnutrition and Death,કુપોષણ અને મૃત્યુને ટાળવા માટે બિમારીઓને અટકાવવી,Preventing Malnutrition and Diseases
Scan the QR Code to Download the App,એપ ડાઉનલોડ કરવા માટે QR કોડ સ્કેન કરો,Scan the QR code to download the app
Pregnant women who received Take Home Ration (THR),ટેક હોમ રાશન (THR) મેળવનાર સગર્ભા સ્ત્રીઓ,Pregnant women receiving Take Home Ration (THR)
General Awareness on SAM and MAM,SAM અને MAM પર સામાન્ય જાગૃતિ,General Awareness on SAM and MAM
"App can be accessed offline, currently daily tracking feature is available for offline data entry.Offline mode can store latest 3 days data.","ના, એપ્લિકેશન માન્ય ઇન્ટરનેટ કનેક્શન વિના કાર્ય કરશે નહીં.","No, the app will not work without a valid internet connection."
These organizations will not use the APIs/ No-code webpage integration to encourage or promote illegal activity or violation of third-party rights including these Terms with Poshan Tracker.,આ સંસ્થાઓ પોશન ટ્રેકર સાથેની આ શરતો સહિતની ગેરકાયદેસર પ્રવૃત્તિ અથવા તૃતીય-પક્ષ અધિકારોના ઉલ્લંઘનને પ્રોત્સાહિત કરવા અથવા પ્રોત્સાહન આપવા APIs/ નો-કોડ વેબપેજ એકીકરણનો ઉપયોગ કરશે નહીં.,"These entities shall not use API / no-code webpage integration to promote or encourage unlawful activity or violation of third party rights, including these conditions with Potion Tracker."
"Pregnant Women, Lactating Mothers, Children from 6 months to 3 years and adolescent girls.","સગર્ભા સ્ત્રીઓ, સ્તનપાન કરાવતી માતાઓ, 6 મહિનાથી 3 વર્ષ સુધીના બાળકો અને કિશોરીઓ.","Pregnant women, lactating mothers, children and adolescent girls between the age of 6 months and 3 years."
"New Poshan Tracker App : CSC-SPV Nodal Person (02 February, 2021)","નવી પોશણ ટ્રેકર એપ્લિકેશનઃ સીએસસી-એસપીવી નોડલ વ્યક્તિ (02 ફેબ્રુઆરી, 2021)",New Poshan Tracker App: CSC - SPV Nodal Person (02 February 2021)
An AWW can use ‘Migrate Beneficiary’ option to migrate a beneficiary from one AWC to another AWC basis their Aadhaar number.,AWW લાભાર્થીને તેમના આધાર નંબરના આધારે એક AWCમાંથી બીજા AWCમાં સ્થાનાંતરિત કરવા માટે 'માઇગ્રેટ બેનિફિશરી' વિકલ્પનો ઉપયોગ કરી શકે છે.,AWW can use the 'Migrate Beneficiary' option to transfer the beneficiary from one AWC to another based on their Aadhaar number.
A beneficiary is eligible for HCM for at least 21 days in a month.,એક લાભાર્થી મહિનામાં ઓછામાં ઓછા 21 દિવસ માટે HCM માટે પાત્ર છે.,A beneficiary is eligible for HCM for a minimum period of 21 days in a month.
ABHA (Health ID) and its Benefits,ABHA (હેલ્થ ID) અને તેના ફાયદા,ABHA (Health ID) and its benefits
"We'ar sorry, the page you requested could not be found.","માફ કરશો, તમે વિનંતી કરેલ પૃષ્ઠ શોધી શકાયું નથી.","Sorry, the page you requested could not be found."
Dadra & Nagar Haveli - Daman & Diu,દાદા અને નગર હવેલી - માન અને ડીયુ,Dada & Nagar Haveli - Samman & Diu
Download Mobile App from Play Store,પ્લે સ્ટોર પરથી મોબાઈલ એપ ડાઉનલોડ કરો,Download the app from the Play Store
General Awareness on the Delivery of the child,બાળકના જન્મ અંગે સામાન્ય જાગૃતિ,General Awareness on Childbirth
"We also use the data to operate our services, which includes analyzing our performance, meeting our legal obligations, developing our workforce, and doing research.","અમે અમારી સેવાઓનું સંચાલન કરવા માટે પણ ડેટાનો ઉપયોગ કરીએ છીએ, જેમાં અમારી કામગીરીનું પૃથ્થકરણ, અમારી કાનૂની જવાબદારીઓ પૂરી કરવી, અમારા કાર્યબળને વિકસાવવા અને સંશોધન કરવાનો સમાવેશ થાય છે.","We also use data to manage our services, including analysing our operations, meeting our legal obligations, developing our workforce, and doing research."
Where can I enquire about Hot Cooked Meal?,હું ગરમ   રાંધેલા ભોજન વિશે ક્યાં પૂછપરછ કરી શકું?,Where can I ask about hot cooked food?
In how many languages AWW can enter the data while filling up the form?,આંગણવાડી કાર્યકર અથવા કેન્દ્ર ફોર્મ ભરતી વખતે કેટલી ભાષાઓમાં ડેટા દાખલ કરી શકે છે?,How many languages should an Anganwadi worker or Centre enter data at the time of filling up the form?
Children who are identified as deficit on nutrition are eligible for additional food supplements.,જે બાળકો પોષણની ઉણપ તરીકે ઓળખાય છે તેઓ વધારાના આહાર પૂરવણીઓ માટે પાત્ર છે.,Children who are known to be deficient in nutrition are eligible for additional food supplements.
An underweight person is a person whose body weight is considered too low to be healthy,ઓછું વજન ધરાવતી વ્યક્તિ એવી વ્યક્તિ છે કે જેનું શરીરનું વજન સ્વસ્થ રહેવા માટે ખૂબ ઓછું માનવામાં આવે છે,A underweight person is someone whose body weight is considered too low to be healthy
When and how to use MPIN?,એમપિનનો ઉપયોગ ક્યારે અને કેવી રીતે કરવો?,How and when to use mHg?
Ensuring that complementary feeding improves over time,સુનિશ્ચિત કરવું કે પૂરક ખોરાકની માત્રા સમયની સાથે સુધરે છે,Ensure that the quantity of supplementary food improves over time
Using ABHA (Health ID) is the first step towards creating safer and efficient digital health records for you and your family.,ABHA (હેલ્થ ID) નો ઉપયોગ કરવો એ તમારા અને તમારા પરિવાર માટે સુરક્ષિત અને કાર્યક્ષમ ડિજિટલ હેલ્થ રેકોર્ડ બનાવવા તરફનું પ્રથમ પગલું છે.,Using ABHA (Health ID) is the first step towards creating a safe and efficient digital health record for yourself and your family.
ABHA (earlier known as Health ID) is an acronym for Ayushman Bharat Health Account.,ABHA (અગાઉ હેલ્થ ID તરીકે ઓળખાતું) એ આયુષ્માન ભારત હેલ્થ એકાઉન્ટનું ટૂંકું નામ છે.,ABHA (formerly known as Health ID) is the short name for Ayushman Bharat Health Account.
AWW/AWCs can only be added by nodal level official.Anybody in the above rank in the hierarchy.,"આંગણવાડી કાર્યકરો/આંગણવાડી કેન્દ્રોને ફક્ત નોડલ કક્ષાના અધિકારી દ્વારા ઉમેરી શકાય છે.વંશવેલોમાં ઉપરના ભાગમાં જણાવેલ કોઈપણ અધિકારી.રાષ્ટ્રીય કક્ષાનો વપરાશકર્તા રાજ્ય, જિલ્લા, પરિયોજના અને ખંડ કક્ષાના વપરાશકર્તા બનાવી શકે છે.રાજ્ય કક્ષાનો વપરાશકર્તા જિલ્લા, પરિયોજના અને ખંડ કક્ષાનો વપરાશકર્તા બનાવી શકે છે.જિલ્લા કક્ષાનો વપરાશકર્તા પરિયોજના અને ખંડ કક્ષાનો વપરાશકર્તા બનાવી શકે છે.પરિયોજના કક્ષાનો વપરાશકર્તા, ખંડ કક્ષાનો વપરાશકર્તા બનાવી શકે છે.","Anganwadi Workers / Anganwadi Centres can be added only by a nodal level officer. Any officer mentioned in the top of the hierarchy can be made a state, district, project and block level user. State level user can become a district, project and block level user. District level user can become a project and block level user. Project level user can become a block level user."
Where can I enquire about take home ration?,હોમ રાશન લેવા વિશે હું ક્યાં પૂછપરછ કરી શકું?,Where can I enquire about taking home ration?
We use the information we collect from all our services for the following purposes:,અમે અમારી બધી સેવાઓમાંથી અમે જે માહિતી એકત્રિત કરીએ છીએ તેનો ઉપયોગ અમે નીચેના હેતુઓ માટે કરીએ છીએઃ,The information we collect from all our services is used for the following purposes:
Identification & Referral of Sick Newborn,બિમાર નવજાત શિશુની ઓળખ અને રેફરલ સેવા,Identification and Referral of Sick Newborn
 XIV. CORRECTNESS OF DATA PROVIDED BY THIRD PARTY SYSTEMS, XIV. તૃતીય પક્ષ સિસ્ટમો દ્વારા પ્રદાન કરવામાં આવેલ ડેટાની ચોકસાઈ,Accuracy of data provided by third party systems
Who is eligible for Take Home Ration?,ટેક હોમ રાશન માટે કોણ યોગ્ય છે?,Who is eligible for Take Home Ration?
Supporting mothers with issues in Breastfeeding,સ્તનપાનને લગતી સમસ્યાઓ ધરાવતી માતાઓને મદદ કરવી,Helping Mothers With Lactating Mothers
"The proposed system should enable real-time monitoring and tracking of all AWCs, AWWs and beneficiaries on the defined indicators.","સૂચિત સિસ્ટમમાં બધા આંગણવાડી કેન્દ્રો, આંગણવાડી કામદારો અને લાભાર્થીઓને નિર્ધારિત સૂચકાંકો પર રીઅલ-ટાઇમ મોનિટરિંગ અને ટ્રેકિંગને સક્ષમ બનાવવું જોઈએ.","The proposed system should enable real time monitoring and tracking of all Anganwadi Centres, Anganwadi workers and beneficiaries on the prescribed indices."
Above standards are defined as per given above mentioned age brackets,ઉપરોક્ત ધોરણો ઉપર દર્શાવેલ વય કૌંસ મુજબ વ્યાખ્યાયિત કરવામાં આવે છે,The above criteria are defined in terms of age bracket
"If a person is underweight, their body may not be getting the nutrients it needs to build healthy bones, skin and hair","જો કોઈ વ્યક્તિનું વજન ઓછું હોય, તો તેના શરીરને તંદુરસ્ત હાડકાં, ત્વચા અને વાળ બનાવવા માટે જરૂરી પોષક તત્વો ન મળી શકે","If a person is underweight, his body cannot get enough nutrients to build healthy bones, skin and hair"
MPIN can be set by respective Anganwadi worker by requesting an OTP against his/her mobile number.,"સંબંધિત આંગણવાડી કાર્યકરના મોબાઇલ નંબર પર ઓટીપીની વિનંતી કરીને, તેમના દ્વારા એમપિન સેટ કરી શકાય છે.","By requesting OTP on the mobile number of the concerned Anganwadi worker, MPIN can be set by them."
"If Mobile number is already present in the database, the respective Anganwadi person will receive 4 digits OTP on registered mobile number.","જો મોબાઇલ નંબર ડેટાબેસમાં પહેલેથી હાજર હશે, તો સંબંધિત આંગણવાડી વ્યક્તિ નોંધાયેલા મોબાઇલ નંબર પર 4 અંકનો ઓટીપી મેળવશે.","If the mobile number is already present in the database, the concerned Anganwadi person will receive a 4-digit OTP on the registered mobile number."
"Post entering the OTP, AWW can easily set customized MPIN.","ઓટીપી દાખલ કર્યા પછી, આંગણવાડી કાર્યકર સરળતાથી કસ્ટમાઇઝ્ડ એમપિન સેટ કરી શકે છે.","After entering OTP, Anganwadi workers can easily set up customized MPIN."
"It enables your interaction with participating healthcare providers, and allows you to receive your digital lab reports, prescriptions and diagnosis seamlessly from verified healthcare professionals and health service providers.","તે સહભાગી આરોગ્યસંભાળ રાખનારાઓ સાથે તમારી ક્રિયાપ્રતિક્રિયાને સક્ષમ કરે છે, અને તમને તમારા ડિજિટલ લેબ રિપોર્ટ્સ, પ્રિસ્ક્રિપ્શન્સ અને નિદાન ચકાસાયેલ આરોગ્યસંભાળ વ્યાવસાયિકો અને આરોગ્ય સેવા આપનારાઓ પાસેથી એકીકૃત રીતે પ્રાપ્ત કરવાની મંજૂરી આપે છે.","It enables your interaction with participatory healthcare providers, and allows you to obtain your digital lab reports, prescriptions, and diagnostics in an integrated manner from verified healthcare professionals and healthcare providers."
Our System provides API to Third – Party Sites that may collect your personal information.,અમારી સિસ્ટમ ત્રીજા પક્ષની સાઇટ્સને API પ્રદાન કરે છે જે તમારી વ્યક્તિગત માહિતી એકત્રિત કરી શકે છે.,Our system provides APIs to third-party sites that can collect your personal information.
Poshan Tracker is not in any manner responsible for the security of such information or their privacy practices or content of those Third – Party Sites.,પોશન ટ્રેકર કોઈપણ રીતે આવી માહિતી અથવા તેમની પ્રાઇવસી પ્રથાઓ અથવા તે તૃતીય-પક્ષ સાઇટ્સની સામગ્રીની સુરક્ષા માટે જવાબદાર નથી.,Potion trackers are in no way responsible for the security of such information or their privacy practices or content on those third-party sites.
These third-party service providers and Third-Party Sites may have their own privacy policies governing the storage and retention of your information that you may be subject to.,આ તૃતીય-પક્ષ સેવા પ્રદાતાઓ અને તૃતીય-પક્ષ સાઇટ્સની તમારી માહિતીના સંગ્રહ અને જાળવણીને સંચાલિત કરતી તેમની પોતાની પ્રાઇવસી પોલિસીઓ હોઈ શકે છે જેને તમે આધીન હોઈ શકો છો.,"These third-party service providers and third-party sites may have their own privacy policies governing your data collection and maintenance, to which you may be subjected."
"This Privacy Policy does not govern any information provided to, stored on, or used by these third-party providers and Third-Party Sites.","આ પ્રાઇવસી પોલિસી આ તૃતીય-પક્ષ પ્રદાતાઓ અને તૃતીય-પક્ષ સાઇટ્સને પ્રદાન કરેલી, સંગ્રહિત અથવા ઉપયોગમાં લેવાતી કોઈપણ માહિતીને સંચાલિત કરતી નથી.","This Privacy Policy does not deal with any information provided, stored or used by these third party providers and third party sites."
"We recommend that when you enter a Third-Party Site, you review the Third Party Site’s privacy policy as it relates to safeguarding of your information.","અમે ભલામણ કરીએ છીએ કે જ્યારે તમે તૃતીય-પક્ષ સાઇટ દાખલ કરો, ત્યારે તમે થર્ડ પાર્ટી સાઇટની પ્રાઇવસી પોલિસી ની સમીક્ષા કરો કારણ કે તે તમારી માહિતીની સુરક્ષા સાથે સંબંધિત છે.","We recommend that when you enter a third party site, you review a third party site's privacy policy as it relates to your data security."
You agree and acknowledge that Poshan Tracker will not be liable for the information published in search results or by any Third-Party Sites.,તમે સંમત થાઓ છો અને સ્વીકારો છો કે શોધ પરિણામોમાં અથવા કોઈપણ તૃતીય-પક્ષ સાઇટ્સ દ્વારા પ્રકાશિત માહિતી માટે પોશન ટ્રેકર જવાબદાર રહેશે નહીં.,You agree and agree that Potion Tracker will not be responsible for the information published in the search results or by any third-party sites.
"By visiting or using the Site, you expressly agree to these Terms, as updated from time to time.","સાઇટની મુલાકાત લઈને અથવા તેનો ઉપયોગ કરીને, તમે સ્પષ્ટપણે આ શરતો સાથે સંમત થાઓ છો, જેમ કે સમય સમય પર અપડેટ કરવામાં આવે છે.","By visiting or using the site, you clearly agree with these terms, as is being updated from time to time."
"If you do not agree with any part of these terms, do not use the site.","જો તમે આ શરતોના કોઈપણ ભાગ સાથે સંમત નથી, તો સાઇટનો ઉપયોગ કરશો નહીં.","If you do not agree with any part of these terms and conditions, do not use the site."
You may not use the Site in any manner and may not accept the Terms if you are not of legal age to form a binding contract.,તમે કોઈપણ રીતે સાઇટનો ઉપયોગ કરી શકશો નહીં અને જો તમે બાઈન્ડિંગ કરાર બનાવવા માટે કાનૂની વયના ન હોવ તો તમે શરતોને સ્વીકારી શકશો નહીં.,You will not be able to access the site in any way and you will not be able to accept the conditions if you are not legally of legal age to create a binding agreement.
Bacillus Calmette Guerin (BCG)Oral Polio Vaccine (OPV)-0 dose Hepatitis B birth dose OPV-1 T,બેસિલસ કેલ્મેટ ગ્યુરીન (BCG)ઓરલ પોલિયો રસી (OPV)-0 ડોઝ હેપેટાઇટિસ બી જન્મ માત્રા OPV-1 T,Bacillus Calmate Gurin (BCG) Oral Polio Vaccine (OPV) - 0 Dose Hepatitis B Birth Rate OPV-1 T
"The information collected under Clause 1, shall be used for the purpose of facilitating the health of the beneficiaries.",કલમ 1 હેઠળ એકત્રિત કરવામાં આવેલી માહિતીનો ઉપયોગ લાભાર્થીઓના સ્વાસ્થ્યની સુવિધાના હેતુ માટે કરવામાં આવશે.,The data collected under Article 19 will be used for the purpose of facilitating the health of the beneficiaries.
"We provide our products, which includes updating, securing, and troubleshooting the information/data/ materials and contents of the System, as well as providing support.","અમે અમારા ઉત્પાદનો પ્રદાન કરીએ છીએ, જેમાં સિસ્ટમની માહિતી/ડેટા/ સામગ્રીઓ અને સામગ્રીઓને અપડેટ કરવા, સુરક્ષિત કરવા અને મુશ્કેલીનિવારણ તેમજ સપોર્ટ પ્રદાન કરવાનો સમાવેશ થાય છે.","We provide our products that include updating, securing and troubleshooting and support system information / data / materials and materials."
"When you register on Poshan Tracker, the Mobile number with which you registered, will be used to locate your record from the database.","જ્યારે તમે પોશન ટ્રેકર પર નોંધણી કરાવો છો, ત્યારે તમે જે મોબાઈલ નંબર સાથે નોંધણી કરી હતી તેનો ઉપયોગ ડેટાબેઝમાંથી તમારો રેકોર્ડ શોધવા માટે કરવામાં આવશે.","When you register on a Potion Tracker, the mobile number you registered with will be used to find your record from the database."
These can also be used to assess the health status as recorded in the Poshan Tracker system.,આનો ઉપયોગ પોશન ટ્રેકર સિસ્ટમમાં નોંધાયેલા સ્વાસ્થ્યની સ્થિતિનું મૂલ્યાંકન કરવા માટે પણ થઈ શકે છે.,It can also be used to assess the health status recorded in the POSHAN tracker system.
Training on ICT Platform under POSHAN Abhiyaan,પોષણ અભિયાન હેઠળ ICT પ્લેટફોર્મ પર તાલીમ,Training on ICT Platforms under POSHAN Abhiyaan
"Know more about stunting, wasting and underweight","સ્ટંટિંગ, વેસ્ટેડ અને ઓછા વજન વિશે વધુ જાણો","Learn more about stunting, wasting and weight loss"
What information to be added in AWC forms?,આંગણવાડી કેન્દ્ર ફોર્મમાં કઈ માહિતી ઉમેરવાની છે?,What are the details to be included in the Anganwadi Centre Form?
How to revive your health if you are Moderately Wasted (MAM),જો તમે સાધારણ રીતે અશક્ત હોવ તો તમારા સ્વાસ્થ્યને કેવી રીતે પુનર્જીવિત કરવું (MAM),How to revive your health if you are normally disabled (MAM)
AWC Workers Registered In Last 30 Days,છેલ્લા 30 દિવસમાં એડબ્લ્યુસી કામદારો નોંધાયેલ,AWC Workers Registered in Last 30 Days
Click on above button to get this App,આ એપ્લિકેશન મેળવવા માટે ઉપરના બટન પર ક્લિક કરો,Click here for downloading the app
Beneficiaries Registered In Last 30 Days,છેલ્લા 30 દિવસમાં નોંધાયેલા લાભાર્થીઓ,Beneficiaries registered in last 30 days
Specifications of Smart phone and Technical Compatibility Testing,સ્માર્ટ ફોનના સ્પેસિફિકેશન અને ટેકનિકલ સુસંગતતા પરીક્ષણ,Specification and technical compatibility testing of smart phones
Preparation During Pregnancy - For NewBorn Care & Family Planning,ગર્ભાવસ્થા દરમિયાન તૈયારી - નવજાત શિશુની સંભાળ અને કુટુંબ નિયોજન માટે,Preparation during pregnancy - for newborn care and family planning
Stunting is the impaired growth and development that children experience from poor nutrition,સ્ટંટીંગ એ નબળી વૃદ્ધિ અને વિકાસ છે જેનો બાળકો નબળા પોષણથી અનુભવે છે,Stunting is poor growth and development that children experience due to poor nutrition
Children in the age group of 3 years to 6 years,3 વર્ષથી 6 વર્ષની વયના બાળકો,Children aged 3 to 6 years
What is the eligibility of a beneficiary?,લાભાર્થીની લાયકાત શું છે?,What are the eligibility criteria?
Who are the target userbase of Poshan Tracker App?,પોષણ ટ્રેકર એપ્લિકેશનના લક્ષ્ય વપરાશકર્તા આધાર કોણ છે?,Who is the target user base of the POSHAN Tracker application?
"It often indicates recent and severe weight loss, although it can also persist for a long time","તે ઘણીવાર તાજેતરના અને ગંભીર વજનમાં ઘટાડો સૂચવે છે, જો કે તે લાંબા સમય સુધી ચાલુ રહી શકે છે","It often indicates recent and severe weight loss, though it may persist for longer periods"
What is the minimum requirement to install Poshan Tracker App in mobile?,મોબાઈલમાં પોષણ ટ્રેકર એપ ઇન્સ્ટોલ કરવા માટે ન્યૂનતમ આવશ્યકતા શું છે?,What is the minimum requirement to install the POSHAN tracker app on mobile?
You will only access (or attempt to access) the Site by the means described in the Documentation and will comply with the terms and conditions of this Agreement.,તમે માત્ર દસ્તાવેજીકરણમાં વર્ણવેલ માધ્યમથી જ સાઇટને ઍક્સેસ કરશો (અથવા ઍક્સેસ કરવાનો પ્રયાસ કરશો) અને આ કરારના નિયમો અને શરતોનું પાલન કરશો.,You will only access the site (or try to access it) through the means described in the documentation and comply with the terms and conditions of the agreement.
"You will comply with all Central and State laws, rules and regulations applicable to you and your use of the Site and affecting any third-party rights.","તમે તમામ કેન્દ્રીય અને રાજ્ય કાયદાઓ, નિયમો અને નિયમોનું પાલન કરશો જે તમને અને સાઇટના તમારા ઉપયોગને લાગુ પડે છે અને કોઈપણ તૃતીય-પક્ષ અધિકારોને અસર કરે છે.","You will comply with all central and state laws, rules and regulations that apply to you and to your use of the site and affect any third party rights."
You can participate in Swastha Balak Balika Spardha by registering through the website https://poshantracker.,You can participate in Swastha Balak Balika Spardha by registering through the website https://poshantracker.,You can participate in Swastha Balak Balika Spardha by registering through the website https: / / poshantracker.org.
in or by downloading ‘Poshan Tracker’ App from Google Play Store.,in or by downloading 'Poshan Tracker' App from Google Play Store.,In or by downloading 'Poshan Tracker' app from Google Play Store.
The following are the Terms of Service (“Terms”) that govern your use of the Poshan Tracker Platform hosted at https://poshantracker.,"નીચે આપેલ સેવાની શરતો (""શરતો"") છે જે https://poshantracker.",The following are the conditions of service (Conditions) which can be accessed at https: / / poshantracker.
"in, and all associated sites linked to it, its subsidiaries, and affiliates (collectively, the “Site”).","in પર હોસ્ટ કરેલા પોશન ટ્રેકર પ્લેટફોર્મના તમારા ઉપયોગને નિયંત્રિત કરે છે, અને લિંક કરેલી બધી સંબંધિત સાઇટ્સ તેને, તેની પેટાકંપનીઓ અને આનુષંગિકો (સામૂહિક રીતે, ""સાઇટ"").","""The POSHAN tracker hosted on www.mospi.nic.in controls your use of the platform, and all the related sites linked to it, its subsidiaries and subsidiaries (collectively,"" ""site"" "")."""
Clarification regarding Cost of Smart phones,સ્માર્ટ ફોનની કિંમત અંગે સ્પષ્ટતા,Clarification on price of Smartphone
Measles Containing vaccine (MCV)/Measles & Rubella (MR)-1Japanese Encephalitis(JE)-1**PCV-Booster,ઓરી ધરાવતી રસી (MCV)/ઓરી અને રૂબેલા (MR)-1જાપાનીઝ એન્સેફાલીટીસ (JE)-1**PCV-બૂસ્ટર,Vaccines containing Ori (MCV) / Ori and Rubella (MR) -1 Japanese Encephalitis (JE) -1 * PCV-Booster
Mobile number need to be validated within a week,એક સપ્તાહમાં માન્યતા આપવા મોબાઈલ નંબરની જરૂર છે,A mobile number is required to be authenticated within a week
Currently a beneficiary can register by the help of an AWW,હાલમાં લાભાર્થી AWW ની મદદ દ્વારા નોંધણી કરાવી શકે છે,"At present, the beneficiary can enrol through AWW"
Awareness for Lactating Mother Complimentary Feeding for Children,સ્તનપાન કરાવતી માતાઓ માટે બાળકોના ઉપરી આહાર અંગે જાગૃતિ,Awareness for lactating mothers about nutritious food for children
New Poshan Tracker App - CSC-SPV Nodal Person,નવી પોષણ ટ્રેકર એપ - CSC-SPV નોડલ પર્સન,New POSHAN Tracker App - CSC - SPV Nodal Person
1.1. Information you provide to us.,1.1. તમે અમને પ્રદાન કરો છો તે માહિતી.,1.1.The information you provide to us.
How can one access Poshan Tracker Dashboard?,પોષણ ટ્રેકર ડેશબોર્ડને કેવી રીતે ચલાવી શકાય છે?,How to run a nutrition tracker dashboard
Prevention of Anemia in children and adolescents girls,બાળકો અને કિશોરીઓમાં એનિમિયાનું નિવારણ,Preventing pneumonia in children and adolescents
Gangarampur Addl. I. C. D. S Project,ગંગારામપુર એડીડીએલ. આઈ. સી. ડી. એસ પ્રોજેક્ટ,Gangarampur ADDLICDS Project
Can a beneficiary register directly using application.,શું લાભાર્થી અરજીનો ઉપયોગ કરીને સીધી નોંધણી કરાવી શકે છે.,Can the beneficiary register directly using the application?
The Ministry of Women and Child Development has rolled out Poshan Tracker application.,મહિલા અને બાળ વિકાસ મંત્રાલયે પોશન ટ્રેકર એપ્લિકેશન રદ કરી છે.,The Ministry of Women and Child Development has rejected the Poshan Tracker application.
"The goal is to follow nutrition systems strengthening approach for improving maternal and child undernutrition, focused on strengthening implementation bottlenecks at all levels.","ધ્યેય એ છે કે તમામ સ્તરે અમલીકરણની અડચણોને મજબૂત કરવા પર કેન્દ્રિત, માતા અને બાળકના કુપોષણ સુધારવા માટેના પોષણ પ્રણાલીને મજબૂત બનાવવાની અભિગમને મજબૂત બનાવવી.",The goal is to strengthen the approach of strengthening nutrition systems to improve maternal and child nutrition with focus on strengthening implementation bottlenecks at all levels.
"The Poshan Tracker is built using centralized data architecture, that also aligns with the digital technology systems of other ministries and programs.","પોશન ટ્રેકર કેન્દ્રિય ડેટા આર્કિટેક્ચરનો ઉપયોગ કરીને બનાવવામાં આવ્યું છે, જે અન્ય મંત્રાલયો અને પ્રોગ્રામ્સની ડિજિટલ તકનીકી સિસ્ટમો સાથે પણ ગોઠવે છે.","The POSHAN tracker is built using the central data architecture, which aligns with the digital technology systems of other ministries and programs."
"The system provides a digital identity to each beneficiary through a digital card, and allows convergence of call centre with the technology platform.","સિસ્ટમ દરેક લાભાર્થીને ડિજિટલ કાર્ડ દ્વારા ડિજિટલ ઓળખ પ્રદાન કરે છે, અને તકનીકી પ્લેટફોર્મ સાથે ક callલ સેન્ટરના કન્વર્ઝનને મંજૂરી આપે છે.","The system provides digital identity to every beneficiary through digital card, and allows conversion of call centre with technology platform."
The system generates automated alerts to the critical last-mile beneficiaries.,સિસ્ટમ નિર્ણાયક છેલ્લા માઇલ લાભાર્થીઓને સ્વચાલિત ચેતવણીઓ ઉત્પન્ન કરે છે.,The system generates automated alerts to critical last mile beneficiaries.
"It also ensures efficient audit of the delivery system, by documenting real time attendance of beneficiaries and duty bearers.","તે લાભાર્થીઓ અને ફરજ બજાવનારાઓની રીઅલ ટાઇમ હાજરીના દસ્તાવેજીકરણ દ્વારા, ડિલિવરી સિસ્ટમનું કાર્યક્ષમ ડિટ કરવાની ખાતરી આપે છે.",It ensures efficient credit of delivery system through documentation of real time attendance of beneficiaries and performers.
"Such a robust digital technology platform and management information system, will help the mission to scale efficiently, thereby generating and documenting significant positive impact.","આવું મજબૂત ડિજિટલ ટેકનોલોજી પ્લેટફોર્મ અને મેનેજમેન્ટ ઇન્ફોર્મેશન સિસ્ટમ, અસરકારક રીતે સ્કેલ કરવામાં મિશનને મદદ કરશે, ત્યાં નોંધપાત્ર સકારાત્મક અસર ઉત્પન્ન અને દસ્તાવેજીકરણ કરશે.","Such a strong digital technology platform and management information system will help the Mission to scale effectively, generate and document significant positive impact."
Weight should be between 0.90 to 58,વજન 0.90 થી 58 વચ્ચે હોવી જોઈએ,Weight should be in the range of 0.90 to 58
MPIN can be easily reset by any AWW/AWC user.,એમપિનને કોઈપણ વપરાશકર્તા જેમ કે આંગણવાડી કાર્યકર/ આંગણવાડી કેન્દ્રો દ્વારા સરળતાથી ફરીથી સેટ કરી શકાય છે.,The MPIN can be reset easily by any user such as Anganwadi Worker / Anganwadi Centre.
"You are required to click on Forgot MPIN, and enter your registered mobile number.",તમારે ફરગોટ એમપિન પર ક્લિક કરવાની જરૂર છે અને તમારો નોંધાયેલ મોબાઇલ નંબર દાખલ કરવો પડશે.,You need to click on the Forgot MPin and enter your registered mobile number.
You will receive and OTP on your registered mobile number and you can ealily reset your MPIN,તમે તમારા નોંધાયેલા મોબાઈલ નંબર પર ઓટીપી પ્રાપ્ત થશે અને તમે તમારો એમપિન સરળતાથી ફરીથી સેટ કરી શકો છો.,You will receive an OTP on your registered mobile number and you can reset your MPIN easily.
The Poshan Tracker is a job-aid to the Anganwadi worker for efficient delivery of services along with reflection of their efforts.,પોશન ટ્રેકર એ આંગણવાડી કાર્યકરને તેમના પ્રયત્નોના પ્રતિબિંબ સાથે સેવાઓની કાર્યક્ષમ વિતરણ માટે નોકરી-સહાય છે.,POSHAN tracker is a job support to Anganwadi workers for efficient delivery of services with a reflection of their efforts.
It is a critical and beneficiary-centric service delivery Application under POSHAN Abhiyaan which will promote real time data with analytics,પોશાન અભિયાન હેઠળ તે એક મહત્વપૂર્ણ અને લાભાર્થી-કેન્દ્રિત સેવા વિતરણ એપ્લિકેશન છે જે વિશ્લેષણ સાથે વાસ્તવિક સમયના ડેટાને પ્રોત્સાહન આપશે,"Under POSHAN Abhiyaan, it is an important and beneficiary-centric service delivery application which will promote real-time data with analytics"
Please enter valid Date of Birth,કૃપા કરીને માન્ય જન્મ તારીખ દાખલ કરો,Please enter a valid date of birth
Who is eligible for additional supplementary food?,વધારાના પૂરક ખોરાક માટે કોણ પાત્ર છે?,Who is eligible for additional supplements?
"We reserve the unconditional right to change, modify, add, or remove any part of these Terms at any time, without specifically notifying you of such changes.","અમે તમને આવા ફેરફારો વિશે ખાસ જાણ કર્યા વિના કોઈપણ સમયે આ શરતોના કોઈપણ ભાગને બદલવા, સંશોધિત કરવા, ઉમેરવા અથવા દૂર કરવાનો બિનશરતી અધિકાર અનામત રાખીએ છીએ.","We reserve the unqualified right at any time to alter, amend, add or remove any part of these conditions without giving you specific information about such changes."
Any changes or updates will be effective immediately.,કોઈપણ ફેરફારો અથવા અપડેટ તરત જ અસરકારક રહેશે.,Any changes or updates that come into effect immediately.
You take the responsibility to check these Terms of Use periodically for changes.,તમે ફેરફારો માટે સમયાંતરે આ ઉપયોગની શરતો તપાસવાની જવાબદારી લો છો.,You take the responsibility of periodically checking the usage conditions for the changes.
Your continued use of the platform post such revision shall constitute acceptance of the modified Terms.,આવા પુનરાવર્તન પછી પ્લેટફોર્મનો તમારો સતત ઉપયોગ સંશોધિત શરતોની સ્વીકૃતિનું નિર્માણ કરશે.,"After such repetition, your continued use of the platform will create an acceptance of the revised terms."
How many different types of reports can be generated over Poshan Tracker Dashboard?,પોષણ ટ્રેકર ડેશબોર્ડ પર કેટલા વિવિધ પ્રકારનાં અહેવાલો ઉત્પન્ન થઈ શકે છે?,How many different kinds of reports can be generated on the nutrition tracker dashboard?
How to revive your health if you are Severely Wasted (SAM),જો તમે ગંભીર રીતે અશક્ત હોવ તો તમારા સ્વાસ્થ્યને કેવી રીતે પુનર્જીવિત કરવું (SAM),How to revive your health if you are severely disabled (SAM)
"See assessment charts for Stunted, Wasted and Underweight parameters","સ્ટંટેડ, વેસ્ટેડ અને ઓછા વજનના પરિમાણો માટે આકારણી ચાર્ટ જુઓ","View the assessment chart for stained, wasted and underweight parameters"
Resources for growth monitoring and general awareness,વૃદ્ધિનું નિરીક્ષણ અને સામાન્ય જાગૃત્તિ માટે સંશાધનો,Resources for monitoring growth and general awareness
AWW are required to enter details related to infrastructure present in a particular Anganwadi centre.,"આંગણવાડી કાર્યકરોને, એક ચોક્કસ આંગણવાડી કેન્દ્રમાં હાજર માળખા સાથે સંબંધિત વિગતો દાખલ કરવી જરૂરી છે.",Anganwadi workers are required to provide details of the infrastructure available in a particular Anganwadi Centre.
"This includes structure, basic amenities, facilities, sanitization, drinking water etc.","આમાં માળખું, પાયાની સુવિધાઓ, સગવડો, સ્વચ્છતા, પીવાનું પાણી વગેરે શામેલ છે.","This includes infrastructure, basic amenities, facilities, sanitation, drinking water etc."
Lactating mothers who received Take Home Ration (THR),ટેક હોમ રાશન (THR) મેળવનાર સ્તનપાન કરાવતી માતાઓ,Breastfeeding mothers receiving Take Home Ration (THR)
"Poshan Tracker reserve the unconditional right to change, modify, add, or remove any part of this Privacy Policy at any time, without specifically notifying you of such changes.","Poshan Tracker આ પ્રાઇવસી પોલિસી ના કોઈપણ ભાગને કોઈપણ સમયે બદલવા, સંશોધિત કરવા, ઉમેરવા અથવા દૂર કરવાનો બિનશરતી અધિકાર અનામત રાખે છે, તમને આવા ફેરફારો વિશે ખાસ જાણ કર્યા વિના.","Poshan Tracker reserves the unqualified right to change, modify, add or remove any part of this Privacy Policy at any time, without giving you specific information about such changes."
Any changes or updates will be effective immediately.,કોઈપણ ફેરફારો અથવા અપડેટ તરત જ અસરકારક રહેશે.,Any changes or updates that come into effect immediately.
You should review this Privacy Policy regularly for changes.,ફેરફારો માટે તમારે આ પ્રાઇવસી પોલિસી ની નિયમિત સમીક્ષા કરવી જોઈએ.,You should regularly review this privacy policy for changes.
"We will use commercially reasonable efforts to generally notify all users of any material changes to this Privacy Policy, such as through a notice on the System.","અમે સામાન્ય રીતે તમામ વપરાશકર્તાઓને આ પ્રાઇવસી પોલિસી માં કોઈપણ ભૌતિક ફેરફારોની સૂચના આપવા માટે વ્યાવસાયિક રીતે વાજબી પ્રયાસોનો ઉપયોગ કરીશું, જેમ કે સિસ્ટમ પરની સૂચના દ્વારા.","We will typically use commercially reasonable efforts to notify all users of any physical changes to this Privacy Policy, such as through notifications on the system."
"However, as a user of the System, you should regularly check the Privacy Policy for any changes.","જો કે, સિસ્ટમના વપરાશકર્તા તરીકે, તમારે કોઈપણ ફેરફારો માટે નિયમિતપણે પ્રાઇવસી પોલિસી તપાસવી જોઈએ.","However, as a user of the system, you should check your privacy policy regularly for any changes."
"We will also update the “Last Updated” date at the top of this Privacy Policy, which reflects the effective date of this Privacy Policy.","અમે આ પ્રાઇવસી પોલિસી ની ટોચ પર ""છેલ્લી અપડેટ કરેલ"" તારીખને પણ અપડેટ કરીશું, જે આ પ્રાઇવસી પોલિસી ની અસરકારક તારીખને પ્રતિબિંબિત કરે છે.","We will also update the last updated date at the top of this Privacy Policy, reflecting the effective date of this Privacy Policy."
Your continued access or use of the System after the date of the new Privacy Policy constitutes your acceptance of the new Privacy Policy.,નવી પ્રાઇવસી પોલિસી ની તારીખ પછી સિસ્ટમની તમારી સતત ઍક્સેસ અથવા ઉપયોગ નવી પ્રાઇવસી પોલિસી ની તમારી સ્વીકૃતિની રચના કરે છે.,Your continued access to or use of the system after the date of the new privacy policy forms your acceptance of the new privacy policy.
"If you do not agree to the new Privacy Policy, you must stop accessing and/or using the System.","જો તમે નવી પ્રાઇવસી પોલિસી સાથે સંમત ન હોવ, તો તમારે સિસ્ટમને ઍક્સેસ કરવાનું અને/અથવા ઉપયોગ કરવાનું બંધ કરવું પડશે.","If you do not agree with the new privacy policy, you will have to stop accessing and / or using the system."
What is the eligibility of a beneficiary?,લાભાર્થીની લાયકાત શું છે?,What are the eligibility criteria?
"No, Poshan Tracker is available only for Android version","ના, પોષણ ટ્રેકર ફક્ત એન્ડ્રોઇડ સંસ્કરણ માટે ઉપલબ્ધ છે.","No, the nutrition tracker is available only for the Android version."
 XV. INDEMNITY AND LIMITATION OF LIABILITY, XV. ક્ષતિપૂર્તિ અને જવાબદારીની મર્યાદા,Indemnity and Limitation of Liability
Growth monitoring report for all health indicators,તમામ સ્વાસ્થ્ય નિર્દેશાંકો માટે વૃદ્ધિને લગતા અહેવાલનું નિરીક્ષણ,Monitoring of the Report on Growth for All Health Indices
Take Home Ration (THR) given in last 30 days,પાછલા 30 દિવસમા દેવામા આવેલ ઘરે લઇ જવા માટેનો સીધુંસામાન (THR),Direct Benefit Transfer (THR) for last 30 days
Children are defined as stunted if their height-for-age is more than two standard deviations below the WHO Child Growth Standards median,જો બાળકોની ઉંચાઈ ડબ્લ્યુએચઓ ચાઈલ્ડ ગ્રોથ સ્ટાન્ડર્ડના મધ્યકથી બે પ્રમાણભૂત વિચલનો કરતાં વધુ હોય તો તેમને સ્ટંટેડ તરીકે વ્યાખ્યાયિત કરવામાં આવે છે,"If the height of a child is more than two standard deviations from the middle of the WHO child growth standard, they are defined as stunted"
What is the purpose of Launching Poshan Tracker?,પોશણ ટ્રેકર શરૂ કરવાનો હેતુ શું છે?,What is the purpose of starting a Passion Tracker?
"As a registered user, you have the right to access your profile at any time.","નોંધાયેલ વપરાશકર્તા તરીકે, તમને કોઈપણ સમયે તમારી પ્રોફાઇલને ઍક્સેસ કરવાનો અધિકાર છે.","As a registered user, you have the right to access your profile at any time."
"Although, the changes can only be done as prescribed by the Poshan Tracker system from time to time.","તેમ છતાં, ફેરફારો ફક્ત પોશન ટ્રેકર સિસ્ટમ દ્વારા સમયાંતરે સૂચવ્યા મુજબ જ કરી શકાય છે.","However, changes can be made only through the POSHAN tracker system, as indicated from time to time."
You cannot manage the communications that you receive from us or how you receive them.,તમે અમારી પાસેથી મેળવેલા સંદેશાવ્યવહારને અથવા તમે તેને કેવી રીતે પ્રાપ્ત કરો છો તેનું સંચાલન કરી શકતા નથી.,You cannot manage the communication you receive from us or how you receive it.
" XIII. COMPLIANCE WITH LAW, THIRD PARTY RIGHTS, AND OTHER TERMS OF SERVICE"," XIII. કાયદાનું પાલન, તૃતીય પક્ષના અધિકારો અને સેવાની અન્ય શરતો","Enforcement of laws, rights of third parties and other conditions of service."
"repeated infection, and inadequate psychosocial stimulation","પુનરાવર્તિત ચેપ, અને અપૂરતી મનો-સામાજિક ઉત્તેજના","Repeated infections, and inadequate psycho-social stimulation"
Beneficiary migration from one AWC to another AWC,લાભાર્થી એક AWCથી અન્ય AWCમાં સ્થળાંતરણ,Transfer of one beneficiary from one AWC to another AWC
"Training on ICT Platform under POSHAN Abhiyaan (02 February, 2021)","પોશણ અભિયાન હેઠળ આઈસીટી પ્લેટફોર્મ પર તાલીમ (02 ફેબ્રુઆરી, 2021)",Training on ICT Platform under POSHAN Abhiyaan (02 February 2021)
You may browse the Site without registering for an account.,તમે એકાઉન્ટ માટે નોંધણી કર્યા વિના સાઇટ બ્રાઉઝ કરી શકો છો.,You can browse the site without registering for the account.
"You will be required to register for an account with your mobile number, if you intent to use certain features or services offered by the Site.","જો તમે સાઇટ દ્વારા ઓફર કરવામાં આવતી અમુક સુવિધાઓ અથવા સેવાઓનો ઉપયોગ કરવાનો ઇરાદો ધરાવો છો, તો તમારે તમારા મોબાઇલ નંબર સાથે એકાઉન્ટ માટે નોંધણી કરાવવાની જરૂર પડશે.","If you intend to use some of the features or services offered by the site, you will need to register for the account with your mobile number."
You are solely responsible for maintaining the confidentiality of your personal information and registration and all activities that might result from you failing from keeping this information secure.,તમારી અંગત માહિતી અને નોંધણીની પ્રાઇવસી જાળવવા અને આ માહિતીને સુરક્ષિત રાખવામાં તમે નિષ્ફળ જવાથી પરિણમી શકે તેવી તમામ પ્રવૃત્તિઓ માટે તમે સંપૂર્ણપણે જવાબદાર છો.,You are fully responsible for all the activities that may result from your failure to maintain the privacy and security of your personal information and registration.
Your registration or mobile number shall be kept confidentialYou undertake that:You have obtained consent from the concerned individuals for creating their records through your account.,તમારું રજીસ્ટ્રેશન અથવા મોબાઈલ નંબર ગુપ્ત રાખવામાં આવશેતમે તે લો છોઃતમે તમારા એકાઉન્ટ દ્વારા તેમના રેકોર્ડ બનાવવા માટે સંબંધિત વ્યક્તિઓ પાસેથી સંમતિ મેળવી છે.,Your registration or mobile number will be kept confidential: You have obtained the consent of the concerned persons to create their records through your account.
Your account or mobile number shall not include the name of another person with the intent to impersonate that person.,તમારા એકાઉન્ટ અથવા મોબાઇલ નંબરમાં તે વ્યક્તિનો ઢોંગ કરવાના ઉદ્દેશ્ય સાથે અન્ય વ્યક્તિનું નામ શામેલ હોવું જોઈએ નહીં.,Your account or mobile number should not contain the name of another person for the purpose of impersonating that person.
You shall not use another user's account without their permission.,તમે અન્ય વપરાશકર્તાના એકાઉન્ટનો તેમની પરવાનગી વિના ઉપયોગ કરશો નહીં.,You should not use other users account without their permission.
"You shall immediately notify us in writing, if you discover any unauthorized use of your account or other account-related security breach.",જો તમને તમારા એકાઉન્ટનો કોઈપણ અનધિકૃત ઉપયોગ અથવા અન્ય એકાઉન્ટ-સંબંધિત સુરક્ષા ભંગ જણાય તો તમે અમને તરત જ લેખિતમાં જાણ કરશો.,"If you find any unauthorized use of your account or other account-related security breach, you will immediately inform us in writing."
"If we receive a complaint that your account violates someone else's rights, or violates our policies we may cancel or block your account.","જો અમને ફરિયાદ મળે છે કે તમારું એકાઉન્ટ કોઈ બીજાના અધિકારોનું ઉલ્લંઘન કરે છે, અથવા અમારી નીતિઓનું ઉલ્લંઘન કરે છે, તો અમે તમારું એકાઉન્ટ રદ અથવા અવરોધિત કરી શકીએ છીએ.","If we receive a complaint that your account is violating the rights of others, or is in violation of our policies, we can cancel or block your account."
"You shall not attempt to conceal your identity by using multiple Internet Protocol addresses or mobile no, or by any other means, to register participants on the Site",સાઇટ પર સહભાગીઓની નોંધણી કરવા માટે તમે બહુવિધ ઇન્ટરનેટ પ્રોટોકોલ સરનામાં અથવા મોબાઇલ નંબરનો ઉપયોગ કરીને અથવા અન્ય કોઈપણ માધ્યમથી તમારી ઓળખ છુપાવવાનો પ્રયાસ કરશો નહીં,Do not try to hide your identity using multiple internet protocol address or mobile number or through any other means to register participants on the site
Poshan Tracker App is available in 22 different languagesThe various languages available are:EnglishHindiGujaratiPunjabiMarathiBanglaKannadaTamilTeluguMalyalamOdiaAssameseNepaliDogriKonkaniSindhiBodoMaithiliManipuriSanthaliUrduKashmiri,પોષણ ટ્રેકર એપ્લિકેશન 22 વિવિધ ભાષાઓમાં ઉપલબ્ધ છે.ઉપલબ્ધ વિવિધ ભાષાઓ છેઃઅંગ્રેજીહિન્દીગુજરાતીપંજાબીમરાઠીબાંગ્લાકન્નડતમિળતેલુગુમલયાલમઓડિયાઆસામીNepaliDogriKonkaniSindhiBodoMaithiliManipuriSanthaliUrduKashmiri,"POSHAN tracker app is available in 22 different languages: English, Hindi, Gujarati, Punjabi, Marathi, Bengali, Kannada, Telugu, Malayalam, Odiya, Assamese, Nepali, Konkani, Sindhi, Maithili, Manipuri, Kashmiri"
"The proposed system should enable real-time monitoring and tracking of all AWCs, AWWs and beneficiaries on the defined indicators.","સૂચિત સિસ્ટમમાં બધા એડબ્લ્યુસી, એડબ્લ્યુડબ્લ્યુ અને લાભાર્થીઓને નિર્ધારિત સૂચકાંકો પર રીઅલ-ટાઇમ મોનિટરિંગ અને ટ્રેકિંગને સક્ષમ બનાવવું જોઈએ.","All AWCs, AWWs and beneficiaries in the proposed system should be enabled with real-time monitoring and tracking on the assigned indicators."
How to Login in Poshan Tracker App?,પોષણ ટ્રેકર એપ્લિકેશનમાં પ્રવેશ કરો કેવી રીતે કરવું?,How to access the POSHAN Tracker App
Height and weight of child has not been measured,બાળકની ઊંચાઈ અને વજન માપવામાં આવ્યું નથી,The child's height and weight were not measured
TAKE HOME RATION (THR) GIVEN TODAY,આજે દેવામા આવેલ ઘરે લઇ જવા માટેનો સીધુંસામાન (THR),Home delivery (THR) delivered today
A beneficiary is eligible for THR for at least 21 days in a month.,એક લાભાર્થી મહિનામાં ઓછામાં ઓછા 21 દિવસ માટે THR માટે પાત્ર છે.,A beneficiary is eligible for THR for a minimum period of 21 days in a month.
 III. NOTICE REGARDING FUTURE CHANGES TO TERMS:, III. શરતોમાં ભાવિ ફેરફારો અંગેની સૂચનાઃ,Suggestions for future changes in conditions:
Planning And Organising Community Based Events At AWC,AWC ખાતે સમુદાય આધારિત કાર્યક્રમોનું આયોજન,Community Based Programmes at AWC
Please find the following steps to LoginStep 1- Click on Poshan Tracker Website https://poshantracker.,Please find the following steps to LoginStep 1- Click on Poshan Tracker Website https://poshantracker.,Please find the following steps to LoginStep 1-Click on Poshan Tracker website https: / / posttracker.
inStep 2- Enter your registered Mobile Number and pre-set 4 digit MPIN.,inStep 2- Enter your registered Mobile Number and pre-set 4 digit MPIN.,Step 2 - Enter your registered mobile number and pre-set 4 digit MPIN.
How AWWS can sign up on the app if they are unable to register via their mobile numbers?,જો આંગણવાડી કાર્યકરો તેમના મોબાઇલ નંબર દ્વારા નોંધણી કરવામાં અસમર્થ હોય તો એપ્લિકેશન પર કેવી રીતે સાઇન અપ કરી શકે છે?,"If Anganwadi workers are unable to register through their mobile numbers, how can they sign up on the app?"
Poshan Tracker adds new Reports feature,પોષણ ટ્રેકરે નવા અહેવાલોની વિશેષતા ઉમેરી,Nutrition Tracker Adds Features to New Reports
General Awareness about preventing illness in Children,બાળકોમાં બિમારી અટકાવવા અંગે સામાન્ય જાગૃતિ,General Awareness on Preventive Disease in Children
2. HOW WE USE PERSONAL INFORMATION,2. અમે વ્યક્તિગત માહિતીનો ઉપયોગ કેવી રીતે કરીએ છીએ,How do we use personal information?
The following are the Terms of Service (“Terms”) that govern your use of the Swastha Balak Balika Spardha Platform hosted at https://poshantracker.,"The following are the Terms of Service (""Terms"") that govern your use of the Swastha Balak Balika Spardha Platform hosted at https://poshantracker.","""The following are the Terms of Service ("" ""Terms"" "") that governs your use of the Swasth Balak Balika Spardha Platform hosted at https: / / posttracker."""
"in, and all associated sites linked to it, its subsidiaries, and affiliates (collectively, the “Site”).","in, and all associated sites linked to it, its subsidiaries, and affiliates (collectively, the ""Site"").","""and all associated sites linked to it, its subsidiaries, and affiliates (collectively, the"" ""site"" "")."""
Please provide your mobile number and a ticket number.,કૃપા કરીને તમારો મોબાઈલ નંબર અને ટિકિટ નંબર આપો.,Please provide your mobile number and ticket number.
Please contact your respective Anganwadi worker.,કૃપા કરીને તમારા સંબંધિત આંગણવાડી કાર્યકરનો સંપર્ક કરો.,Please contact your respective Anganwadi worker.
SAM Children under 5 years who received Supplementary Nutrition,SAM 5 વર્ષથી ઓછી ઉંમરના બાળકો જેમણે પૂરક પોષણ મેળવ્યું હતું,SAM children under 5 years of age who received supplementary nutrition
OPV-1Pentavalent-1Rotavirus Vaccine (RVV)-1Fractional dose of Inactivated Polio Vaccine (fIPV)-1Pneumococcal Conjugate Vaccine (PCV) -1,OPV-1પેન્ટાવેલેન્ટ-1રોટાવાયરસ રસી (RVV)-1નિષ્ક્રિય પોલિયો રસી (fIPV)-1 ની અપૂર્ણાંક માત્રાન્યુમોકોકલ કોન્જુગેટ વેક્સિન (PCV)-1,OPV-1 Pentavalent-1 Rotavirus Vaccine (RVV) -1 Inactivated Polio Vaccine (FIPV-1) Partial dose of Pneumocococcal Conjugate Vaccine (PCV) -1
Height should be between 38 to 150,ઊંચાઈ 38 થી 150 વચ્ચે હોવી જોઈએ,The height should be between 38 to 150 feet.
How to contact Poshan Tracker Team?,પોષણ ટ્રેકર ટીમનો સંપર્ક કેવી રીતે કરવો?,How to contact the nutrition tracker team
Take Home Ration (THR) Given Today,આજે દેવામા આવેલ ઘરે લઇ જવા માટેનો સીધુંસામાન (THR),Home delivery (THR) delivered today
How many different forms are there in Poshan Tracker App?,પોષણ ટ્રેકર એપ્લિકેશનમાં કેટલા વિવિધ ફોર્મ આપેલા છે?,How many different forms are there in the POSHAN Tracker App?
There are 7 different types of forms for beneficiaries.,લાભાર્થીઓ માટે 7 વિવિધ પ્રકારનાં ફોર્મ છે.,There are 7 different types of forms for beneficiaries.
This includes:Lactating motherPregnant womenChild 0-6 MonthsChild 6 Months to 3 YearsChild  3 Years to 6 YearsAdolescent Girls (11 Years-19 Years),જેમાં શામેલ છેઃસ્તનપાન કરાવતી માતાસગર્ભા સ્ત્રીઓબાળક 0-6 મહિનાબાળક 6 મહિનાથી 3 વર્ષબાળક 3 વર્ષથી 6 વર્ષકિશોરવયની છોકરીઓ (11 વર્ષ -19 વર્ષ),"These include: Pregnant women, Lactating mothers, 0-6 months children, 6 months to 3 years children, 3 years to 6 years girls (11 years to 19 years)"
Shibpur I C D S Project,શિબપુર આઈસીડીએસ પ્રોજેક્ટ,Shibpur ICDS Project
"In the recent one to three months, no Aanganwadi Worker has visited the beneficiary's home",તાજેતરમાં એકથી ત્રણ મહિનામાં કોઈ આંગણવાડી કાર્યકર્તાએ લાભાર્થીના ઘરની મુલાકાત લીધી નથી,"Recently, in the last one to three months, no Anganwadi worker has visited the house of the beneficiary"
Please enter Weight greater than 0.49 and less than 40.01,કૃપા કરીને 0.89 કરતાં વધુ અને 58.01 કરતાં ઓછું વજન દાખલ કરો,Please insert more than 0.89 and less than 58.01
You can register with your mobile number directly through the website https://poshantracker.,You can register with your mobile number directly through the website https://poshantracker.,You can register with your mobile number directly through the website https: / / poshantracker.
in or by downloading the Poshan Tracker App.,in or by downloading the Poshan Tracker App.,In or by downloading the Poshan Tracker App.
Calculator to measure the child growth based on the WHO Child Growth Standards,WHO ચાઇલ્ડ ગ્રોથ સ્ટાન્ડર્ડ્સના આધારે બાળકની વૃદ્ધિને માપવા માટે કેલ્ક્યુલેટર,Calculator to measure child growth based on WHO Child Development Standards
MPIN is a 4 digits passcode which is set by an Anganwadi worker while registering over the Poshan Tracker App.,"એમપિન એ 4 અંકનો પાસકોડ છે, જે પોષણ ટ્રેકર એપ પર નોંધણી કરતી વખતે આંગણવાડી કાર્યકર દ્વારા સેટ કરવામાં આવે છે.",MPIN is a 4-digit passcode that is set by an Anganwadi worker while registering on the Poshan Tracker app.
"Specifications of Smart phone and Technical Compatibility Testing (02 February, 2021)","સ્માર્ટ ફોન અને તકનીકી સુસંગતતા પરીક્ષણની વિશિષ્ટતાઓ (02 ફેબ્રુઆરી, 2021)","Features of Smart Phone and Technical Compatibility Test (February 02, 2021)"
Request for child's height and weight measurement,બાળકની ઊંચાઈ અને વજન માપવા માટે વિનંતી,A request to measure the height and weight of a child
Children (6 months - 3 years),બાળકો (6 મહિના-3 વર્ષ),Children (6 months - 3 years)
"We log usage data when you visit or otherwise use our Services, including our sites, app and platform technology.","જ્યારે તમે અમારી સાઇટ્સ, એપ્લિકેશન અને પ્લેટફોર્મ ટેકનોલોજી સહિત અમારી સેવાઓની મુલાકાત લો છો અથવા અન્યથા ઉપયોગ કરો છો ત્યારે અમે વપરાશ ડેટાને લૉગ કરીએ છીએ.","We log in to the usage data when you visit our services including our sites, apps and platform technology or otherwise."
"Result couldn't be fetch, please enter valid data","પરિણામ મેળવી શકાયું નથી, કૃપા કરીને માન્ય ડેટા દાખલ કરો","Could not get result, please enter valid data"
Central Golaghat I. C. D. S. Project,સેન્ટ્રલ ગોલઘાટ આઈ. સી. ડી. એસ પ્રોજેક્ટ,Central Golaghat ICDS Project
