eng,kn,indic_trans_translated
The Site is directed to the people residing in India.,ಭಾರತದಲ್ಲಿ ವಾಸಿಸುವ ಜನರಿಗೆ ಸೈಟ್ ಅನ್ನು ನಿರ್ದೇಶಿಸಲಾಗಿದೆ.,The site is directed to the people living in India.
We do not represent that Content available on or through the Site is appropriate or available in other locations.,ಸೈಟ್ನಲ್ಲಿ ಅಥವಾ ಅದರ ಮೂಲಕ ಲಭ್ಯವಿರುವ ವಸ್ತುವು ಇತರ ಸ್ಥಳಗಳಲ್ಲಿ ಸೂಕ್ತವಾಗಿದೆ ಅಥವಾ ಲಭ್ಯವಿದೆ ಎಂದು ನಾವು ಪ್ರತಿನಿಧಿಸುವುದಿಲ್ಲ.,We do not represent that the material available on or through the site is suitable or available in other places.
We may limit the availability of the Site or any service or product described on the Site to any person or geographic area at any time.,ನಾವು ಯಾವುದೇ ಸಮಯದಲ್ಲಿ ಯಾವುದೇ ವ್ಯಕ್ತಿ ಅಥವಾ ಭೌಗೋಳಿಕ ಪ್ರದೇಶಕ್ಕೆ ಸೈಟ್ ಅಥವಾ ಸೈಟ್ನಲ್ಲಿ ವಿವರಿಸಿದ ಯಾವುದೇ ಸೇವೆ ಅಥವಾ ಉತ್ಪನ್ನದ ಲಭ್ಯತೆಯನ್ನು ಮಿತಿಗೊಳಿಸಬಹುದು.,We may at any time limit the availability of any service or product described on the site or site to any person or geographical area
"If you choose to access the Site from outside India, you do so at your own risk.","ನೀವು ಭಾರತದ ಹೊರಗಿನಿಂದ ಸೈಟ್ ಅನ್ನು ಪ್ರವೇಶಿಸಲು ಆಯ್ಕೆಮಾಡಿದರೆ, ನೀವು ಅದನ್ನು ನಿಮ್ಮ ಸ್ವಂತ ಜವಾಬ್ದಾರಿಯಲ್ಲಿ ಮಾಡುತ್ತೀರಿ.","If you choose to access the site from outside India, you will do it on your own responsibility."
Please go back to the homepage,ದಯವಿಟ್ಟು ಮುಖಪುಟಕ್ಕೆ ಹಿಂತಿರುಗಿ,Please return to the homepage
Please enter Height greater than 29.99 and less than 140.01,ದಯವಿಟ್ಟು 29.99 ಕ್ಕಿಂತ ಹೆಚ್ಚು ಮತ್ತು 140.01 ಕ್ಕಿಂತ ಕಡಿಮೆ ಎತ್ತರವನ್ನು ನಮೂದಿಸಿ,Please enter a height of more than 29.99 and less than 140.01
How to ensure timely initiation of complementary feeding,ಪೂರಕ ಆಹಾರದ  ಸಕಾಲಿಕ  ಆರಂಭವನ್ನು ಹೇಗೆ ಖಚಿತಪಡಿಸಿಕೊಳ್ಳುವುದು,How to ensure timely initiation of supplements
Poshan Tracker App can only be installed in Android Phone with Android version 6.0 and above.,ಪೋಷಣ್ ಟ್ರ್ಯಾಕರ್ ಆಪ್ಪ್ ಅನ್ನು ಆಂಡ್ರೊಯಿಡ್ ೬.೦ ಆವ್ರಿತ್ತಿ ಅಥವಾ ಅದಕ್ಕಿಂತ ಮೇಲಿನ ಆವ್ರಿತ್ತಿಗಳಿರುವ ಅಂಡ್ರೊಯಿಡ್ ಫೋನ್ನಲ್ಲಿ ಸ್ಥಾಪಿಸಬಹುದು.,The POSHAN Tracker app can be installed on an Android phone with Android 6.0 or above.
General Awareness about Growth Monitoring of Children,ಮಕ್ಕಳ ಬೆಳವಣಿಗೆಯನ್ನು ಗಮನಿಸುವ ಬಗ್ಗೆ ಸಾಮಾನ್ಯ ಅರಿವು,General Awareness on Child Development
Wasting is defined as low weight-for-height,ವೇಸ್ಟಿಂಗ್ ಅನ್ನು ಕಡಿಮೆ ತೂಕ ಮತ್ತು ಎತ್ತರದ ಅನುಪಾತ ಎಂದು ವ್ಯಾಖ್ಯಾನಿಸಲಾಗಿದೆ,Vesting is defined as the ratio of low weight to high height
Hot Cooked Meal (HCM) Given Today,ಈವತ್ತು ಕೊಟ್ಟ ಬೇಯಿಸಿದ ಬಿಸಿಯೂಟ(ಎಚ್. ಸಿ. ಎಮ್),Hot Cooked Meal (HCM)
There are 6 categories for beneficiariesPregnant WomenLactating MotherChildren from 0 to 6 monthsChildren from 6 months to 3 yearsChildren from 3 years to 6 yearsAdolescent girls,ಫಲಾನುಭವಿಗಳಿಗೆ 6 ವಿಭಾಗಗಳಿವೆಗರ್ಭಿಣಿಯರುಹಾಲುಣಿಸುವ ತಾಯಿ0 ರಿಂದ 6 ತಿಂಗಳ ಮಗು6 ತಿಂಗಳಿಂದ 3 ವರ್ಷಗಳವರೆಗೆ ಮಕ್ಕಳು3 ವರ್ಷದಿಂದ 6 ವರ್ಷಗಳವರೆಗೆ ಮಕ್ಕಳುಹದಿಹರೆಯದ ಹುಡುಗಿಯರು,6 categories of beneficiaries Pregnant women (0-6 months) Children (6-3 years) Children (3-6 years) Girls (0-6 years)
"Data Plan for Mobile Application (01 March, 2021)","ಮೊಬೈಲ್ ಆಪ್ಲಿಕೇಶನ್ ನ ಡೇಟ ಯೋಜನೆ(೦೧ ಮಾರ್ಚ್, ೨೦೨೧)","Mobile Application Data Plan (March 01, 2021)"
 VIII. LIMITATIONS OF MULTI- LINGUAL INTERFACE, VIII. ಬಹುಭಾಷಾ ಇಂಟರ್ಫೇಸ್ಗಳ ಮಿತಿಗಳು,VIII. Limitations of Multilingual Interfaces
Srijangram I. C. D. S. Project,ಸೃಜನ್ಗ್ರಾಮ್ ಐ. ಸಿ. ಡಿ. ಎಸ್. ಯೋಜನೆ,Srujangram ICDS Project
"We may investigate any violation of these Terms, including unauthorized use of the Site.",ಸೈಟ್ನ ಅನಧಿಕೃತ ಬಳಕೆ ಸೇರಿದಂತೆ ಈ ನಿಯಮಗಳ ಯಾವುದೇ ಉಲ್ಲಂಘನೆಯನ್ನು ನಾವು ತನಿಖೆ ಮಾಡಬಹುದು.,We can investigate any violation of these rules including unauthorized use of the site.
We may provide law enforcement with information you provide to us related to your transactions to assist in any investigation or prosecution of you.,ನಿಮ್ಮ ಯಾವುದೇ ತನಿಖೆ ಅಥವಾ ಕಾನೂನು ಕ್ರಮದಲ್ಲಿ ಸಹಾಯ ಮಾಡಲು ನಿಮ್ಮ ವಹಿವಾಟುಗಳಿಗೆ ಸಂಬಂಧಿಸಿದ ಮಾಹಿತಿಯನ್ನು ನಾವು ಕಾನೂನಿಗೆ ಒದಗಿಸಬಹುದು.,We can provide you with information related to your transactions to help you in any investigation or legal proceedings.
We may take legal action that we feel is appropriate.,ನಾವು ಸೂಕ್ತವೆನಿಸಿದ ಕಾನೂನು ಕ್ರಮ ತೆಗೆದುಕೊಳ್ಳಬಹುದು.,We will take appropriate legal action.
Poshan Calculator helps to identify various health conditions of the child as per World Health Organization (WHO) standards,ವಿಶ್ವ ಆರೋಗ್ಯ ಸಂಸ್ಥೆ (WHO) ಮಾನದಂಡಗಳ ಪ್ರಕಾರ ಮಗುವಿನ ವಿವಿಧ ಆರೋಗ್ಯ ಪರಿಸ್ಥಿತಿಗಳನ್ನು ಗುರುತಿಸಲು ನ್ಯೂಟ್ರಿಷನ್ ಕ್ಯಾಲ್ಕುಲೇಟರ್ ಸಹಾಯ ಮಾಡುತ್ತದೆ,The Nutritional Calculator helps in identifying the various health conditions of the child as per the World Health Organization (WHO) norms
How to take care of weak newborn with the help of Kangaroo Mother Care,ಕಾಂಗರೂ ತಾಯಿ ಆರೈಕೆಯ ಸಹಾಯದಿಂದ ದುರ್ಬಲ ನವಜಾತ ಶಿಶುಗಳನ್ನು ಹೇಗೆ ಆರೈಕೆ ಮಾಡುವುದು,How to take care of weak newborns with the help of Kangaroo mother
"Any liabilities civil or criminal, arising out of any incorrect data, shall solely lie with the concerned ASP.",ಯಾವುದೇ ತಪ್ಪಾದ ದತ್ತಾಂಶದಿಂದ ಉಂಟಾಗುವ ಸಿವಿಲ್ ಅಥವಾ ಕ್ರಿಮಿನಲ್ ಹೊಣೆಗಾರಿಕೆಗಳು ಸಂಪೂರ್ಣವಾಗಿ ಸಂಬಂಧಪಟ್ಟ ASP ಯ ಬಳಿ ಇರುತ್ತವೆ.,Civil or criminal liability arising out of any incorrect data is entirely with the concerned ASP.
Poshan Tracker App is available over Google playstore https://play. google. com/store/apps/details?,ಪೋಷಣ್ ಟ್ರ್ಯಾಕರ್ ಆಪ್ಪ್ ಗೂಗ್ಲ್ ಪ್ಲೇಸ್ಟೋರ್ ನಲ್ಲಿ ಲಭ್ಯವಿದೆ https://play. google. com/store/apps/details?,The POSHAN Tracker app is available on the Google Play Store at https: / / play.google.com / store / apps / details? id =? id =? id =? t
Can App be accessed without internet?,ಇಂಟರ್ನೆಟ್ ಇಲ್ಲದೆ ಈ ಆಪ್ಪ್ ಅನ್ನು ಪ್ರವೇಶಿಸಬಹುದೇ?,Can I access this app without internet?
The Government has taken several initiatives to break the intergenerational cycle of malnutrition in children.,ಮಕ್ಕಳಲ್ಲಿ ಅಪೌಷ್ಟಿಕತೆಯ ಅಂತರಜನಕ ಚಕ್ರವನ್ನು ಮುರಿಯಲು ಸರ್ಕಾರ ಹಲವಾರು ಉಪಕ್ರಮಗಳನ್ನು ಕೈಗೊಂಡಿದೆ.,The Government has taken a number of initiatives to break the vicious cycle of malnutrition among children
"Adopting a life-cycle approach, interventions have been designed to meet the nutritional requirement of adolescent girls and boys, pregnant women, lactating mothers and children.","ಜೀವನ ಚಕ್ರ ವಿಧಾನವನ್ನು ಅಳವಡಿಸಿಕೊಂಡು, ಹದಿಹರೆಯದ ಹುಡುಗಿಯರು ಮತ್ತು ಹುಡುಗರು, ಗರ್ಭಿಣಿಯರು, ಹಾಲುಣಿಸುವ ತಾಯಂದಿರು ಮತ್ತು ಮಕ್ಕಳ ಪೌಷ್ಠಿಕಾಂಶದ ಅಗತ್ಯವನ್ನು ಪೂರೈಸಲು ಮಧ್ಯಸ್ಥಿಕೆಗಳನ್ನು ವಿನ್ಯಾಸಗೊಳಿಸಲಾಗಿದೆ.","Interventions have been designed to meet the nutritional needs of adolescent girls and boys, pregnant women, lactating mothers and children by adopting the life cycle approach"
Awareness for Pregnancy in Preventing Anemia,ರಕ್ತಹೀನತೆಯನ್ನು ತಡೆಗಟ್ಟುವಲ್ಲಿ ಗರ್ಭಾವಸ್ಥೆಯ ಬಗ್ಗೆ ಜಾಗೃತಿ,Awareness on pregnancy for prevention of anemia
"Howrah North (U) I. C. D. S. Project, Howrah","ಹೌರಾ ಉತ್ತರ (ಯು) ಐ. ಸಿ. ಡಿ. ಎಸ್. ಯೋಜನೆ, ಹೌರಾ","Howrah North (U) ICDS Project, Howrah"
Birth Preparedness- For Institutional and Home Delivery,ಜನನಕ್ಕಾಗಿ ಸಿದ್ದತೆ ಸಾಂಸ್ಥಿಕ ಮತ್ತು ಮನೆ ಹೆರಿಗೆಗಾಗಿ,Preparing for institutional delivery and home delivery
New beneficiary addition with skip OTP option,ಸ್ಕಿಪ್ OTP ಆಯ್ಕೆಯೊಂದಿಗೆ ಹೊಸ ಫಲಾನುಭವಿ ಸೇರ್ಪಡೆ,New beneficiary added with OTP option
We are now available on Video Conference,ನಾವು ಈಗ ವೀಡಿಯೊ ಕಾನ್ಫರೆನ್ಸ್ ನಲ್ಲಿ ಲಭ್ಯ,We are now available through video conference
"Poshan Tracker App is meant for Aanganwadi workers, Anganwadi centers to enter beneficiaries data in the forms.","ಅಂಗನವಾಡಿ ಕಾರ್ಮಿಕರು, ಅಂಗನವಾಡಿ ಕೇಂದ್ರಗಳು ಫಲಾನುಭವಿಗಳ ಡೇಟಾವನ್ನು ನಮೂನೆಗಳಲ್ಲಿ ನಮೂದಿಸಲು ಪೋಶನ್ ಟ್ರ್ಯಾಕರ್ ಅಪ್ಲಿಕೇಶನ್ ಸ್ರಿಷ್ಟಿಸಲಾಗಿದೆ.","A Poshan Tracker App has been created for capturing the data of Anganwadi Workers, Anganwadi Centres and beneficiaries in the form"
It is not at all developed for general public.,ಇದು ಸಾಮಾನ್ಯ ಜನರಿಗೆ ಅಭಿವೃದ್ಧಿ ಹೊಂದಿಲ್ಲ.,This is not development for the common man.
Swastha Balak/Balika Spardha Mission is about celebrating the health of children in India.,Swastha Balak/Balika Spardha Mission is about celebrating the health of children in India.,Swastha Balak / Balika Spardha Mission is about celebrating the health of children in India.
It entails identification and awareness of health conditions and providing necessary support wherever required.,It entails identification and awareness of health conditions and providing necessary support wherever required.,It indicates identification and awareness of health conditions and providing adequate support wherever required.
”Our Privacy Policy applies when you use our Services (described below).,"""Our Privacy Policy applies when you use our Services (described below).",Our Privacy Policy applies when you use our Services (described below).
"This Privacy Policy is meant to help you understand what information we collect, why we collect it, and how it is used and shared.","This Privacy Policy is meant to help you understand what information we collect, why we collect it, and how it is used and shared.","This Privacy Policy is meant to help you understand what information we collect, why we collect it, and how it is used and shared."
The collecting and retaining agency in respect of your information is Ministry of Women and Child Development.,The collecting and retaining agency in respect of your information is Ministry of Women and Child Development.,The collecting and retaining agency in respect of your information is Ministry of Women and Child Development.
We are committed to protecting the security of your personal information and safeguarding your privacy.,We are committed to protecting the security of your personal information and safeguarding your privacy.,We are committed to protecting the security of your personal information and protecting your privacy.
How to revive your health if you are Underweight,ನೀವು ಕಡಿಮೆ ತೂಕ ಹೊಂದಿದ್ದರೆ ನಿಮ್ಮ ಆರೋಗ್ಯವನ್ನು ಹೇಗೆ ಪುನರುಜ್ಜೀವನಗೊಳಿಸುವುದು,How to improve your health if you are underweight
Can a beneficiary change his/her AWC?,ಒಬ್ಬ ಫಲಾನುಭವಿ ಅವನ/ಅವಳ AWC ಬದಲಾಯಿಸಬಹುದೇ?,Can a beneficiary change his / her AWC?
"We use the information we have, to help verify accounts.",ನಾವು ನಮ್ಮ ಬಳಿ ಇರುವ ಮಾಹಿತಿಯನ್ನು ಖಾತೆಗಳನ್ನು ಪರಿಶೀಲಿಸಲು ಬಳಸುತ್ತೇವೆ.,We use the information available with us to verify the accounts.
The records may be used for verification of health status for the purposes of Poshan Tracker control and response.,ಪೋಷನ್ ಟ್ರ್ಯಾಕರ್ ನಿಯಂತ್ರಣ ಮತ್ತು ಪ್ರತಿಕ್ರಿಯೆಯ ಉದ್ದೇಶಗಳಿಗಾಗಿ ಆರೋಗ್ಯ ಸ್ಥಿತಿಯನ್ನು ಪರಿಶೀಲಿಸಲು ದಾಖಲೆಗಳನ್ನು ಬಳಸಬಹುದು.,The nutrition tracker can use the documents to check the health status for control and response purposes.
Scan the QR Code to Download the App,ಅಪ್ಲಿಕೇಶನ್ ಡೌನ್ ಲೋಡ್ ಮಾಡಲು ಕ್ಯೂಆರ್ ಕೋಡ್ ಸ್ಕ್ಯಾನ್ ಮಾಡಿ,Scan the QR code to download the app
Who is eligible for Hot Cooked Meal?,ಬಿಸಿ ಊಟಕ್ಕೆ ಯಾರು ಅರ್ಹರು?,Who should have a hot meal?
Identifying and preventing Severe Acute Malnutrition,ತೀವ್ರ ಅಪೌಷ್ಟಿಕತೆಯನ್ನು ಗುರುತಿಸುವುದು ಮತ್ತು ತಡೆಗಟ್ಟುವುದು,Recognizing and Preventing Severe Malnutrition
Children who are identified as deficit on nutrition are eligible for additional food supplements.,ಪೌಷ್ಟಿಕಾಂಶದ ಕೊರತೆಯಿರುವ ಮಕ್ಕಳು ಹೆಚ್ಚುವರಿ ಆಹಾರ ಪಡೆಯಲು ಅರ್ಹರಾಗಿರುತ್ತಾರೆ.,Children who are malnourished are entitled to extra food.
Who is eligible for additional supplementary food.,ಹೆಚ್ಚುವರಿ ಪೂರಕ ಆಹಾರಕ್ಕಾಗಿ ಯಾರು ಅರ್ಹರು.,Who is eligible for additional supplementary food
"Uploading of Data of Anganwadi Services Schemes in Poshan Tracker (24 May, 2021)","ಅಂಗನವಾಡಿ ಸೇವೆಗಳ ಯೋಜನೆಗಳ ದತ್ತಾಂಶವನ್ನು ಪೋಷಣ್ ಟ್ರ್ಯಾಕರ್ ನಲ್ಲಿ ಅಪ್ ಲೋಡ್ ಮಾಡಲಾಗುತ್ತಿದೆ.(೨೪ ಮೇ, ೨೦೨೧)","Data of Anganwadi Services Schemes being uploaded on POSHAN Tracker (24th May, 2021)"
Children between 6 months - 3 years,೬ ತಿಂಗಳ -೩ ವರ್ಷದ ನಡುವೆ ಮಕ್ಕಳು,Children between 6 months and 3 years
"Ministry of Women and Child Development, Government of India, Shastri Bhawan, New Delhi","ಮಹಿಳಾ ಮತ್ತು ಮಕ್ಕಳ ಅಭಿವೃದ್ಧಿ ಸಚಿವಾಲಯ, ಭಾರತ ಸರ್ಕಾರ, ಶಾಸ್ತ್ರಿ ಭವನ, ನವದೆಹಲಿ","Ministry of Women and Child Development, Government of India, Shastri Bhawan, New Delhi"
Care of the weak newborn baby - How many weak babies are we missing?,ದುರ್ಬಲ ನವಜಾತ ಶಿಶುವಿನ ಆರೈಕೆ - ನಾವು ಎಷ್ಟು ದರ್ಬಲ ಮಕ್ಕಳನ್ನು ಕಳೆದುಕೊಳ್ಳುತ್ತಿದ್ದೇವೆ?,Care of Weak Newborn How many underprivileged children are we losing?
Underweight children who received Supplementary Nutrition,ಪೂರಕ ಆಹಾರವನ್ನು ಪಡೆದಿರುವ ಕಡಿಮೆ ತೂಕದ ಮಕ್ಕಳು,Children with low body weight who take supplements
Identification and care of a Weak Newborn baby,ದುರ್ಬಲ ನವಜಾತ ಶಿಶುವಿನ ಗುರುತಿಸುವಿಕೆ ಮತ್ತು ಆರೈಕೆ,Identification and Care of a Vulnerable Newborn
1.2. Information from use of services.,1.2. ಸೇವೆಗಳ ಬಳಕೆಯಿಂದ ಬರುವ ಮಾಹಿತಿ.,1.2 Information from the use of services.
Please contact your respective Anganwadi Centre.,ದಯವಿಟ್ಟು ನಿಮ್ಮ ಅಂಗನವಾಡಿ ಕೇಂದ್ರವನ್ನು ಸಂಪರ್ಕಿಸಿ.,Please contact your Anganwadi Centre.
GOBARDANGA I. C. D. S PROJECT(U),ಗೋಬರ್ದಂಗ ಐಸಿಡಿಎಸ್ ಪ್ರಾಜೆಕ್ಟ್(ಯು),Gobardanga ICDS Project (U)
Please fill in the form below to create a new ticket.,ಹೊಸ ಟಿಕೆಟ್ ರಚಿಸಲು ಕೆಳಗಿನ ಫಾರ್ಮ್ ಅನ್ನು ಭರ್ತಿ ಮಾಡಿ.,Fill up the following form to create a new ticket:
Anganwadi Worker will reach out to you within 48 hours.,AWW 48 ಗಂಟೆಗಳ ಒಳಗೆ ನಿಮ್ಮನ್ನು ಸಂಪರ್ಕಿಸುತ್ತಾರೆ.,AWW will contact you within 48 hours
Please note down the ticket number for future reference.,ಭವಿಷ್ಯದ ಉಲ್ಲೇಖಕ್ಕಾಗಿ ದಯವಿಟ್ಟು ಟಿಕೆಟ್ ಸಂಖ್ಯೆ ಬರೆದಿಟ್ಟುಕೊಳ್ಳಿ.,Please note down the ticket number for future reference.
Poshan Tracker is a project of Ministry of Women and Child Development.,ಪೋಶನ್ ಟ್ರ್ಯಾಕರ್ ಮಹಿಳಾ ಮತ್ತು ಮಕ್ಕಳ ಅಭಿವೃದ್ಧಿ ಸಚಿವಾಲಯದ ಒಂದು ಯೋಜನೆಯಾಗಿದೆ.,Poshan Tracker is a scheme of the Ministry of Women and Child Development.
Digital India Corporation is the technical partner of MoWCD.,ಡಿಜಿಟಲ್ ಇಂಡಿಯಾ ಕಾರ್ಪೊರೇಷನ್ MoWCD ಯ ತಾಂತ್ರಿಕ ಪಾಲುದಾರ.,Digital India Corporation is the technology partner of MoWCD.
Poshan Tracker focuses on eradication of malnutrition from India.,ಭಾರತದಿಂದ ಅಪೌಷ್ಟಿಕತೆಯ ನಿರ್ಮೂಲನೆ ಬಗ್ಗೆ ಪೋಶನ್ ಟ್ರ್ಯಾಕರ್ ಗಮನಹರಿಸುತ್ತದೆ.,The POSHAN Tracker focuses on eradication of malnutrition from India.
It serves as a mechanism to monitor and improvise on the service delivery under Poshan Abhiyaan,ಪೋಶನ್ ಅಭಿಯಾನದ ಅಡಿಯಲ್ಲಿ ಸೇವೆಯ ನೀಡುವ ಬಗ್ಗೆ ಮೇಲ್ವಿಚಾರಣೆ ಮಾಡಲು ಮತ್ತು ಸುಧಾರಿಸಲು ಇದು ಕಾರ್ಯವಿಧಾನವಾಗಿ ಕಾರ್ಯನಿರ್ವಹಿಸುತ್ತದೆ,It functions as a mechanism to monitor and improve service delivery under POSHAN Abhiyaan
Is poshan trackers app available over Apple I Store also?,ಪೋಷಣ್ ಟ್ರ್ಯಾಕರ್ ಆಪ್ಪ್ ಆಪ್ಪಲ್ ಐ ಸ್ಟೋರ್ ನಲ್ಲೂ ಲಭ್ಯವಿದೆಯೇ?,Is the POSHAN Tracker app available on Apple App Store?
Number of records becoming inactive and number of records migrating from one category to another,ನಿಷ್ಕ್ರಿಯವಾಗುತ್ತಿರುವ ದಾಖಲೆಗಳ ಸಂಖ್ಯೆ ಮತ್ತು ಒಂದು ವರ್ಗದಿಂದ ಇನ್ನೊಂದಕ್ಕೆ ಸ್ಥಳಾಂತರಗೊಳ್ಳುವ ದಾಖಲೆಗಳ ಸಂಖ್ಯೆ,Number of dormant documents and number of documents being transferred from one category to another
In How many languages the Poshan Tracker App is available?,ಪೋಷಣ್ ಟ್ರ್ಯಾಕರ್ ಅಪ್ಲಿಕೇಶನ್ ಎಷ್ಟು ಭಾಷೆಗಳಲ್ಲಿ ಲಭ್ಯವಿದೆ?,How many languages is the POSHAN Tracker App available?
AWWs are requested to enter their mobile numbers in the Login screen.,ತಮ್ಮ ಮೊಬೈಲ್ ಸಂಖ್ಯೆಯನ್ನು ಎಡಬ್ಯುಡಬ್ಲ್ಯು ಗಳು ಲಾಗಿನ್ ಪರದೆಯಲ್ಲಿ ನಮೂದಿಸಲು ವಿನಂತಿಸಲಾಗಿದೆ.,AWWs have been requested to enter their mobile number on the login screen.
"An OTP will be sent to your registered mobile number, post which you are required too set your MPIN.","ನಿಮ್ಮ ನೋಂದಾಯಿತ ಮೊಬೈಲ್ ಸಂಖ್ಯೆಗೆ ಒಟಿಪಿ ಕಳುಹಿಸಲಾಗುವುದು, ತದನಂತರ ನೀವು ನಿಮ್ಮ ಎಮ್. ಪಿನ್ ಗೊತ್ತುಪಡಿಸಬೇಕು.","OTP will be sent to your registered mobile number, after which you will be asked to confirm your MP PIN."
Measles Containing vaccine (MCV)/MR-2JE-2**DiphtheriaPertussis & Tetanus (DPT)-Booster-1OPV –Booster,ದಡಾರ ಲಸಿಕೆ (MCV)/MR-2JE-2**ಡಿಫ್ತೀರಿಯಾಪೆರ್ಟುಸಿಸ್ ಮತ್ತು ಟೆಟನಸ್ (DPT)-ಬೂಸ್ಟರ್-1OPV-ಬೂಸ್ಟರ್,Measles-Rubella (MCV) / MR-2JE-2 * Diphtheria pertussis and Tetanus (DPT) -booster 1OPV-booster
The Poshan Tracker enables real-time monitoring and tracking of all AWCs and beneficiaries on defined indicators.,ಪೋಶನ್ ಟ್ರ್ಯಾಕರ್ ಎಲ್ಲಾ AWCಗಳು ಮತ್ತು ಫಲಾನುಭವಿಗಳನ್ನು ವ್ಯಾಖ್ಯಾನಿಸಲಾದ ಸೂಚಕಗಳಲ್ಲಿ ನೈಜ-ಸಮಯದ ಮೇಲ್ವಿಚಾರಣೆ ಮತ್ತು ಟ್ರ್ಯಾಕಿಂಗ್ ಅನ್ನು ಸಕ್ರಿಯಗೊಳಿಸುತ್ತದೆ.,The POSHAN tracker enables real-time monitoring and tracking of all AWCs and beneficiaries on defined indicators
It is built using centralized data architecture that also aligns with the digital technology systems of other ministries and programs.,"ಇದು ಕೇಂದ್ರೀಕೃತ ಡೇಟಾ ಆರ್ಕಿಟೆಕ್ಚರ್ ಅನ್ನು ಬಳಸಿಕೊಂಡು ನಿರ್ಮಿಸಲಾಗಿದೆ, ಇದು ಇತರ ಸಚಿವಾಲಯಗಳು ಮತ್ತು ವಿನ್ಯಾಸ ಕಾರ್ಯಕ್ರಮಗಳ ಡಿಜಿಟಲ್ ತಂತ್ರಜ್ಞಾನ ವ್ಯವಸ್ಥೆಗಳೊಂದಿಗೆ ಹೊಂದಾಣಿಕೆಯಾಗುತ್ತದೆ.",It is built using a centralised data architecture that aligns with digital technology systems of other ministries and design programs.
The public dashboard helps to impart transparency on services delivered to beneficiaries,ಸಾರ್ವಜನಿಕ ಡ್ಯಾಶ್ಬೋರ್ಡ್ ಫಲಾನುಭವಿಗಳಿಗೆ ನೀಡುವ ಸೇವೆಗಳಲ್ಲಿ ಪಾರದರ್ಶಕತೆಯನ್ನು ಒದಗಿಸಲು ಸಹಾಯ ಮಾಡುತ್ತದೆ,The Public Dashboard will help in providing transparency in services to beneficiaries
Translations on the Poshan Tracker Portal & App Chabot are done by third party translators.,ಪೋಷನ್ ಟ್ರ್ಯಾಕರ್ ಪೋರ್ಟಲ್ ಮತ್ತು ಚಾಬೊಟ್ ಅಪ್ಲಿಕೇಶನ್ ಅನ್ನು ಥರ್ಡ್ ಪಾರ್ಟಿ ಅನುವಾದಕರು ಅನುವಾದಿಸಿದ್ದಾರೆ.,The Poshan Tracker portal and Chabot app have been translated by third party translators.
"While the translations are done on a best effort basis, some of the parts may be incorrect.","ಅನುವಾದಗಳನ್ನು ಅತ್ಯುತ್ತಮ ಪ್ರಯತ್ನದ ಆಧಾರದ ಮೇಲೆ ಮಾಡಲಾಗಿದ್ದರೂ, ಕೆಲವು ಭಾಗಗಳು ತಪ್ಪಾಗಿರಬಹುದು.","While the translations are based on best effort, some parts may be wrong."
Certain files and other items on the website cannot be translated.,ವೆಬ್ಸೈಟ್ನಲ್ಲಿರುವ ಕೆಲವು ಫೈಲ್ಗಳು ಮತ್ತು ಇತರ ಐಟಂಗಳನ್ನು ಅನುವಾದಿಸಲಾಗುವುದಿಲ್ಲ.,Some of the files and other items on the website cannot be translated.
"In addition, on translation, some applications and/or services may not function as expected, due to language barriers.","ಹೆಚ್ಚುವರಿಯಾಗಿ, ಅನುವಾದದ ನಂತರ, ಭಾಷೆಯ ನಿರ್ಬಂಧಗಳ ಕಾರಣದಿಂದಾಗಿ ಕೆಲವು ಅಪ್ಲಿಕೇಶನ್ಗಳು ಮತ್ತು/ಅಥವಾ ಸೇವೆಗಳು ನಿರೀಕ್ಷೆಯಂತೆ ಕಾರ್ಯನಿರ್ವಹಿಸುವುದಿಲ್ಲ.","Additionally, after translation, some apps and / or services do not work as expected due to language restrictions."
"We are working constantly to rectify any errors, omissions, or ambiguities in the translations provided on this portal.","ಈ ಪೋರ್ಟಲ್ನಲ್ಲಿ ಒದಗಿಸಲಾದ ಅನುವಾದಗಳಲ್ಲಿನ ಯಾವುದೇ ದೋಷಗಳು, ಲೋಪಗಳು ಅಥವಾ ಅಸ್ಪಷ್ಟತೆಗಳನ್ನು ಸರಿಪಡಿಸಲು ನಾವು ನಿರಂತರವಾಗಿ ಕಾರ್ಯನಿರ್ವಹಿಸುತ್ತಿದ್ದೇವೆ.","We are continuously working to rectify any errors, errors or ambiguities in the translations provided on this portal"
"The MGRS collected primary growth data and related information from approximately 8500 children from widely different ethnic backgrounds and cultural settings (Brazil, Ghana, India, Norway, Oman and the USA)","MGRS ವಿವಿಧ ಜನಾಂಗೀಯ ಹಿನ್ನೆಲೆಗಳು ಮತ್ತು ಸಾಂಸ್ಕೃತಿಕ ಸೆಟ್ಟಿಂಗ್ಗಳಿಂದ (ಬ್ರೆಜಿಲ್, ಘಾನಾ, ಭಾರತ, ನಾರ್ವೆ, ಓಮನ್ ಮತ್ತು USA) ಸುಮಾರು 8500 ಮಕ್ಕಳಿಂದ ಪ್ರಾಥಮಿಕ ಬೆಳವಣಿಗೆಯ ಡೇಟಾ ಮತ್ತು ಸಂಬಂಧಿತ ಮಾಹಿತಿಯನ್ನು ಸಂಗ್ರಹಿಸಿದೆ","MGRS has collected primary growth data and related information from around 8500 children from various ethnic backgrounds and cultural settings (Brazil, Ghana, India, Norway, Oman and USA)"
Children of different age groups are monitored on monthly basis by AWWs.,ವಿವಿಧ ವಯೋಮಾನದ ಮಕ್ಕಳನ್ನು AWW ಮಾಸಿಕವಾಗಿ ಮೇಲ್ವಿಚಾರಣೆ ಮಾಡುತ್ತಾರೆ.,AWW monitors children of various ages on a monthly basis.
"Health indicators like Stunting, Wasting and Underweight prevalence are measured as per WHO standards.","ಕುಂಠಿತವಾಗುವಿಕೆ, ಕ್ಷೀಣಿಸುವಿಕೆ ಮತ್ತು ಕಡಿಮೆ ತೂಕದಂತಹ ಆರೋಗ್ಯ ಸೂಚಕಗಳನ್ನು WHO ಮಾನದಂಡಗಳ ಪ್ರಕಾರ ಅಳೆಯಲಾಗುತ್ತದೆ.","Health indicators such as fainting, depletion and underweight are measured according to WHO standards."
Regular growth monitoring helps AWWs to provide relevant and timely assistance to children,"ನಿಯಮಿತ ಬೆಳವಣಿಗೆಯ ಮೇಲ್ವಿಚಾರಣೆಯು AWW, ಮಕ್ಕಳಿಗೆ ಸೂಕ್ತ ಮತ್ತು ಸಮಯೋಚಿತ ಸಹಾಯವನ್ನು ಒದಗಿಸಲು ಸಹಾಯ ಮಾಡುತ್ತದೆ",Regular growth monitoring will help AWW to provide appropriate and timely support to children
"Awareness for Children Stunting, Wasting to prevent malnutrition in children",ಮಕ್ಕಳಲ್ಲಿನ ಅಪೌಷ್ಟಿಕತೆ ತಡೆಗಟ್ಟಲು ಕುಂಠಿತ ಸ್ಥಿತಿಯ ಬಗ್ಗೆ ಜಾಗೃತಿ,Awareness on Malnutrition among children
Poshan Tracker adds new application features,ಪೋಶನ್ ಟ್ರ್ಯಾಕರ್ ಹೊಸ ಅಪ್ಲಿಕೇಶನ್ ವೈಶಿಷ್ಟ್ಯಗಳನ್ನು ಸೇರಿಸುತ್ತದೆ,The Potion Tracker adds new app features
Making or Updating Home Visit Planner and Initiating home visits,ಮನೆ ಭೇಟಿ ಯೋಜಕವನ್ನು ರಚಿಸಸುವುದು ಅಥವಾ ನವೀಕರಿಸುವುದು ಮತ್ತು ಮನೆ ಭೇಟಿಯನ್ನು ಪ್ರಾರಂಭಿಸುವುದು,Create or renew a home visit plan and start a home visit
Poshan Calculator is designed to measure growth of the child based on standards defined by World Health Organization (WHO),ಪೋಷನ್ ಕ್ಯಾಲ್ಕುಲೇಟರ್ ಅನ್ನು ವಿಶ್ವ ಆರೋಗ್ಯ(WHO) ಸಂಸ್ಥೆ ನಿಗದಿಪಡಿಸಿದ ಮಾನದಂಡದ ಪ್ರಕಾರ ಮಗುವಿನ ಬೆಳವಣಿಗೆಯನ್ನು ಅಳೆಯಲು ವಿನ್ಯಾಸಗೊಳಿಸಲಾಗಿದೆ,The nutrition calculator is designed to measure the growth of a child as per the criteria set by the World Health Organization (WHO)
Migrated from one category to another,ಒಂದು ವರ್ಗದಿಂದ ಇನ್ನೊಂದು ವರ್ಗಕ್ಕೆ ವಲಸೆ ಹೋಗಿದ್ದಾರೆ,Migration from one class to another
It usually occurs when a person has not had food of adequate quality and quantity and/or they have had frequent or prolonged illnesses,ಒಬ್ಬ ವ್ಯಕ್ತಿಯು ಸಾಕಷ್ಟು ಗುಣಮಟ್ಟದ ಮತ್ತು ಪ್ರಮಾಣದ ಆಹಾರವನ್ನು ಸೇವಿಸದಿದ್ದಾಗ ಮತ್ತು/ಅಥವಾ ಅವರು ಮರುಕಳಿಸುವ ಅಥವಾ ದೀರ್ಘಕಾಲದ ಅನಾರೋಗ್ಯವನ್ನು ಹೊಂದಿರುವಾಗ ಇದು ಸಾಮಾನ್ಯವಾಗಿ ಸಂಭವಿಸುತ್ತದೆ,It usually occurs when a person does not consume enough quality and quantity of food and / or they have recurrent or chronic illness
Malnutrition is one of the most important challenges facing contemporary India.,ಸಮಕಾಲೀನ ಭಾರತ ಎದುರಿಸುತ್ತಿರುವ ಪ್ರಮುಖ ಸವಾಲುಗಳಲ್ಲಿ ಅಪೌಷ್ಟಿಕತೆ ಒಂದು.,Malnutrition is one of the major challenges facing contemporary India
Nutrition is acknowledged as central to the achievement of National and Global Sustainable Development Goals.,ಪೌಷ್ಠಿಕಾಂಶವನ್ನು ರಾಷ್ಟ್ರೀಯ ಮತ್ತು ಜಾಗತಿಕ ಸುಸ್ಥಿರ ಅಭಿವೃದ್ಧಿ ಗುರಿಗಳ ಸಾಧನೆಗೆ ಕೇಂದ್ರವೆಂದು ಒಪ್ಪಿಕೊಳ್ಳಲಾಗಿದೆ.,Nutrition has been recognized as central to achieving national and global Sustainable Development Goals.
"Optimum and appropriate nutrition is essential for women and children to survive, thrive and break the intergenerational cycle of poor health and poverty in the community.","ಸಮುದಾಯದಲ್ಲಿ ಕಳಪೆ ಆರೋಗ್ಯ ಮತ್ತು ಬಡತನದ ಅಂತರಜನಾಂಗೀಯ ಚಕ್ರವನ್ನು ಬದುಕಲು, ಅಭಿವೃದ್ಧಿ ಹೊಂದಲು ಮತ್ತು ಮುರಿಯಲು ಮಹಿಳೆಯರು ಮತ್ತು ಮಕ್ಕಳು ಅತ್ಯುತ್ತಮ ಮತ್ತು ಸೂಕ್ತವಾದ ಪೋಷಣೆ ಅಗತ್ಯ.","Women and children need the best and proper nutrition to survive, thrive and break the inter-caste cycle of poor health and poverty in the community."
"Poshan Abhiyaan is India’s flagship programme to improve nutritional outcomes for children, adolescents, pregnant women and lactating mothers by leveraging technology, a targeted approach and convergence.","ಪೋಷಣ್ ಅಭ್ಯಾನ್ ಭಾರತದಲ್ಲಿ, ಮಕ್ಕಳ, ಹದಿಹರೆಯದವರ, ಗರ್ಭ್ಹಿಣಿಯರ ಹಾಗೂ ಹಾಲುಣಿಸುವ ತಾಯಂದಿರ ಪೋಷಣೆಯ ಫಲಿತಾಂಶವನ್ನು ಸುಧಾರಿಸಲು, ತಾಂತ್ರಿಕವಾಗಿ, ಒಂದು ಉದ್ದೇಶಿತ ವಿಧಾನ ಹಾಗೂ ಒಮ್ಮುಖದಿಂದ ಪ್ರಾರಂಭಿಸಿದ ಒಂದು ಪ್ರಮುಖ ಕಾರ್ಯಕ್ರಮ.","POSHAN ABHIYAN is a flagship programme in India that aims to improve the nutritional outcomes of children, adolescents, pregnant women and lactating mothers through a targeted approach and convergence."
Hot Cooked Meal (HCM) given in last 30 days,ಕಳೆದ ೩೦ ದಿನಗಳಲ್ಲಿ ಕೊಟ್ಟ ಬೇಯಿಸಿದ ಬಿಸಿಯೂಟ(ಎಚ್. ಸಿ. ಎಮ್),Hot cooked meals (HCM) served during last 30 days
Uploading of Data of Anganwadi Services Schemes in Poshan Tracker,ಪೋಶನ್ ಟ್ರ್ಯಾಕರ್ನಲ್ಲಿ ಅಂಗನವಾಡಿ ಸೇವಾ ಯೋಜನೆಗಳ ಡೇಟಾವನ್ನು ಅಪ್ಲೋಡ್ ಮಾಡಲಾಗುತ್ತಿದೆ,Data of Anganwadi Services Schemes being uploaded on Poshan Tracker
The Poshan Tracker generates automated alerts to the critical last-mile beneficiaries.,ಪೋಶನ್ ಟ್ರ್ಯಾಕರ್ ಆ್ಯಪ್   ಫಲಾನುಭವಿಗಳಿಗೆ ಸ್ವಯಂಚಾಲಿತ ಸೂಚನೆಗಳನ್ನು ನೀಡುತ್ತದೆ.,The POSHAN Tracker app provides automated instructions to the beneficiaries
It also ensures efficient audit of the delivery system by documenting real time attendance of beneficiaries and duty bearers.,ಇದು ಫಲಾನುಭವಿಗಳು ಮತ್ತು ಕರ್ತವ್ಯ ಹೊಂದಿರುವವರ ನೈಜ ಸಮಯದ ಹಾಜರಾತಿಯನ್ನು ದಾಖಲಿಸುವ ಮೂಲಕ ವಿತರಣಾ ವ್ಯವಸ್ಥೆಯ ಸಮರ್ಥ ಲೆಕ್ಕಪರಿಶೋಧನೆಯನ್ನು ಖಚಿತಪಡಿಸುತ್ತದೆ.,This will ensure effective audit of distribution system by recording real time attendance of beneficiaries and stakeholders.
"This management information system will help the nutrition programme to scale efficiently, thereby generating and documenting positive impact","ಈ ನಿರ್ವಹಣಾ ಮಾಹಿತಿ ವ್ಯವಸ್ಥೆಯು ಪೌಷ್ಠಿಕಾಂಶ ಕಾರ್ಯಕ್ರಮವನ್ನು ಪರಿಣಾಮಕಾರಿಯಾಗಿ ಅಳೆಯುವಲ್ಲಿ ಸಹಾಯ ಮಾಡುತ್ತದೆ, ಇದರಿಂದ ಧನಾತ್ಮಕ ಪರಿಣಾಮವನ್ನು ಉಂಟುಮಾಡುತ್ತದೆ ಮತ್ತು ದಾಖಲಿಸುತ್ತದೆ","This Management Information System (MIS) will help in effectively measuring the nutrition programme, which will have a positive impact and will record"
How can one Download Poshan Tracker App?,ಪೋಷಣ್ ತ್ರ್ಯಾಕರ್ ಆಪ್ಪನ್ನು ಹೇಗೆ ಡೌನ್ಲೋಡ್ ಮಾಡಬಹುದು?,How to download the app?
"Clarification regarding Cost of Smart phones (03 June, 2021)","ಸ್ಮಾರ್ಟ್ ಫೋನ್ ಬೆಲೆಯ ಕುರಿತು ಸ್ಲಷ್ಟೀಕರಣ (೦೩ ಜೂನ್, ೨೦೨೧)","Discount on Smartphone Prices (June 03, 2021)"
along with status update once resolved,ಒಮ್ಮೆ ಪರಿಹರಿಸಿದ ಸ್ಥಿತಿಯ ನವೀಕರಣದೊಂದಿಗೆ,With the update of the once solved status
"The Poshan Tracker system is regularly audited by auditors engaged by MWCD, for security and scalability of the system.","ಪೋಷನ್ ಟ್ರಾಕರ್ ಸಿಸ್ಟಮ್ ಅನ್ನು, ಸಿಸ್ಟಮ್ ನ ಸುರಕ್ಷತೆ ಮತ್ತು ಸ್ಕೇಲೇಬಿಲಿಟಿಗಾಗಿ ಎಂಡಬ್ಲ್ಯೂ ಸಿಡಿ ಇಂದ ತೊಡಗಿಸಲ್ಪಟ್ಟ ಆಡಿಟರ್ ಗಳಿಂದ ನಿಯಮಿತವಾಗಿ ಆಡಿಟ್ ಮಾಡಲಾಗುತ್ತದೆ.",The POSHAN tracker system is regularly audited by auditors engaged by NWCD for security and scalability of the system.
The records may be used for such audits.,ದಾಖಲೆಗಳನ್ನು ಅಂತಹ ಆಡಿಟ್ ಗಳಿಗೆ ಬಳಸಬಹುದು.,The documents can be used for such audits.
Poshan Tracker adds new Resources on Website,ಪೋಶನ್ ಟ್ರ್ಯಾಕರ್ ವೆಬ್ಸೈಟ್ ವೈಶಿಷ್ಟ್ಯದಲ್ಲಿ ಹೊಸ ಸಂಪನ್ಮೂಲಗಳನ್ನು ಸೇರಿಸುತ್ತದೆ,The Poshan Tracker adds new resources to the website feature
"Technology under Poshan Tracker is being leveraged for dynamic identification of stunting, wasting, under-weight prevalence among children and last mile tracking of nutrition service delivery","ಪೋಷನ್ ಟ್ರ್ಯಾಕರ್ ಅಡಿಯಲ್ಲಿ ತಂತ್ರಜ್ಞಾನವು ಮಕ್ಕಳಲ್ಲಿ ಕುಂಠಿತ, ಕ್ಷೀಣಿಸುವಿಕೆ, ಕಡಿಮೆ ತೂಕದ ಹರಡುವಿಕೆ ಮತ್ತು ಪೌಷ್ಟಿಕಾಂಶ ಸೇವೆಯ ವಿತರಣೆಯ ಕೊನೆಯ ಟ್ರ್ಯಾಕಿಂಗ್ ಅನ್ನು ಕ್ರಿಯಾತ್ಮಕವಾಗಿ ಗುರುತಿಸಲು ಬಳಸಲಾಗುತ್ತಿದೆ","Technology under POSHAN tracker is being used to actively identify the last tracking of stunting, wasting, low weight distribution and delivery of nutrition services in children"
The System also takes feedback about system performance and experience.,ಸಿಸ್ಟಮ್ ಕಾರ್ಯಕ್ಷಮತೆ ಮತ್ತು ಅನುಭವದ ಬಗ್ಗೆ ಪ್ರತಿಕ್ರಿಯೆಯನ್ನು ಸಹ ಸಿಸ್ಟಮ್ ತೆಗೆದುಕೊಳ್ಳುತ್ತದೆ.,The system also takes feedback about system performance and experience.
"Information on name, mobile number, date of registration and health status may be used for these purposes","ಹೆಸರು, ಮೊಬೈಲ್ ಸಂಖ್ಯೆ, ನೋಂದಣಿ ದಿನಾಂಕ ಮತ್ತು ಆರೋಗ್ಯ ಸ್ಥಿತಿ ಮಾಹಿತಿಯನ್ನು ಈ ಉದ್ದೇಶಗಳಿಗಾಗಿ ಬಳಸಬಹುದು","The name, mobile number, registration date and health status information can be used for these purposes"
"We collect the content and other information that you provide when you use our Services, including when you sign up for an account.","ನೀವು ಖಾತೆಯನ್ನು ತೆರೆಯುವುದನ್ನು ಸೇರಿ, ನೀವು ನಮ್ಮ ಸೇವೆಗಳನ್ನು ಬಳಸಿದಾಗ ನಾವು ಈ ಮಾಹಿತಿಗಳನ್ನು ಸಂಗ್ರಹಿಸುತ್ತೇವೆ.","We collect this information when you open an account, including when you use our services."
"You may, however, choose not to share personal data where providing the data is optional.",ಡೇಟಾವನ್ನೂ ನೀಡುವುದು ಆಯ್ಕೆ ಆಗಿರುವುದರಿಂದ ನೀವು ನಿಮ್ಮ ವೈಯುಕ್ತಿಕ ಡೇಟಾವನ್ನು ಹಂಚದೆ ಇರುವ ಆಯ್ಕೆ ಆರಿಸಬಹುದು.,"Since providing data is also an option, you can choose not to share your personal data."
Tracking of services to the end beneficiary at a click of a button.,ಒಂದು ಬಟನ್ನ ಕ್ಲಿಕ್ನಲ್ಲಿ ಅಂತಿಮ ಫಲಾನುಭವಿಗೆ ಸೇವೆಗಳ ಟ್ರ್ಯಾಕಿಂಗ್.,Tracking services for the ultimate beneficiary at the click of a button.
"Services like Take Home Ration (THR) and Hot cooked Meal (HCM), vaccination for Infants and Pregnant Women","ಟೇಕ್ ಹೋಮ್ ರೇಷನ್ (THR) ಮತ್ತು ಬಿಸಿ ಊಟ (HCM), ಶಿಶುಗಳು ಮತ್ತು ಗರ್ಭಿಣಿ ಮಹಿಳೆಯರಿಗೆ ವ್ಯಾಕ್ಸಿನೇಷನ್ನಂತಹ ಸೇವೆಗಳು","Services such as Take Home Ration (THR) and Hot Meals (HCM), vaccination of infants and pregnant women"
"New Poshan Tracker App (13 January, 2021)","ಹೊಸ ಪೋಷಣ್ ಟ್ರ್ಯಾಕರ್ ಆಪ್ಪ್ (೧೩, ಜನವರಿ,೨೦೨೧)","New POSHAN Tracker App (13th January, 2021)"
Preventing illnesses to avert Malnutrition and Death,ಅಪೌಷ್ಠಿಕತೆ ಮತ್ತು ಸಾವನ್ನು ತಡೆಯಲು ರೋಗವನ್ನು ತಡೆಗಟ್ಟುವುದು,Preventing Malnutrition and Infertility
Scan the QR Code to Download the App,ಅಪ್ಲಿಕೇಶನ್ ಡೌನ್ಲೋಡ್ ಮಾಡಲು ಕ್ಯೂಆರ್ ಕೋಡ್ ಸ್ಕ್ಯಾನ್ ಮಾಡಿ,Scan the QR code to download the app
Pregnant women who received Take Home Ration (THR),ಟೇಕ್ ಹೋಮ್ ರೇಷನ್ (THR) ಪಡೆದಿರುವ ಗರ್ಭಿಣಿಯರು,Pregnant women with Take Home Ration (THR)
General Awareness on SAM and MAM,SAM ಮತ್ತು MAM ಕುರಿತು ಸಾಮಾನ್ಯ ಅರಿವು,General Awareness about SAM and MAM
"App can be accessed offline, currently daily tracking feature is available for offline data entry.Offline mode can store latest 3 days data.","ಇಲ್ಲ, ಮಾನ್ಯವಾದ ಇಂಟರ್ನೆಟ್ ಇಲ್ಲದೆ ಈ ಆಪ್ಪ್ ಕೆಲಸ ಮಾಡುವುದಿಲ್ಲ.","No, the app will not work without a valid internet connection"
These organizations will not use the APIs/ No-code webpage integration to encourage or promote illegal activity or violation of third-party rights including these Terms with Poshan Tracker.,ಕಾನೂನುಬಾಹಿರ ಚಟುವಟಿಕೆಗಳನ್ನು ಪ್ರೋತ್ಸಾಹಿಸಲು ಅಥವಾ ಪೋಷನ್ ಟ್ರಾಕರ್ ಜೊತೆ ಇರುವ ನೀತಿಗಳನ್ನು ಒಳಗೊಂಡು ಥರ್ಡ್ ಪಾರ್ಟಿ ಹಕ್ಕುಗಳ ಉಲ್ಲಂಘನೆಯನ್ನು ಉತ್ತೇಜಿಸಲು API/ನೋ-ಕೋಡ್ ವೆಬ್ಪುಟ ಏಕೀಕರಣವನ್ನು ಈ ಸಂಸ್ಥೆಗಳು ಬಳಸುವುದಿಲ್ಲ.,These entities do not use API / no-code web page integration to promote unlawful activities or promote violation of third party rights including policies with POSHAN tracker.
"Pregnant Women, Lactating Mothers, Children from 6 months to 3 years and adolescent girls.","ಗರ್ಭಿಣಿಯರು, ಹಾಲುಣಿಸುವ ತಾಯಂದಿರು, 6 ತಿಂಗಳಿಂದ 3 ವರ್ಷದ ಮಕ್ಕಳು ಮತ್ತು ಹದಿಹರೆಯದ ಹುಡುಗಿಯರು.","Pregnant women, lactating mothers, children between the age of 6 months and 3 years and adolescent girls."
"New Poshan Tracker App : CSC-SPV Nodal Person (02 February, 2021)","ಪಿ ಎಸ್. ಸಿ. ವಿ ನೋಡಲ್ ವ್ಯಕ್ತಿ(೦೨ ಫ಼ೆಬ್ರವರಿ, ೨೦೨೧)","PSCV Nodal Person (02 February, 2021)"
An AWW can use ‘Migrate Beneficiary’ option to migrate a beneficiary from one AWC to another AWC basis their Aadhaar number.,ಒಬ್ಬ AWW ತನ್ನ ಆಧಾರ್ ಸಂಖ್ಯೆಯ ಆಧಾರದ ಮೇಲೆ ಫಲಾನುಭವಿಯನ್ನು ಒಂದು AWCದಿಂದ ಇನ್ನೊಂದಕ್ಕೆ ವರ್ಗಾಯಿಸಲು 'ವಲಸೆ ಫಲಾನುಭವಿ' ಆಯ್ಕೆಯನ್ನು ಬಳಸಬಹುದು.,An AWW can use the 'Migrant Beneficiary' option to transfer the beneficiary from one AWC to another based on their Aadhaar number.
A beneficiary is eligible for HCM for at least 21 days in a month.,ಒಬ್ಬ ಫಲಾನುಭವಿಯು ತಿಂಗಳಲ್ಲಿ ಕನಿಷ್ಠ 21 ದಿನಗಳವರೆಗೆ HCM ಗೆ ಅರ್ಹನಾಗಿರುತ್ತಾನೆ.,A beneficiary will be eligible for HCM for at least 21 days in a month
ABHA (Health ID) and its Benefits, ಎ. ಬಿ. ಹೆಚ್. ಎ (ಆರೋಗ್ಯ ಗುರುತಿನ ಚೀಟಿ) ಮತ್ತು ಅದರ ಲಾಭಗಳು,ABHA (Health ID Card) and its benefits
"We'ar sorry, the page you requested could not be found.","ಕ್ಷಮಿಸಿ, ನೀವು ವಿನಂತಿಸಿದ ಪುಟವನ್ನು ಕಂಡುಹಿಡಿಯಲಾಗಲಿಲ್ಲ.","Sorry, the page you requested could not be found."
Dadra & Nagar Haveli - Daman & Diu,ದಾದ್ರಾ ಮತ್ತು ನಗರ್ ಹವೇಲಿ - ದಮನ್ ಮತ್ತು ದಿಯು,Dadra and Nagar Haveli Daman and Diu
Download Mobile App from Play Store,ಪ್ಲೇ ಸ್ಟೋರ್ ನಿಂದ ಮೊಬೈಲ್ ಅಪ್ಲಿಕೇಶನ್ ಡೌನ್ಲೋಡ್ ಮಾಡಿ,Download the app from the Play Store
"Further, whenever you change or access your account on the System or any information relating to it, we offer the use of a secure server.","ಹೆಚ್ಚುವರಿಯಾಗಿ, ನೀವು ಸಿಸ್ಟಮ್ನಲ್ಲಿ ನಿಮ್ಮ ಖಾತೆಯನ್ನು ಬದಲಾಯಿಸಿದಾಗ ಅಥವಾ ಪ್ರವೇಶಿಸಿದಾಗ ಅಥವಾ ಅದಕ್ಕೆ ಸಂಬಂಧಿಸಿದ ಯಾವುದೇ ಮಾಹಿತಿಯನ್ನು ಬದಲಾಯಿಸಿದಾಗ ಅಥವಾ ಪ್ರವೇಶಿಸಿದಾಗ, ನಾವು ಸುರಕ್ಷಿತ ಸರ್ವರ್ನ ಬಳಕೆಯನ್ನು ನೀಡುತ್ತೇವೆ.","Additionally, when you change or login to your account on the system, or when you change or sign in any information related to it, we provide you with a secure server."
General Awareness on the Delivery of the child,ಶಿಶುವಿನ ಜನ್ಮದ ಬಗ್ಗೆ ಸಾಮಾನ್ಯ ಅರಿವು,General Awareness about Birth of a Child
"We also use the data to operate our services, which includes analyzing our performance, meeting our legal obligations, developing our workforce, and doing research.","ನಮ್ಮ ಕಾರ್ಯಕ್ಷಮತೆಯನ್ನು ವಿಶ್ಲೇಷಿಸಲು, ನಮ್ಮ ಕಾನೂನು ಬಾಧ್ಯತೆಗಳನ್ನು ಪೂರೈಸಲು, ನಮ್ಮ ಕಾರ್ಯಪಡೆಯನ್ನು ಅಭಿವೃದ್ಧಿಪಡಿಸಲು ಮತ್ತು ಸಂಶೋಧನೆ ನಡೆಸಲು ಸೇರಿದಂತೆ ನಮ್ಮ ಸೇವೆಗಳನ್ನು ನಡೆಸಲು ನಾವು ಡೇಟಾವನ್ನು ಬಳಸುತ್ತೇವೆ.","We use data to analyze our performance, meet our legal obligations, develop our workforce and run our services including conducting research."
Where can I enquire about Hot Cooked Meal?,ಬಿಸಿ ಬೇಯಿಸಿದ ಆಹಾರದ ಬಗ್ಗೆ ನಾನು ಎಲ್ಲಿ ಕೇಳಬಹುದು?,Where can I ask for hot cooked food?
"The Site may contain links to other websites that may not be owned, maintained, or operated by us.","ಸೈಟ್ ನಮ್ಮ ಮಾಲೀಕತ್ವವನ್ನು ಹೊಂದಿರದ, ನಿರ್ವಹಿಸದಿರುವ ಇತರ ವೆಬ್ಸೈಟ್ಗಳಿಗೆ ಲಿಂಕ್ಗಳನ್ನು ಹೊಂದಿರಬಹುದು.",The site may have links to other websites that are not owned or operated by us.
"The fact that these websites are linked, does not indicate any endorsement of these websites from us, since we do have any control over these websites.","ಈ ವೆಬ್ಸೈಟ್ಗಳನ್ನು ಲಿಂಕ್ ಮಾಡಲಾಗಿದೆ ಎಂಬ ಅಂಶವು ಈ ವೆಬ್ಸೈಟ್ಗಳ ಯಾವುದೇ ಅನುಮೋದನೆಯನ್ನು ಸೂಚಿಸುವುದಿಲ್ಲ, ಏಕೆಂದರೆ ಈ ವೆಬ್ಸೈಟ್ಗಳ ಮೇಲೆ ನಮಗೆ ಯಾವುದೇ ನಿಯಂತ್ರಣವಿಲ್ಲ.",The fact that these websites are linked does not indicate any approval of these websites as we do not have any control over these websites.
We are not responsible for these websites including any content or the privacy practices of these websites.,ಈ ವೆಬ್ಸೈಟ್ಗಳ ವಿಷಯ ಅಥವಾ ಗೌಪ್ಯತೆ ಅಭ್ಯಾಸಗಳು ಸೇರಿದಂತೆ ಈ ಯಾವುದೇ ವೆಬ್ಸೈಟ್ಗಳಿಗೆ ನಾವು ಜವಾಬ್ದಾರರಾಗಿರುವುದಿಲ್ಲ.,"We are not responsible for any of these websites, including their content or privacy practices."
We strongly encourage you to familiarize yourself with the terms of use of these websites.,ಈ ವೆಬ್ಸೈಟ್ಗಳ ಬಳಕೆಯ ನಿಯಮಗಳೊಂದಿಗೆ ನೀವೇ ಪರಿಚಿತರಾಗಲು ನಾವು ನಿಮ್ಮನ್ನು ಬಲವಾಗಿ ಪ್ರೋತ್ಸಾಹಿಸುತ್ತೇವೆ.,We strongly encourage you to become familiar with the rules of use of these websites.
Your use of these websites is at your own risk and peril.,ನೀವು ನಿಮ್ಮ ಸ್ವಂತ ಅಪಾಯದ ಮೇಲೆ ಈ ವೆಬ್ಸೈಟ್ ಗಳ ಬಳಕೆಯನ್ನು ಮಾಡುತ್ತೀರಿ.,You use these websites at your own risk.
In how many languages AWW can enter the data while filling up the form?,ಫಾರ್ಮ್ ಅನ್ನು ಭರ್ತಿ ಮಾಡುವಾಗ ಎಡಬ್ಲ್ಯುಡಬ್ಲ್ಯು ಅಥವಾ ಎಡಬ್ಲ್ಯೂಸಿ ಎಷ್ಟು ಭಾಷೆಗಳಲ್ಲಿ ಡೇಟಾವನ್ನು ನಮೂದಿಸಬಹುದು?,How many languages can AWW or AWC enter the data while filling the form?
Children who are identified as deficit on nutrition are eligible for additional food supplements.,ಪೌಷ್ಟಿಕಾಂಶದ ಕೊರತೆಯಿರುವ ಮಕ್ಕಳು ಹೆಚ್ಚುವರಿ ಆಹಾರಕ್ಕೆ  ಅರ್ಹರಾಗಿರುತ್ತಾರೆ.,Children who are malnourished are entitled to extra food.
An underweight person is a person whose body weight is considered too low to be healthy,ವ್ಯಕ್ತಿಯ ದೇಹದ ತೂಕ ಆರೋಗ್ಯಕರವಾಗಿರಲು ತುಂಬಾ ಕಡಿಮೆ ಇದ್ದರೆ ಕಡಿಮೆ ತೂಕದ ವ್ಯಕ್ತಿ ಎಂದು ಪರಿಗಣಿಸಲಾಗಿದೆ,A person is considered to be underweight if his / her body weight is too low to be healthy
When and how to use MPIN?,ಯಾವಾಗ ಮತ್ತು ಹೇಗೆ ಎಂಪಿನ್ ಬಳಸಬಹುದು?,How and when to apply?
Ensuring that complementary feeding improves over time,ಕಾಲಾನಂತರದಲ್ಲಿ ಪೂರಕ ಪೋಷಣೆ ಸುಧಾರಿಸುವುದನ್ನು ಖಚಿತಪಡಿಸಿಕೊಳ್ಳಿ,Ensure that the supplementary nutrition improves over time
Using ABHA (Health ID) is the first step towards creating safer and efficient digital health records for you and your family., ಎ. ಬಿ. ಹೆಚ್. ಎ ಬಳಸುವುದು ( ಆರೋಗ್ಯ ಗುರುತಿನ ಚೀಟಿ) ನಿಮ್ಮ ಮತ್ತು ನಿಮ್ಮ ಕುಟುಂಬಕ್ಕಾಗಿ ಸುರಕ್ಷಿತ ಮತ್ತು ಸಮರ್ಥ ಡಿಜಿಟಲ್ ದಾಖಲೆಗಳನ್ನು ನಿರ್ಮಿಸುವುದರಲ್ಲಿ ಮೊದಲನೇ ಹೆಜ್ಜೆಯಾಗಿದೆ.,Use of ABHA (Health ID Card) is the first step in creating safe and efficient digital records for yourself and your family.
ABHA (earlier known as Health ID) is an acronym for Ayushman Bharat Health Account., ಎ. ಬಿ. ಹೆಚ್. ಎ ( ಮುಂಚಿನ ಹೆಸರು ಆರೋಗ್ಯ ಗುರುತಿನ ಚೀಟಿ ) ಪೂರ್ಣ ಹೆಸರು ಆಯುಷ್ಮಾನ್ ಭಾರತ್ ಹೆಲ್ತ್ ಅಕೌಂಟ್ ಆಗಿದೆ.,The full name of ABHA (earlier known as Health ID Card) is Ayushman Bharat Health Account
AWW/AWCs can only be added by nodal level official.Anybody in the above rank in the hierarchy.,"ಎಡಬ್ಲ್ಯುಡಬ್ಲ್ಯು / ಎಡಬ್ಲ್ಯೂಸಿ ಗಳನ್ನು ನೋಡಲ್ ಮಟ್ಟದ ಅಧಿಕಾರಿ ಮಾತ್ರ ಸೇರಿಸಬಹುದು.ಕ್ರಮಾನುಗತದಲ್ಲಿ ಮೇಲಿನ ಯಾರಾದರೂ ರಾಷ್ಟ್ರಮಟ್ಟದ ಬಳಕೆದಾರರು ರಾಜ್ಯ, ಜಿಲ್ಲೆ, ಯೋಜನೆ ಮತ್ತು ವಲಯ ಮಟ್ಟದ ಬಳಕೆದಾರರನ್ನು ರಚಿಸಬಹುದು.ರಾಜ್ಯ ಮಟ್ಟದ ಬಳಕೆದಾರರು ಜಿಲ್ಲೆ, ಯೋಜನೆ ಮತ್ತು ವಲಯ ಮಟ್ಟದ ಬಳಕೆದಾರರನ್ನು ರಚಿಸಬಹುದು, ಜಿಲ್ಲಾ ಮಟ್ಟದ ಬಳಕೆದಾರರು ಯೋಜನೆ ಮತ್ತು ವಲಯ ಮಟ್ಟದ ಬಳಕೆದಾರರನ್ನು ರಚಿಸಬಹುದು, ಪ್ರಾಜೆಕ್ಟ್ ಮಟ್ಟದ ಬಳಕೆದಾರರು ವಲಯ ಮಟ್ಟದ ಬಳಕೆದಾರರನ್ನು ರಚಿಸಬಹುದು.","The AWWs / AWCs can be added only by a nodal level officer. in sequential order, any of the above national level users can create state, district, plan and zone level users. State level users can create district, plan and zone level users, district level users can create plan and zone level users, project level users can create zone level users"
Where can I enquire about take home ration?,ಟೇಕ್ ಹೋಮ್ ಪಡಿತರ ಬಗ್ಗೆ ನಾನು ಎಲ್ಲಿ ಕೇಳಬಹುದು?,Where can I ask about Take Home Ration?
We use the information we collect from all our services for the following purposes:,ನಾವು ನಮ್ಮ ಸೇವೆಗಳಿಂದ ಪಡೆದ ಎಲ್ಲಾ ಮಾಹಿತಿಗಳನ್ನು ಕೆಳಕಂಡ ಉದ್ದೇಶಗಳಿಗಾಗಿ ಬಳಸುತ್ತೇವೆಃ,We use all the information we get from our services for the following purposes:
Identification & Referral of Sick Newborn,ಅನಾರೋಗ್ಯ ನವಜಾತ ಶಿಶುವಿನ ಗುರುತಿಸುವಿಕೆ ಮತ್ತು ಉಲ್ಲೇಖ,Identification and Nurturing of Sick Newborn
 XIV. CORRECTNESS OF DATA PROVIDED BY THIRD PARTY SYSTEMS, XIV. ಥರ್ಡ್ ಪಾರ್ಟಿ ವ್ಯವಸ್ಥೆಗಳಿಂದ ಒದಗಿಸಲಾದ ಡೇಟಾದ ನಿಖರತೆ,XIV. Data accuracy provided by third party systems
Who is eligible for Take Home Ration?,ಟೇಕ್ ಹೋಮ್ ರೇಷನ್ಗೆ ಯಾರು ಅರ್ಹರು?,Who is eligible for Take Home Ration?
Supporting mothers with issues in Breastfeeding,ಸ್ತನ್ಯಪಾನ ಸಮಸ್ಯೆಗಳಿರುವ ತಾಯಂದಿರಿಗೆ ಸಹಾಯ ಮಾಡುವುದು,Helping mothers with breast feeding problems
"The proposed system should enable real-time monitoring and tracking of all AWCs, AWWs and beneficiaries on the defined indicators.","ಈ ಪ್ರಸ್ತಾಪಿಸಿದ ವ್ಯವಸ್ತೆಯು ಎಲ್ಲಾ ಎ. ಡಬ್ಲ್ಯು. ಸಿ, ಎಡಬ್ಲ್ಯುಡಬ್ಲ್ಯು ಗಳು ಹಾಗೂ ಫಲಾನುಭವಿಗಳ, ವ್ಯಾಖ್ಯಾನಿಸಿದ ಸೂಚಕಗಳಲ್ಲಿ ನೈಜ ಸಮಯ ಉಸ್ತುವಾರಿ ಮತ್ತು ಜಾಡೀಕರಣವನ್ನು ಸಕ್ರೀಯಗೊಳಿಸಬೇಕು.","This proposed mechanism should enable real time monitoring and decryption of all AWCs, AWWs and beneficiaries, in defined indicators."
Above standards are defined as per given above mentioned age brackets,ಮೇಲಿನ ಮಾನದಂಡಗಳನ್ನು ಮೇಲೆ ನೀಡಲಾದ ವಯಸ್ಸಿನ ಪ್ರಕಾರವಾಗಿ ವ್ಯಾಖ್ಯಾನಿಸಲಾಗಿದೆ,The above criteria have been defined in terms of age as above
"If a person is underweight, their body may not be getting the nutrients it needs to build healthy bones, skin and hair","ಒಬ್ಬ ವ್ಯಕ್ತಿಯು ಕಡಿಮೆ ತೂಕವನ್ನು ಹೊಂದಿದ್ದರೆ, ಅವರ ದೇಹವು ಆರೋಗ್ಯಕರ ಮೂಳೆಗಳು, ಚರ್ಮ ಮತ್ತು ಕೂದಲನ್ನು ನಿರ್ಮಿಸಲು ಅಗತ್ಯವಾದ ಪೋಷಕಾಂಶಗಳನ್ನು ಪಡೆಯದಿರಬಹುದು","If a person is underweight, their body may not be getting the nutrients it needs to build healthy bones, skin and hair"
MPIN can be set by respective Anganwadi worker by requesting an OTP against his/her mobile number.,ಆಯಾ ಅಂಗನವಾಡಿ ಕೆಲಸಗಾರನು ಅವನ / ಅವಳ ಮೊಬೈಲ್ ಸಂಖ್ಯೆಯ ವಿರುದ್ಧ ಒಟಿಪಿಯನ್ನು ವಿನಂತಿಸುವ ಮೂಲಕ ಎಂಪಿನ್ ಅನ್ನು ಹೊಂದಿಸಬಹುದು.,The respective Anganwadi Worker can set the MPIN by requesting OTP against his / her mobile number
"If Mobile number is already present in the database, the respective Anganwadi person will receive 4 digits OTP on registered mobile number.","ಮೊಬೈಲ್ ಸಂಖ್ಯೆ ಈಗಾಗಲೇ ಡೇಟಾಬೇಸ್ನಲ್ಲಿ ಇದ್ದರೆ, ಆಯಾ ಅಂಗನವಾಡಿ ವ್ಯಕ್ತಿಯು ನೋಂದಾಯಿತ ಮೊಬೈಲ್ ಸಂಖ್ಯೆಯಲ್ಲಿ ೪ ಅಂಕೆಗಳ ಒಟಿಪಿ ಸ್ವೀಕರಿಸುತ್ತಾರೆ.","If the mobile number is already in the database, the Anganwadi person will receive a 4-digit OTP on the registered mobile number"
"Post entering the OTP, AWW can easily set customized MPIN.","OTP ಯನ್ನು ನಮೂದಿಸಿದ ನಂತರ,ಎಡಬ್ಲ್ಯುಡಬ್ಲ್ಯು ಕಸ್ಟಮೈಸ್ ಮಾಡಿದ ಎಂಪಿನ್ ಅನ್ನು ಸುಲಭವಾಗಿ ಹೊಂದಿಸಬಹುದು.","After entering the OTP, the AWW customized PIN can be easily set up."
"It enables your interaction with participating healthcare providers, and allows you to receive your digital lab reports, prescriptions and diagnosis seamlessly from verified healthcare professionals and health service providers.","ಇದು ಭಾಗವಹಿಸುವ ಆರೋಗ್ಯ ಪೂರೈಕೆದಾರರೊಂದಿಗೆ ನಿಮ್ಮ ಸಂವಾದವನ್ನು ಸಕ್ರಿಯಗೊಳಿಸುತ್ತದೆ ಮತ್ತು ಅಧಿಕೃತ ಆರೋಗ್ಯ ವೃತ್ತಿಪರರು ಮತ್ತು ಆರೋಗ್ಯ ಪೂರೈಕೆದಾರರಿಂದ ನಿಮ್ಮ ಡಿಜಿಟಲ್ ಲ್ಯಾಬ್ ವರದಿಗಳು, ಪ್ರಿಸ್ಕ್ರಿಪ್ಷನ್ಗಳು ಮತ್ತು ರೋಗನಿರ್ಣಯಗಳನ್ನು ಪಡೆಯಲು ನಿಮಗೆ ಅನುಮತಿಸುತ್ತದೆ.","It will enable your interaction with participating health providers and allow you to receive your digital lab reports, prescriptions and diagnostics from authorized health professionals and health providers"
Our System provides API to Third – Party Sites that may collect your personal information.,ನಿಮ್ಮ ವೈಯಕ್ತಿಕ ಮಾಹಿತಿಯನ್ನು ಸಂಗ್ರಹಿಸಬಹುದಾದ ಥರ್ಡ್ ಪಾರ್ಟಿ ಸೈಟ್ಗಳಿಗೆ ನಮ್ಮ ಸಿಸ್ಟಂ API ಒದಗಿಸುತ್ತದೆ.,Our System API provides third-party sites where your personal information can be collected.
Poshan Tracker is not in any manner responsible for the security of such information or their privacy practices or content of those Third – Party Sites.,ಪೋಷನ್ ಟ್ರ್ಯಾಕರ್ ಅಂತಹ ಮಾಹಿತಿಯ ಸುರಕ್ಷತೆ ಅಥವಾ ಅವರ ಗೌಪ್ಯತೆ ಅಭ್ಯಾಸಗಳು ಅಥವಾ ಥರ್ಡ್ ಪಾರ್ಟಿ ಸೈಟ್ಗಳ ಪರಿವಿಡಿಗೆ ಯಾವುದೇ ರೀತಿಯಲ್ಲಿ ಜವಾಬ್ದಾರನಾಗಿರುವುದಿಲ್ಲ.,Poshan Tracker is in no way responsible for the security of such information or their privacy practices or menu of third party sites.
These third-party service providers and Third-Party Sites may have their own privacy policies governing the storage and retention of your information that you may be subject to.,"ಈ ಥರ್ಡ್-ಪಾರ್ಟಿ ಸೇವಾ ಪೂರೈಕೆದಾರರು ಮತ್ತು ಥರ್ಡ್-ಪಾರ್ಟಿ ಸೈಟ್ಗಳು ನಿಮ್ಮ ಮಾಹಿತಿಯ ಸಂಗ್ರಹಣೆ ಮತ್ತು ಧಾರಣವನ್ನು ನಿಯಂತ್ರಿಸುವ ತಮ್ಮದೇ ಆದ ಗೌಪ್ಯತೆ ನೀತಿಗಳನ್ನು ಹೊಂದಿರಬಹುದು, ಅದಕ್ಕೆ ನೀವು ಒಳಪಟ್ಟಿರಬಹುದು.","These third-party service providers and third-party sites may have their own privacy policies governing the storage and storage of your information, to which you are subjected."
"This Privacy Policy does not govern any information provided to, stored on, or used by these third-party providers and Third-Party Sites.","ಈ ಗೌಪ್ಯತಾ ನೀತಿಯು ಈ ಥರ್ಡ್-ಪಾರ್ಟಿ ಪೂರೈಕೆದಾರರು ಮತ್ತು ಥರ್ಡ್-ಪಾರ್ಟಿ ಸೈಟ್ಗಳು ಒದಗಿಸಿದ, ಸಂಗ್ರಹಿಸಿದ ಅಥವಾ ಬಳಸಿದ ಯಾವುದೇ ಮಾಹಿತಿಯನ್ನು ನಿಯಂತ್ರಿಸುವುದಿಲ್ಲ.","This privacy policy does not control any information provided, collected or used by these third-party suppliers and third-party sites."
"We recommend that when you enter a Third-Party Site, you review the Third Party Site’s privacy policy as it relates to safeguarding of your information.",ನಿಮ್ಮ ಮಾಹಿತಿಯ ಸುರಕ್ಷತೆಗೆ ಸಂಬಂಧಿಸಿದಂತೆ ಮೂರನೇ ವ್ಯಕ್ತಿಯ ಸೈಟ್ ಅನ್ನು ನೀವು ಪ್ರವೇಶಿಸಿದಾಗ ಥರ್ಡ್-ಪಾರ್ಟಿ ಸೈಟ್ನ ಗೌಪ್ಯತೆ ನೀತಿಯನ್ನು ಪರಿಶೀಲಿಸಲು ನಾವು ಶಿಫಾರಸು ಮಾಡುತ್ತೇವೆ.,We recommend you to review the privacy policy of third-party sites when you log into a third party site with regard to your data security.
You agree and acknowledge that Poshan Tracker will not be liable for the information published in search results or by any Third-Party Sites.,ಹುಡುಕಾಟ ಫಲಿತಾಂಶಗಳಲ್ಲಿ ಅಥವಾ ಯಾವುದೇ ಥರ್ಡ್-ಪಾರ್ಟಿ ಸೈಟ್ಗಳಲ್ಲಿ ಪ್ರಕಟಿಸಲಾದ ಮಾಹಿತಿಗೆ ಪೋಶನ್ ಟ್ರ್ಯಾಕರ್ ಜವಾಬ್ದಾರನಾಗಿರುವುದಿಲ್ಲ ಎಂದು ನೀವು ಒಪ್ಪುತ್ತೀರಿ ಮತ್ತು ಅಂಗೀಕರಿಸಿದ್ದೀರಿ.,You agree and accept that the Potion Tracker is not responsible for the information published in the search results or on any third-party sites
Your Reference ID (Mobile number) will only be co-related with your personal information in order to communicate to you through SMS as per the clause 1 above.,ಮೇಲಿನ ಷರತ್ತು 1 ರ ಪ್ರಕಾರ ನಿಮ್ಮೊಂದಿಗೆ SMS ಮೂಲಕ ಸಂವಹನ ನಡೆಸುವ ಉದ್ದೇಶದ ಸಲುವಾಗಿ ನಿಮ್ಮ ಉಲ್ಲೇಖ ID (ಮೊಬೈಲ್ ಸಂಖ್ಯೆ) ನಿಮ್ಮ ವೈಯಕ್ತಿಕ ಮಾಹಿತಿಯೊಂದಿಗೆ ಮಾತ್ರ ಸಹ-ಸಂಬಂಧಿತವಾಗಿರುತ್ತದೆ.,"As per Clause 1 above, for the purpose of communicating with you through SMS, your reference ID (mobile number) will be co-related with your personal information only."
"By visiting or using the Site, you expressly agree to these Terms, as updated from time to time.","ಸೈಟ್ಗೆ ಭೇಟಿ ನೀಡುವ ಮೂಲಕ ಅಥವಾ ಬಳಸುವ ಮೂಲಕ, ಕಾಲಕಾಲಕ್ಕೆ ನವೀಕರಿಸಿದ ಈ ನಿಯಮಗಳನ್ನು ನೀವು ಸ್ಪಷ್ಟವಾಗಿ ಒಪ್ಪುತ್ತೀರಿ.","By visiting or using the site, you will clearly agree with these rules which have been updated from time to time."
"If you do not agree with any part of these terms, do not use the site.","ಈ ನಿಯಮಗಳ ಯಾವುದೇ ಭಾಗವನ್ನು ನೀವು ಒಪ್ಪದಿದ್ದರೆ, ಸೈಟ್ ಅನ್ನು ಬಳಸಬೇಡಿ.","If you do not agree with any part of these rules, do not use the site."
You may not use the Site in any manner and may not accept the Terms if you are not of legal age to form a binding contract.,"ಬೈಂಡಿಂಗ್ ಒಪ್ಪಂದವನ್ನು ರೂಪಿಸಲು ನೀವು ಕಾನೂನುಬದ್ಧ ವಯಸ್ಸನ್ನು ಹೊಂದಿಲ್ಲದಿದ್ದರೆ, ನೀವು ಯಾವುದೇ ರೀತಿಯಲ್ಲಿ ಸೈಟ್ ಅನ್ನು ಬಳಸಬಾರದು ಮತ್ತು ನಿಯಮಗಳನ್ನು ಒಪ್ಪಿಕೊಳ್ಳಬಾರದು.","If you do not have a legal age to frame a binding agreement, you should not use the site in any way and accept the rules."
Bacillus Calmette Guerin (BCG)Oral Polio Vaccine (OPV)-0 dose Hepatitis B birth dose OPV-1 T,ಬ್ಯಾಸಿಲಸ್ ಕ್ಯಾಲ್ಮೆಟ್ ಗೆರಿನ್ (BCG)ಓರಲ್ ಪೋಲಿಯೊ ಲಸಿಕೆ (OPV)-0 ಡೋಸೇಜ್ ಹೆಪಟೈಟಿಸ್ ಬಿ ಬರ್ತ್ ಡೋಸ್ OPV-1T,Bacillus Calmate Gerine (BCG) Oral Polio Vaccine (OPV) - 0 dose hepatitis B birth dose OPV-1T
"The information collected under Clause 1, shall be used for the purpose of facilitating the health of the beneficiaries.",ಸೆಕ್ಷನ್ 1 ರ ಅಡಿಯಲ್ಲಿ ಸಂಗ್ರಹಿಸಲಾದ ಮಾಹಿತಿಯನ್ನು ಫಲಾನುಭವಿಗಳ ಆರೋಗ್ಯವನ್ನು ಸುಗಮಗೊಳಿಸುವ ಉದ್ದೇಶಕ್ಕಾಗಿ ಬಳಸಲಾಗುತ್ತದೆ.,The information collected under Section 1 is used for the purpose of facilitating the health of the beneficiaries
"We provide our products, which includes updating, securing, and troubleshooting the information/data/ materials and contents of the System, as well as providing support.","ಸಿಸ್ಟಮ್ ಮಾಹಿತಿ/ಡೇಟಾ/ವಿಷಯ ಮತ್ತು ಸಾಮಗ್ರಿಗಳನ್ನು ನವೀಕರಿಸುವುದು, ಸುರಕ್ಷಿತಗೊಳಿಸುವುದು ಮತ್ತು ದೋಷನಿವಾರಣೆ ಮಾಡುವುದು ಸೇರಿದಂತೆ ಬೆಂಬಲ ನೀಡುವುದರ ಜೊತೆಗೆ ನಮ್ಮ ಉತ್ಪನ್ನಗಳನ್ನು ನಾವು ಒದಗಿಸುತ್ತೇವೆ.","We provide our products with support including updating, securing, and troubleshooting of system information / data / content and materials"
"When you register on Poshan Tracker, the Mobile number with which you registered, will be used to locate your record from the database.","ನೀವು ಪೋಷನ್ ಟ್ರಾಕರ್ ಸಿಸ್ಟಮ್ ನಲ್ಲಿ ನೋಂದಾಯಿಸಿದಾಗ, ನಿಮ್ಮ ನೊಂದಾಯಿತ ಮೊಬೈಲ್ ಸಂಖ್ಯೆಯನ್ನು ಡೇಟಾಬೇಸ್ ನಲ್ಲಿ ಇರುವ ನಿಮ್ಮ ದಾಖಲೆಯನ್ನು ಹುಡುಕಲು ಉಪಯೋಗಿಸಲಾಗುತ್ತದೆ.","When you register on the POSHAN Tracker System, your registered mobile number will be used to locate your record in the database."
These can also be used to assess the health status as recorded in the Poshan Tracker system.,ಪೋಷನ್ ಟ್ರಾಕರ್ ಸಿಸ್ಟಮ್ ನಲ್ಲಿ ದಾಖಲಾದ ಆರೋಗ್ಯ ಸ್ಥಿತಿಯನ್ನು ಪಡೆಯಲು ಕೂಡ ಇವುಗಳನ್ನು ಬಳಸಲಾಗುವುದು.,They will also be used to capture the health status recorded in the POSHAN tracker system.
Training on ICT Platform under POSHAN Abhiyaan,ಪೋಶನ್ ಅಭಿಯಾನದ ಅಡಿಯಲ್ಲಿ ಐಸಿಟಿ ವೇದಿಕೆಯಲ್ಲಿ ತರಬೇತಿ,Training at ICT Platform under POSHAN Abhiyaan
"Know more about stunting, wasting and underweight","ಕುಂಠಿತ, ಕ್ಷೀಣಿಸುವಿಕೆ ಮತ್ತು ಕಡಿಮೆ ತೂಕದ ಬಗ್ಗೆ ಇನ್ನಷ್ಟು ತಿಳಿಯಿರಿ","Know more about depression, weight loss and weight loss"
What information to be added in AWC forms?,ಎಡಬ್ಲ್ಯೂಸಿ ನಮೂನೆಗಳಲ್ಲಿ ಯಾವ ಮಾಹಿತಿಯನ್ನು ಸೇರಿಸಬೇಕು?,What information should be included in the AWC forms?
How to revive your health if you are Moderately Wasted (MAM),ನೀವು ಮಧ್ಯಮವಾಗಿ ತೂಕ ಹೊಂದಿದ್ದರೆ ನಿಮ್ಮ ಆರೋಗ್ಯವನ್ನು ಹೇಗೆ ಪುನರುತ್ಪಾದಿಸುವುದು (MAM),How to reproduce your health if you are overweight (MAM)
AWC Workers Registered In Last 30 Days,ಎಡಬ್ಲ್ಯೂಸಿ ಕಾರ್ಮಿಕರು ಕಳೆದ ೩೦ ದಿನಗಳಲ್ಲಿ ನೋಂದಾಯಿಸಲಾಗಿದೆ,AWC workers have been registered in the last 30 days
Click on above button to get this App,ಈ ಅಪ್ಲಿಕೇಶನ್ ಪಡೆಯಲು ಮೇಲಿನ ಬಟನ್ ಕ್ಲಿಕ್ ಮಾಡಿ,Click here for downloading the app.
Beneficiaries Registered In Last 30 Days,ಕಳೆದ ೩೦ ದಿನಗಳಲ್ಲಿ ನೋಂದಾಯಿತ ಫಲಾನುಭವಿಗಳು,Registered beneficiaries in last 30 days
Specifications of Smart phone and Technical Compatibility Testing,ಸ್ಮಾರ್ಟ್ ಫೋನ್ ವಿವರಣೆ ಮತ್ತು ತಾಂತ್ರಿಕ ಹೊಂದಾಣಿಕೆ ಪರೀಕ್ಷೆ,Smartphone Detail and Technical Alignment Test
Preparation During Pregnancy - For NewBorn Care & Family Planning,ಗರ್ಭಾವಸ್ಥೆಯ ಸಮಯದಲ್ಲಿ ಸಿದ್ದತೆ - ಶಿಶುಗಳ ಆರೈಕೆಗೆ ಮತ್ತು ಕುಟುಂಬ ಯೋಜನೆ,Preparation during Pregnancy - Infant Care and Family Planning
Stunting is the impaired growth and development that children experience from poor nutrition,ಕುಬ್ಜತೆಯು ಕುಠಿತ  ಪೋಷಣೆಯಿಂದ ಮಕ್ಕಳು ಅನುಭವಿಸುವ ದುರ್ಬಲ ಬೆಳವಣಿಗೆಯಾಗಿದೆ,Malnutrition is one of the most common causes of stunting in children
Children in the age group of 3 years to 6 years,3 ವರ್ಷದಿಂದ 6 ವರ್ಷ ವಯಸ್ಸಿನ ಮಕ್ಕಳು,Children aged 3 to 6 years
What is the eligibility of a beneficiary?,ಫಲಾನುಭವಿಯ ಅರ್ಹತೆ ಏನು?,What is the eligibility of the beneficiary?
Who are the target userbase of Poshan Tracker App?,ಪೋಷಣ್ ಟ್ರ್ಯಾಕರ್ ಆಪ್ಪ್ ನ ಉದ್ದೇಶಿತ ಬಳಕೆದಾರರು ಯಾರು?,Who are the intended users of the POSHAN Tracker App?
Panchayat Raj Institution (PRI) Member or Local Leader,PRI ಸದಸ್ಯ ಅಥವಾ ಸ್ಥಳೀಯ ನಾಯಕರು,PRI members or local leaders
"It often indicates recent and severe weight loss, although it can also persist for a long time","ಇದು ಸಾಮಾನ್ಯವಾಗಿ ಇತ್ತೀಚಿನ ಮತ್ತು ತೀವ್ರ ತೂಕ ನಷ್ಟವನ್ನು ಸೂಚಿಸುತ್ತದೆ, ಆದರೂ ಇದು ದೀರ್ಘಕಾಲದವರೆಗೆ ಇರುತ್ತದೆ","It generally refers to recent and severe weight loss, although it is long lasting"
What is the minimum requirement to install Poshan Tracker App in mobile?,ಪೋಷಣ್ ಟ್ರ್ಯಾಕರ್ ಆಪ್ಪ್ ಅನ್ನು ಮೊಬೈಲ್ನಲ್ಲಿ ಸ್ಥಾಪಿಸಲು ಕನಿಷ್ಟ ಅವಶ್ಯಕತೆಗಳೇನು?,What are the minimum requirements to install the POSHAN Tracker App on mobile?
You will only access (or attempt to access) the Site by the means described in the Documentation and will comply with the terms and conditions of this Agreement.,ನೀವು ದಾಖಲೆಯಲ್ಲಿ ವಿವರಿಸಿದ ವಿಧಾನಗಳ ಮೂಲಕ ಮಾತ್ರ ಸೈಟ್ ಅನ್ನು ಪ್ರವೇಶಿಸುತ್ತೀರಿ (ಅಥವಾ ಪ್ರವೇಶಿಸಲು ಪ್ರಯತ್ನಿಸುತ್ತೀರಿ) ಮತ್ತು ಈ ಒಪ್ಪಂದದ ನಿಯಮಗಳು ಮತ್ತು ಷರತ್ತುಗಳನ್ನು ಅನುಸರಿಸುತ್ತೀರಿ.,You only log in (or try to log in) to the site through the methods described in the document and comply with the terms and conditions of the agreement.
"You will comply with all Central and State laws, rules and regulations applicable to you and your use of the Site and affecting any third-party rights.","ನಿಮಗೆ ಮತ್ತು ನಿಮ್ಮ ಸೈಟ್ನ ಬಳಕೆಗೆ ಅನ್ವಯಿಸುವ ಮತ್ತು ಯಾವುದೇ ಥರ್ಡ್ ಪಾರ್ಟಿ ಹಕ್ಕುಗಳ ಮೇಲೆ ಪರಿಣಾಮ ಬೀರುವ ಎಲ್ಲಾ ಕೇಂದ್ರ ಮತ್ತು ರಾಜ್ಯ ಕಾನೂನುಗಳು, ನಿಯಮಗಳು ಮತ್ತು ನಿಬಂಧನೆಗಳನ್ನು ನೀವು ಅನುಸರಿಸುತ್ತೀರಿ.","You follow all central and state laws, rules and regulations that apply to you and to the use of your site and affect any third party rights."
You can participate in Swastha Balak Balika Spardha by registering through the website https://poshantracker.,You can participate in Swastha Balak Balika Spardha by registering through the website https://poshantracker.,You can participate in Swastha Balka Spardha by registering through the website https: / / poshantracker.
in or by downloading ‘Poshan Tracker’ App from Google Play Store.,in or by downloading 'Poshan Tracker' App from Google Play Store.,The app can be downloaded from Google Play Store or Apple App Store.
The following are the Terms of Service (“Terms”) that govern your use of the Poshan Tracker Platform hosted at https://poshantracker.,ಕೆಳಗೆ ನೀಡಲಾದ ಲಿಂಕ್ https://poshantracker.,The link is given below: https: / / poshantracker.
"in, and all associated sites linked to it, its subsidiaries, and affiliates (collectively, the “Site”).","in ಮತ್ತು ಇದಕ್ಕೆ ಸಂಬಂಧಿಸಿದ ಎಲ್ಲ ಸೈಟ್ಗಳು, ಅವುಗಳ ಅಂಗಸಂಸ್ಥೆಗಳಲ್ಲಿ ನಿಮ್ಮ ಪೋಷನ್ ಟ್ರಾಕರ್ ಸಿಸ್ಟಮ್ ಕೆಳಕಂಡ ಸೇವಾ ನಿಯಮಗಳಿಗೆ ಒಳಪಟ್ಟಿರುತ್ತದೆ (ಒಟ್ಟಾರೆಯಾಗಿ, ""ಸೈಟ್"").","""In and all related sites, your Poshan Tracker System in their subsidiaries will be subject to the following service rules (overall,"" ""site"" "")."""
Clarification regarding Cost of Smart phones,ಸ್ಮಾರ್ಟ್ ಫೋನ್ ಬೆಲೆ ಬಗ್ಗೆ ಸ್ಪಷ್ಟನೆ,Clarification regarding price of the smartphone
Measles Containing vaccine (MCV)/Measles & Rubella (MR)-1Japanese Encephalitis(JE)-1**PCV-Booster,ದಡಾರ ಹೊಂದಿರುವ ಲಸಿಕೆ (MCV) / ದಡಾರ ಮತ್ತು ರುಬೆಲ್ಲಾ (MR)-1ಜಪಾನೀಸ್ ಎನ್ಸೆಫಾಲಿಟಿಸ್ (ಜೆಇ)-1**ಪಿಸಿವಿ-ಬೂಸ್ಟರ್,Vaccine (MCV) / Measles and Rubella (MR) -1 Japanese Encephalitis (JE) -1 * PCV-Booster
Mobile number need to be validated within a week,ಒಂದು ವಾರದೊಳಗೆ ಮೊಬೈಲ್ ಸಂಖ್ಯೆಯನ್ನು ಮೌಲ್ಯೀಕರಿಸಬೇಕು,Validation of mobile number to be done within a week
Currently a beneficiary can register by the help of an AWW,ಪ್ರಸ್ತುತ ಫಲಾನುಭವಿಯು AWW ಸಹಾಯದಿಂದ ನೋಂದಾಯಿಸಿಕೊಳ್ಳಬಹುದು,The current beneficiary can register with the help of AWW
Awareness for Lactating Mother Complimentary Feeding for Children,ಶಿಶುಗಳಿಗೆ ಹಾಲುಣಿಸುವ ತಾಯಿಯ ಆಹಾರ ಪೂರಕಗಳ ಬಗ್ಗೆ ಅರಿವು,Awareness of Breastfeeding mother's food supplements
New Poshan Tracker App - CSC-SPV Nodal Person,ಹೊಸ ಪೋಶನ್ ಟ್ರ್ಯಾಕರ್ ಅಪ್ಲಿಕೇಶನ್ - CSC-SPV ನೋಡಲ್ ವ್ಯಕ್ತಿ,New Poshan Tracker App - CSC - SPV Nodal Person
1.1. Information you provide to us.,1.1. ನೀವು ನಮಗೆ ನೀಡುವ ಮಾಹಿತಿ.,1.1. Information you provide us.
How can one access Poshan Tracker Dashboard?,ಪೋಷಣ್ ಟ್ರ್ಯಾಕರ್ ಡ್ಯಾಶ್ ಬೋರ್ಡ್ ಅನ್ನು ಹೇಗೆ ಪ್ರವೇಶಿಸಬಹುದು?,How to access POSHAN Tracker Dashboard
Prevention of Anemia in children and adolescents girls,ಮಕ್ಕಳಲ್ಲಿ ಮತ್ತು ಹದಿಹರೆಯದ ಹೆಣ್ಣು ಮಕ್ಕಳಲ್ಲಿ ರಕ್ತ ಹೀನತೆ ತಡೆಗಟ್ಟುವುದು,Prevention of anaemia in children and adolescents
Gangarampur Addl. I. C. D. S Project,ಗಂಗಾರಾಮಪುರ ಹೆಚ್ಚುವರಿ  ಐ. ಸಿ. ಡಿ. ಎಸ್. ಯೋಜನೆ,Gangarampur Additional ICDS Project
Can a beneficiary register directly using application.,ಅರ್ಜಿಯನ್ನು ಬಳಸಿಕೊಂಡು ಫಲಾನುಭವಿ ನೇರವಾಗಿ ನೋಂದಾಯಿಸಿಕೊಳ್ಳಬಹುದು.,The beneficiary can directly register using the application.
The Ministry of Women and Child Development has rolled out Poshan Tracker application.,ಮಹಿಳಾ ಮತ್ತು ಮಕ್ಕಳ ಅಭಿವೃದ್ಧಿ ಸಚಿವಾಲಯವು ಪೋಶನ್ ಟ್ರ್ಯಾಕರ್ ಅರ್ಜಿಯನ್ನು ಹೊರತಂದಿದೆ.,Ministry of Women and Child Development has brought out the Poshan Tracker Application
"The goal is to follow nutrition systems strengthening approach for improving maternal and child undernutrition, focused on strengthening implementation bottlenecks at all levels.","ತಾಯಿಯ ಮತ್ತು ಮಕ್ಕಳ ಅಪೌಷ್ಟಿಕತೆಯನ್ನು ಸುಧಾರಿಸಲು ಪೌಷ್ಠಿಕಾಂಶ ವ್ಯವಸ್ಥೆಯನ್ನು ಬಲಪಡಿಸುವ ವಿಧಾನವನ್ನು ಅನುಸರಿಸುವುದು ಇದರ ಗುರಿಯಾಗಿದೆ, ಎಲ್ಲಾ ಹಂತಗಳಲ್ಲಿ ಅನುಷ್ಠಾನದ ಅಡಚಣೆಗಳನ್ನು ಬಲಪಡಿಸುವತ್ತ ಗಮನಹರಿಸಲಾಗಿದೆ.","The goal is to follow a method of strengthening the nutrition system to improve maternal and child malnutrition, with focus on strengthening implementation bottlenecks at all levels."
"The Poshan Tracker is built using centralized data architecture, that also aligns with the digital technology systems of other ministries and programs.","ಪೋಶನ್ ಟ್ರ್ಯಾಕರ್ ಅನ್ನು ಕೇಂದ್ರೀಕೃತ ದತ್ತಾಂಶ ವಾಸ್ತುಶಿಲ್ಪವನ್ನು ಬಳಸಿ ನಿರ್ಮಿಸಲಾಗಿದೆ, ಇದು ಇತರ ಸಚಿವಾಲಯಗಳು ಮತ್ತು ಕಾರ್ಯಕ್ರಮಗಳ ಡಿಜಿಟಲ್ ತಂತ್ರಜ್ಞಾನ ವ್ಯವಸ್ಥೆಗಳೊಂದಿಗೆ ಸಹ ಹೊಂದಿಕೊಳ್ಳುತ್ತದೆ.","The POSHAN tracker is built using centralized data architecture, which is also compatible with digital technology systems of other ministries and programs."
"The system provides a digital identity to each beneficiary through a digital card, and allows convergence of call centre with the technology platform.","ಈ ವ್ಯವಸ್ಥೆಯು ಪ್ರತಿ ಫಲಾನುಭವಿಗಳಿಗೆ ಡಿಜಿಟಲ್ ಕಾರ್ಡ್ ಮೂಲಕ ಡಿಜಿಟಲ್ ಗುರುತನ್ನು ಒದಗಿಸುತ್ತದೆ, ಮತ್ತು ತಂತ್ರಜ್ಞಾನ ವೇದಿಕೆಯೊಂದಿಗೆ ಕಾಲ್ ಸೆಂಟರ್ ಅನ್ನು ಒಮ್ಮುಖಗೊಳಿಸಲು ಅನುವು ಮಾಡಿಕೊಡುತ್ತದೆ.","This system will provide digital identity to each beneficiary through digital card, and enable integration of call centre with technology platform."
The system generates automated alerts to the critical last-mile beneficiaries.,ನಿರ್ಣಾಯಕ ಕೊನೆಯ ಮೈಲಿ ಫಲಾನುಭವಿಗಳಿಗೆ ಸಿಸ್ಟಮ್ ಸ್ವಯಂಚಾಲಿತ ಎಚ್ಚರಿಕೆಗಳನ್ನು ಉತ್ಪಾದಿಸುತ್ತದೆ.,The system generates automated alerts for critical last mile beneficiaries.
"It also ensures efficient audit of the delivery system, by documenting real time attendance of beneficiaries and duty bearers.",ಫಲಾನುಭವಿಗಳು ಮತ್ತು ಕರ್ತವ್ಯ ನಿರ್ವಹಿಸುವವರ ನೈಜ ಸಮಯದ ಹಾಜರಾತಿಯನ್ನು ದಾಖಲಿಸುವ ಮೂಲಕ ವಿತರಣಾ ವ್ಯವಸ್ಥೆಯ ಸಮರ್ಥ ಲೆಕ್ಕಪರಿಶೋಧನೆಯನ್ನು ಇದು ಖಾತ್ರಿಗೊಳಿಸುತ್ತದೆ.,This will ensure effective audit of distribution system by recording real time attendance of beneficiaries and functionaries.
"Such a robust digital technology platform and management information system, will help the mission to scale efficiently, thereby generating and documenting significant positive impact.","ಅಂತಹ ದೃ digital ವಾದ ಡಿಜಿಟಲ್ ತಂತ್ರಜ್ಞಾನ ವೇದಿಕೆ ಮತ್ತು ನಿರ್ವಹಣಾ ಮಾಹಿತಿ ವ್ಯವಸ್ಥೆಯು ಮಿಷನ್ ಅನ್ನು ಪರಿಣಾಮಕಾರಿಯಾಗಿ ಅಳೆಯಲು ಸಹಾಯ ಮಾಡುತ್ತದೆ, ಇದರಿಂದಾಗಿ ಗಮನಾರ್ಹವಾದ ಸಕಾರಾತ್ಮಕ ಪರಿಣಾಮವನ್ನು ಉಂಟುಮಾಡುತ್ತದೆ ಮತ್ತು ದಾಖಲಿಸುತ್ತದೆ.","Such a robust digital technology platform and management information system will help to effectively measure the Mission, thereby generating and recording significant positive impact."
Weight should be between 0.90 to 58,ತೂಕವು 0.90 ರಿಂದ 58 ರ ನಡುವೆ ಇರಬೇಕು,Weight should be between 0.90 to 58
We own the intellectual property rights in the Site and Content.,ನಾವು ಸೈಟ್ ಮತ್ತು ಪರಿವಿಡಿಯಲ್ಲಿ ಬೌದ್ಧಿಕ ಆಸ್ತಿ ಹಕ್ಕುಗಳನ್ನು ಹೊಂದಿದ್ದೇವೆ.,We have intellectual property rights on the site and the menu.
We may change the Content and features of the Site at any time.,ನಾವು ಯಾವುದೇ ಸಮಯದಲ್ಲಿ ಸೈಟ್ನ ವಿಷಯ ಮತ್ತು ವೈಶಿಷ್ಟ್ಯಗಳನ್ನು ಬದಲಾಯಿಸಬಹುದು.,We can change the content and features of the site at any time
"The registered and unregistered trademarks, logos, and service marks displayed on the Site are owned by us or our licensors.","ಸೈಟ್ನಲ್ಲಿ ಪ್ರದರ್ಶಿಸಲಾದ ನೋಂದಾಯಿತ ಮತ್ತು ನೋಂದಾಯಿಸದ ಟ್ರೇಡ್ಮಾರ್ಕ್ಗಳು, ಲೋಗೊಗಳು ಮತ್ತು ಸೇವಾ ಗುರುತುಗಳು ನಮ್ಮ ಅಥವಾ ನಮ್ಮ ಪರವಾನಗಿದಾರರ ಒಡೆತನದಲ್ಲಿದೆ.","The registered and unregistered trademarks, logos and service IDs displayed on the site are owned by us or our licensees."
"You may not use our trademarks, logos, and service marks in any way without our prior written permission.","ನಮ್ಮ ಪೂರ್ವ ಲಿಖಿತ ಅನುಮತಿಯಿಲ್ಲದೆ ನೀವು ನಮ್ಮ ಟ್ರೇಡ್ಮಾರ್ಕ್ಗಳು, ಲೋಗೋಗಳು ಮತ್ತು ಸೇವಾ ಗುರುತುಗಳನ್ನು ಯಾವುದೇ ರೀತಿಯಲ್ಲಿ ಬಳಸುವಂತಿಲ್ಲ.","You cannot use our trademarks, logos and service IDs in any way without our prior written permission."
Material featured on this website may be reproduced free of charge.,ಈ ವೆಬ್ಸೈಟ್ನಲ್ಲಿ ಪ್ರದರ್ಶಿಸಲಾದ ವಿಷಯವನ್ನು ಉಚಿತವಾಗಿ ಮರು ಉತ್ಪಾದಿಸಬಹುದು.,The content displayed on this website can be reproduced free of cost.
"Wherever the material is being published or issued to others, the source must be prominently acknowledged.","ಎಲ್ಲೆಲ್ಲಿ ವಿಷಯವನ್ನು ಪ್ರಕಟಿಸಲಾಗುತ್ತಿದೆ ಅಥವಾ ಇತರರಿಗೆ ಬಿಡುಗಡೆ ಮಾಡಲಾಗುತ್ತಿದೆ, ಮೂಲವನ್ನು ಪ್ರಮುಖವಾಗಿ ಒಪ್ಪಿಕೊಳ್ಳಬೇಕು.","Wherever the matter is published or released to others, the source has to be acknowledged prominently."
"However, the permission to reproduce this material shall not extend to any material which is identified as being copyright of a third party.","ಆದಾಗ್ಯೂ, ಈ ವಸ್ತುವನ್ನು ಪುನರುತ್ಪಾದಿಸುವ ಅನುಮತಿಯು ಥರ್ಡ್ ಪಾರ್ಟಿ ಹಕ್ಕುಸ್ವಾಮ್ಯ ಎಂದು ಗುರುತಿಸಲಾದ ಯಾವುದೇ ವಸ್ತುಗಳಿಗೆ ವಿಸ್ತರಿಸುವುದಿಲ್ಲ.","However, permission to regenerate this material will not extend to any item identified as third party entitlement."
MPIN can be easily reset by any AWW/AWC user.,ಯಾವುದೇ ಎಡಬ್ಲ್ಯುಡಬ್ಲ್ಯು / ಎಡಬ್ಲ್ಯೂಸಿ ಬಳಕೆದಾರರಿಂದ ಎಂಪಿಐಎನ್ ಅನ್ನು ಸುಲಭವಾಗಿ ಮರುರಚಿಸಬಹುದು.,MPIN can be easily regenerated from any AWW / AWC user
"You are required to click on Forgot MPIN, and enter your registered mobile number.","ನೀವು ಮರೆತುಹೋದ ಎಂಪಿನ್ ಕ್ಲಿಕ್ ಮಾಡಬೇಕಾಗುತ್ತದೆ, ಮತ್ತು ನಿಮ್ಮ ನೋಂದಾಯಿತ ಮೊಬೈಲ್ ಸಂಖ್ಯೆಯನ್ನು ನಮೂದಿಸಿ.","You will be required to click on forgot MPIN, and enter your registered mobile number"
You will receive and OTP on your registered mobile number and you can ealily reset your MPIN,ನಿಮ್ಮ ನೋಂದಾಯಿತ ಮೊಬೈಲ್ ಸಂಖ್ಯೆಯಲ್ಲಿ ನೀವು ಒಟಿಪಿ ಸ್ವೀಕರಿಸುತ್ತೀರಿ ಮತ್ತು ನಿಮ್ಮ ಎಂಪಿನ್ ಅನ್ನು ನೀವು ಸುಲಭವಾಗಿ ಮರುರಚಿಸಬಹುದು.,You will receive the OTP on your registered mobile number and you can easily re-create your PIN.
The Poshan Tracker is a job-aid to the Anganwadi worker for efficient delivery of services along with reflection of their efforts.,ಪೋಷನ್ ಟ್ರ್ಯಾಕರ್ ಅಂಗನವಾಡಿ ಕಾರ್ಯಕರ್ತೆಯರಿಗೆ ಅವರ ಶ್ರಮವನ್ನು ಪ್ರತಿಬಿಂಬಿಸಲು ಮತ್ತು ಸೇವೆಗಳ ಸಮರ್ಥ ವಿತರಣೆಗಾಗಿ ಕೆಲಸದ ಸಹಾಯಕವಾಗಿದೆ.,POSHAN tracker is a tool to help Anganwadi workers reflect their hard work and efficient delivery of services.
It is a critical and beneficiary-centric service delivery Application under POSHAN Abhiyaan which will promote real time data with analytics,"ಇದು ಪೋಶನ್ ಅಭಿಯಾನದ ಅಡಿಯಲ್ಲಿ ಪ್ರಮುಖವಾದ ಮತ್ತು ಫಲಾನುಭವಿ-ಕೇಂದ್ರಿತ ಸೇವಾ ವಿತರಣಾ ಅಪ್ಲಿಕೇಶನ್ ಆಗಿದ್ದು, ಇದು ವಿಶ್ಲೇಷಣೆಯೊಂದಿಗೆ ನೈಜ ಸಮಯದ ಡೇಟಾವನ್ನು ಉತ್ತೇಜಿಸುತ್ತದೆ",It is an important and beneficiary-centric service delivery application under POSHAN Abhiyaan which promotes real-time data with analytics
Please enter valid Date of Birth,ದಯವಿಟ್ಟು ಮಾನ್ಯವಾದ ಜನ್ಮ ದಿನಾಂಕವನ್ನು ನಮೂದಿಸಿ,Please enter a valid date of birth
Who is eligible for additional supplementary food?,ಹೆಚ್ಚುವರಿ ಪೂರಕ ಆಹಾರಕ್ಕಾಗಿ ಯಾರು ಅರ್ಹರು?,Who is eligible for supplementary food?
"We reserve the unconditional right to change, modify, add, or remove any part of these Terms at any time, without specifically notifying you of such changes.","ನಿಮಗೆ ನಿರ್ದಿಷ್ಟವಾಗಿ ಸೂಚಿಸದೆ ಯಾವುದೇ ಸಮಯದಲ್ಲಿ ಈ ನಿಯಮಗಳ ಯಾವುದೇ ಭಾಗವನ್ನು ಬದಲಾಯಿಸಲು, ಮಾರ್ಪಡಿಸಲು, ಸೇರಿಸಲು ಅಥವಾ ತೆಗೆದುಹಾಕಲು ನಾವು ಬೇಷರತ್ತಾದ ಹಕ್ಕನ್ನು ನಾವು ಕಾಯ್ದಿರಿಸಿದ್ದೇವೆ.","We reserve the right unconditionally to change, modify, add or delete any part of these rules at any time without specifying you."
Any changes or updates will be effective immediately.,ಯಾವುದೇ ಬದಲಾವಣೆಗಳು ಅಥವಾ ನವೀಕರಣಗಳು ತಕ್ಷಣವೇ ಜಾರಿಗೆ ಬರುತ್ತವೆ.,Any changes or updates come into effect immediately.
You take the responsibility to check these Terms of Use periodically for changes.,ಬದಲಾವಣೆಗಳಿಗಾಗಿ ನಿಯತಕಾಲಿಕವಾಗಿ ಈ ಬಳಕೆಯ ನಿಯಮಗಳನ್ನು ಪರಿಶೀಲಿಸುವ ಜವಾಬ್ದಾರಿಯನ್ನು ನೀವು ಕೈಗೊಳ್ಳುತ್ತೀರಿ.,You will be responsible for regularly reviewing these usage norms for changes.
Your continued use of the platform post such revision shall constitute acceptance of the modified Terms.,ಮಾರ್ಪಾಡಿನ ನಂತರ ಪ್ಲಾಟ್ಫಾರ್ಮ್ನ ನಿಮ್ಮ ಮುಂದುವರಿದ ಬಳಕೆಯು ತಿದ್ದುಪಡಿ ಮಾಡಿದ ನಿಯಮಗಳ ಒಪ್ಪಿಗೆಯನ್ನು ಸೂಚಿಸುತ್ತದೆ.,Your continued use of the platform after the modification indicates acceptance of the amended rules.
In both the above cases state nodal officers are empowered to add/ edit/Activate/Deactivate any of the AWW., ಡಬ್ಲ್ಯು. ಸಿ. ಡಿ ಗೆ ಒದಗಿಸಿಲ್ಲ ಮೇಲಿನ ಎರಡೂ ಸಂದರ್ಭ್ಹಗಳಲ್ಲಿ ಯಾವುದೇ ಅಡಬ್ಲ್ಯುಡಬ್ಲ್ಯು ಅನ್ನು ಸೇರಿಸಲು/ಸಂಪಾದಿಸಲು/ಸಕ್ರಿಯಗೊಳಿಸಲು/ನಿಷ್ಕ್ರಿಯಗೊಳಿಸಲು ರಾಜ್ಯ ನೋಡಲ್ ಅಧಿಕಾರಿಗಳಿಗೆ ಅಧಿಕಾರವಿದೆ.,State Nodal Officers have been empowered to add / edit / activate / deactivate any AWW in both the above cases.
How many different types of reports can be generated over Poshan Tracker Dashboard?,ಪೋಷಣ್ ಟ್ರ್ಯಾಕರ್ ಡ್ಯಾಶ್ಬೋರ್ಡ್ನಲ್ಲಿ ಎಷ್ಟು ವಿಭಿನ್ನ ರೀತಿಯ ವರದಿಗಳನ್ನು ಉತ್ಪಾದಿಸಬಹುದು?,How many different types of reports can be generated on the POSHAN Tracker Dashboard
How to revive your health if you are Severely Wasted (SAM),ನೀವು ತೀವ್ರ ಕಡಿಮೆ ತೂಕ ಹೊಂದಿದ್ದರೆ ನಿಮ್ಮ ಆರೋಗ್ಯವನ್ನು ಹೇಗೆ ಪುನರುತ್ಪಾದಿಸುವುದು (SAM),How to reproduce your health if you are underweight (SAM)
"See assessment charts for Stunted, Wasted and Underweight parameters","ಕುಂಠಿತ, ತೂಕ ಕಳೆದುಕೊಳ್ಳುವ ಮತ್ತು ಕಡಿಮೆ ತೂಕದ ನಿಯತಾಂಕಗಳಿಗಾಗಿ ಮೌಲ್ಯಮಾಪನ ಚಾರ್ಟ್ ಅನ್ನು ನೋಡಿ","Check out the assessment chart for depression, weight loss and low weight parameters"
Resources for growth monitoring and general awareness,ಬೆಳವಣಿಗೆಯ ಮೇಲ್ವಿಚಾರಣೆ ಮತ್ತು ಸಾಮಾನ್ಯ ಜಾಗೃತಿಗಾಗಿ ಸಂಪನ್ಮೂಲಗಳು,Resources for Growth Monitoring and General Awareness
AWW are required to enter details related to infrastructure present in a particular Anganwadi centre.,ಎಡಬ್ಲ್ಯುಡಬ್ಲ್ಯು ಗಳು ನಿರ್ದಿಷ್ಟ ಅಂಗನವಾಡಿ ಕೇಂದ್ರದಲ್ಲಿ ಇರುವ ಮೂಲಸೌಕರ್ಯಕ್ಕೆ ಸಂಬಂಧಿಸಿದ ವಿವರಗಳನ್ನು ನಮೂದಿಸ ಬೇಕು.,AWWs are required to provide details of the infrastructure available at the designated Anganwadi Centre.
"This includes structure, basic amenities, facilities, sanitization, drinking water etc.","ಇದರಲ್ಲಿ ರಚನೆ, ಮೂಲ ಸೌಕರ್ಯಗಳು, ಸೌಲಭ್ಯಗಳು, ನೈರ್ಮಲ್ಯೀಕರಣ, ಕುಡಿಯುವ ನೀರು ಇತ್ಯಾದಿಗಳು ಸೇರಿವೆ.","This includes infrastructure, facilities, sanitation, drinking water etc."
Lactating mothers who received Take Home Ration (THR),ಹಾಲುಣಿಸುವ ತಾಯಂದಿರಿಗೆ ಟೇಕ್ ಹೋಮ್ ರೇಷನ್ (THR),Take Home Ration (THR) for lactating mothers
"Poshan Tracker reserve the unconditional right to change, modify, add, or remove any part of this Privacy Policy at any time, without specifically notifying you of such changes.","ನಿಮಗೆ ನಿರ್ದಿಷ್ಟವಾಗಿ ತಿಳಿಸದೆಯೇ ಯಾವುದೇ ಸಮಯದಲ್ಲಿ ಗೌಪ್ಯತೆ ನೀತಿಯ ಯಾವುದೇ ಭಾಗವನ್ನು ಬದಲಾಯಿಸಲು, ಮಾರ್ಪಡಿಸಲು, ಸೇರಿಸಲು ಅಥವಾ ತೆಗೆದುಹಾಕಲು ಪೋಶನ್ ಟ್ರ್ಯಾಕರ್ ಬೇಷರತ್ತಾದ ಹಕ್ಕನ್ನು ಕಾಯ್ದಿರಿಸುತ್ತದೆ.","The Potion Tracker reserves the unconditional right to change, modify, add or remove any part of the Privacy Policy at any time without specifying you."
Any changes or updates will be effective immediately.,ಯಾವುದೇ ಬದಲಾವಣೆಗಳು ಅಥವಾ ನವೀಕರಣಗಳು ತಕ್ಷಣವೇ ಜಾರಿಗೆ ಬರುತ್ತವೆ.,Any changes or updates come into effect immediately.
You should review this Privacy Policy regularly for changes.,ನೀವು ಗೌಪ್ಯತೆ ನೀತಿಯನ್ನು ಬದಲಾವಣೆಗಾಗಿ ನಿಯಮಿತವಾಗಿ ಪರಿಶೀಲಿಸಬೇಕು.,You must regularly review the privacy policy for changes.
"We will use commercially reasonable efforts to generally notify all users of any material changes to this Privacy Policy, such as through a notice on the System.","ಈ ಗೌಪ್ಯತೆ ನೀತಿಯಲ್ಲಿ ಉಂಟಾಗುವ ಯಾವುದೇ ಬದಲಾವಣೆಗಳನ್ನು ಎಲ್ಲಾ ಬಳಕೆದಾರರಿಗೆ ಸೂಚಿಸಲು ನಾವು ವಾಣಿಜ್ಯಿಕವಾಗಿ ಸಮಂಜಸವಾದ ಪ್ರಯತ್ನಗಳನ್ನು ಬಳಸುತ್ತೇವೆ, ಉದಾಹರಣೆಗೆ ಸಿಸ್ಟಂನಲ್ಲಿ ಮೂಲಕ ಸೂಚನೆಯನ್ನು ಹೊರಡಿಸುವ ಮೂಲಕ.","We will use commercially reasonable efforts to notify all users of any changes to this privacy policy, for example by notifying through the system."
"However, as a user of the System, you should regularly check the Privacy Policy for any changes.","ಆದರೂ, ಗೌಪ್ಯತಾ ನೀತಿಯು ಬದಲಾವಣೆಗಾಗಿ ಸಿಸ್ಟಮ್ ನ ಬಳಕೆದಾರರು ಆಗಿರುವುದರಿಂದ ನೀವು ನಿಯಮಿತವಾಗಿ ಪರಿಶೀಲಿಸಬೇಕು.","However, you should check regularly as the privacy policy is a user of the system for change."
"We will also update the “Last Updated” date at the top of this Privacy Policy, which reflects the effective date of this Privacy Policy.","ನಾವು ಗೌಪ್ಯತಾ ನೀತಿಯ ಮೇಲ್ಭಾಗದಲ್ಲಿ "" ಕೊನೆಯದಾಗಿ ನವೀಕರಿಸಿದ"" ದಿನಾಂಕವನ್ನು ನವೀಕರಿಸುತ್ತೇವೆ ಹಾಗೂ ಇದು ಈ ಗೌಪ್ಯತಾ ನೀತಿಯ ಪರಿಣಾಮಕಾರಿ ದಿನಾಂಕವನ್ನು ಸೂಚಿಸುತ್ತದೆ.",We will update the last updated date at the top of the Privacy Policy and this indicates the effective date for this Privacy Policy.
Your continued access or use of the System after the date of the new Privacy Policy constitutes your acceptance of the new Privacy Policy.,ಹೊಸ ಗೌಪ್ಯತೆ ನೀತಿಯ ದಿನಾಂಕದ ನಂತರ ನಿಮ್ಮ ಮುಂದುವರಿದ ಪ್ರವೇಶ ಅಥವಾ ಸಿಸ್ಟಂನ ಬಳಕೆಯು ಹೊಸ ಗೌಪ್ಯತೆ ನೀತಿಗೆ ನಿಮ್ಮ ಒಪ್ಪಿಗೆಯನ್ನು ಸೂಚಿಸುತ್ತದೆ.,Your advanced login or system usage after the new privacy policy date will indicate your approval for the new privacy policy.
"If you do not agree to the new Privacy Policy, you must stop accessing and/or using the System.","ನೀವು ಹೊಸ ಗೌಪ್ಯತಾ ನೀತಿಯನ್ನು ಒಪ್ಪದ ಸಂದರ್ಭದಲ್ಲಿ, ನೀವು ಸಿಸ್ಟಮ್ ಅನ್ನು ಪ್ರವೇಶಿಸುವುದು ಮತ್ತು/ಅಥವಾ ಬಳಸುವುದನ್ನು ನಿಲ್ಲಿಸಬೇಕು.","If you do not agree with the new privacy policy, you should stop logging in and / or using the system."
What is the eligibility of a beneficiary?,ಫಲಾನುಭವಿಯ ಅರ್ಹತೆ ಏನು?,What is the eligibility of the beneficiary?
"No, Poshan Tracker is available only for Android version","ಇಲ್ಲ, ಪೋಷಣ್ ಟ್ರ್ಯಾಕರ್ ಕೇವಲ ಆಂಡ್ರೊಯಿಡ್ ಆವ್ರಿತ್ತಿಯಲ್ಲಿ ಲಭ್ಯವಿದೆ.","No, the POSHAN tracker is available only on Android version."
 XV. INDEMNITY AND LIMITATION OF LIABILITY, XV. ನಷ್ಟ ಪರಿಹಾರ ಮತ್ತು ಹೊಣೆಗಾರಿಕೆ ಮಿತಿ,Compensation and Liability Limit
Growth monitoring report for all health indicators,ಎಲ್ಲಾ ಆರೋಗ್ಯ ಸೂಚಕಗಳಿಗೆ ಬೆಳವಣಿಗೆಯ ಮೇಲ್ವಿಚಾರಣಾ ವರದಿ,Growth Monitoring Report for all Health Indicators
Take Home Ration (THR) given in last 30 days,ಕಳೆದ ೩೦ ದಿನಗಳಲ್ಲಿ ಕೊಟ್ಟ ಮನೆಗೆ ತೆಗೆದುಕೊಂಡು ಹೋಗುವ ಪಡಿತರ(ಟಿಎಚ್ಆರ್),Home Ration (THR) in last 30 days
Children are defined as stunted if their height-for-age is more than two standard deviations below the WHO Child Growth Standards median,WHO ಮಕ್ಕಳ ಬೆಳವಣಿಗೆಯ ಮಾನದಂಡಗಳ ಸರಾಸರಿಗಿಂತ ಎರಡು ಪ್ರಮಾಣಿತ ವಿಚಲನಗಳಿಗಿಂತ ಅವರ ಎತ್ತರ-ವಯಸ್ಸು ಹೆಚ್ಚಿದ್ದರೆ ಮಕ್ಕಳನ್ನು ಕುಂಠಿತ ಎಂದು ವ್ಯಾಖ್ಯಾನಿಸಲಾಗುತ್ತದೆ,Children are defined as stunted if they are above the age of two standard deviations above the average of WHO standards for child development
What is the purpose of Launching Poshan Tracker?,ಪೋಷಣ್ ಟ್ರ್ಯಾಕರ್ ಪ್ರಾರಂಭಿಸಿದ ಉದ್ದೇಶವೇನು?,What is the purpose of the POSHAN tracker?
"As a registered user, you have the right to access your profile at any time.","ನೀವು ನೊಂದಾಯಿತ ಬಳಕೆದಾರರು ಆಗಿರುವುದರಿಂದ, ನೀವು ನಿಮ್ಮ ಪ್ರೊಫೈಲ್ ಅನ್ನು ಯಾವ ಸಮಯದಲ್ಲಿ ಆದರೂ ಬಳಸುವ ಹಕ್ಕು ಇದೆ.","Since you are a registered user, you have the right to use your profile at any time."
"Although, the changes can only be done as prescribed by the Poshan Tracker system from time to time.","ಆದಾಗ್ಯೂ, ಕಾಲಕಾಲಕ್ಕೆ ಪೋಶನ್ ಟ್ರ್ಯಾಕರ್ ಸಿಸ್ಟಮ್ ಸೂಚಿಸಿದ ಬದಲಾವಣೆಗಳನ್ನು ಮಾತ್ರ ಮಾಡಬಹುದು.","However, only the changes suggested by the Potion Tracker System from time to time can be made."
You cannot manage the communications that you receive from us or how you receive them.,ನೀವು ನಮ್ಮಿಂದ ಪಡೆಯುವ ಸಂವಹನವನ್ನು ಅಥವಾ ಅವುಗಳನ್ನು ಪಡೆಯುವ ರೀತಿಯನ್ನು ನಿರ್ವಹಿಸಲು ಸಾಧ್ಯವಿಲ್ಲ.,You cannot manage the communication you get from us or the way you get them.
" XIII. COMPLIANCE WITH LAW, THIRD PARTY RIGHTS, AND OTHER TERMS OF SERVICE"," XIII. ಕಾನೂನು, ಥರ್ಡ್ ಪಾರ್ಟಿ ಹಕ್ಕುಗಳು ಮತ್ತು ಇತರ ಸೇವಾ ನಿಯಮಗಳ ಅನುಸರಣೆ","Compliance with law, third party rights and other service rules."
"repeated infection, and inadequate psychosocial stimulation","ಆಗಾಗ್ಗೆ ಬರುವ ಸೋಂಕುಗಳು, ಮತ್ತು ಕಡಿಮೆ ಮಾನಸಿಕ ಸಾಮಾಜಿಕ ಪ್ರಚೋದನೆ","Frequent infections, and low psycho-social stimulation"
Beneficiary migration from one AWC to another AWC,ಒಂದು ಎಡಬ್ಲ್ಯೂಸಿ ಯಿಂದ ಮತ್ತೊಂದು ಎಡಬ್ಲ್ಯೂಸಿ ಗೆ ಫಲಾನುಭವಿಗಳ ವಲಸೆ,Migration of beneficiaries from one AWC to another AWC
"Training on ICT Platform under POSHAN Abhiyaan (02 February, 2021)","ಪೋಷಣ್ ಅಭ್ಯಾನ್ ನ ಅಡಿಯಲ್ಲಿ ಐ. ಸಿ. ಟಿ ವೇದಿಕೆ ಮೇಲೆ ತರಬೇತಿ(೦೨, ಫ಼ೆಬ್ರವರಿ,೨೦೨೧)","Training on ICT Platform under POSHAN Abhiyaan (02 February, 2021)"
You may browse the Site without registering for an account.,ಖಾತೆಗಾಗಿ ನೋಂದಾಯಿಸದೆಯೇ ನೀವು ಸೈಟ್ ಅನ್ನು ಬ್ರೌಸ್ ಮಾಡಬಹುದು.,You can browse the site without registering for the account.
"You will be required to register for an account with your mobile number, if you intent to use certain features or services offered by the Site.","ಸೈಟ್ ಒದಗಿಸಿದ ಕೆಲವು ವೈಶಿಷ್ಟ್ಯಗಳು ಅಥವಾ ಸೇವೆಗಳನ್ನು ಬಳಸಲು ನೀವು ಬಯಸಿದರೆ, ನಿಮ್ಮ ಮೊಬೈಲ್ ಸಂಖ್ಯೆಯೊಂದಿಗೆ ಖಾತೆಗಾಗಿ ನೀವು ನೋಂದಾಯಿಸಿಕೊಳ್ಳಬೇಕು.","If you wish to use some of the features or services provided by the site, you need to register for the account with your mobile number."
You are solely responsible for maintaining the confidentiality of your personal information and registration and all activities that might result from you failing from keeping this information secure.,ನಿಮ್ಮ ವೈಯಕ್ತಿಕ ಮಾಹಿತಿಯ ಮತ್ತು ಈ ಈವೆಂಟ್ಗಾಗಿ ರಚಿಸಿರುವ ನೋಂದಣಿ ವಿವರಗಳ ಗೌಪ್ಯತೆಯನ್ನು ಕಾಯ್ದುಕೊಳ್ಳಲು ಮತ್ತು ಈ ಮಾಹಿತಿಯನ್ನು ಸುರಕ್ಷಿತವಾಗಿ ಇರಿಸಿಕೊಳ್ಳಲು ವಿಫಲವಾಗುವುದರಿಂದ ಉದ್ಭವಿಸಬಹುದಾದ ಎಲ್ಲ ಚಟುವಟಿಕೆಗಳಿಗೆ ನೀವೇ ಹೊಣೆಗಾರರಾಗಿರುತ್ತೀರಿ.,You are responsible for all the activities that may arise due to your failure to maintain the privacy of your personal information and registration details created for this event and to keep this information safe.
Your registration or mobile number shall be kept confidentialYou undertake that:You have obtained consent from the concerned individuals for creating their records through your account.,ನಿಮ್ಮ ನೋಂದಣಿ ಅಥವಾ ಮೊಬೈಲ್ ಸಂಖ್ಯೆಯನ್ನು ಗೌಪ್ಯವಾಗಿ ಇರಿಸಲಾಗುತ್ತದೆನೀವು ಕೆಳಕಂಡ ವ್ಯಾಖ್ಯಾನಗಳಿಗೆ ಭರವಸೆ ನೀಡುತ್ತಿರಿಃನಿಮ್ಮ ಖಾತೆಯ ಮೂಲಕ ಇನ್ನೊಬ್ಬರ ದಾಖಲೆಗಳನ್ನು ರಚಿಸಲು ಸಂಬಂಧಿಸಿದ ವ್ಯಕ್ತಿಗಳಿಂದ ನೀವು ಒಪ್ಪಿಗೆಯನ್ನು ಪಡೆದಿದ್ದೀರಿ.,Your registration or mobile number will be kept confidential.
Your account or mobile number shall not include the name of another person with the intent to impersonate that person.,ನಿಮ್ಮ ಖಾತೆ ಅಥವಾ ಮೊಬೈಲ್ ಸಂಖ್ಯೆ ಇನ್ನೊಬ್ಬ ವ್ಯಕ್ತಿಯ ಎಂದು ನಟಿಸುವ ಉದ್ದೇಶದಿಂದ ಬೇರೆ ಯಾವುದೇ ವ್ಯಕ್ತಿಯ ಹೆಸರನ್ನು ಹೊಂದಿರಬಾರದು.,Your account or mobile number should not contain the name of any other person for the purpose of pretending to be another person.
You shall not use another user's account without their permission.,ನೀವು ಇನ್ನೊಬ್ಬ ಬಳಕೆದಾರರ ಖಾತೆಯನ್ನು ಅವರ ಅನುಮತಿಯಿಲ್ಲದೆ ಬಳಸುವುದಿಲ್ಲ.,You will not use another user's account without their permission.
"You shall immediately notify us in writing, if you discover any unauthorized use of your account or other account-related security breach.","ನಿಮ್ಮ ಖಾತೆಯ ಯಾವುದೇ ಅನಧಿಕೃತ ಬಳಕೆ ಅಥವಾ ಇತರ ಖಾತೆ-ಸಂಬಂಧಿತ ಭದ್ರತಾ ಉಲ್ಲಂಘನೆಯನ್ನು ನೀವು ಕಂಡುಕೊಂಡರೆ, ನೀವು ತಕ್ಷಣ ನಮಗೆ ಲಿಖಿತವಾಗಿ ತಿಳಿಸುವಿರಿ.","If you find any unauthorized use of your account or other account-related security breach, you will immediately inform us in writing."
"If we receive a complaint that your account violates someone else's rights, or violates our policies we may cancel or block your account.","ನಿಮ್ಮ ಖಾತೆ ಬೇರೆಯವರ ಹಕ್ಕುಗಳನ್ನು ಉಲ್ಲಂಘಿಸುತ್ತಿದೆ ಅಥವಾ ನಮ್ಮ ನೀತಿಗಳನ್ನು ಉಲ್ಲಂಘಿಸುತ್ತಿದೆ ಎಂಬ ದೂರನ್ನು ನಾವು ಸ್ವೀಕರಿಸಿದರೆ, ನಾವು ನಿಮ್ಮ ಖಾತೆಯನ್ನು ರದ್ದುಗೊಳಿಸಬಹುದು ಅಥವಾ ನಿರ್ಬಂಧಿಸಬಹುದು.","If we receive a complaint that your account is violating the rights of others or violating our policies, we can cancel or block your account."
"You shall not attempt to conceal your identity by using multiple Internet Protocol addresses or mobile no, or by any other means, to register participants on the Site",ಬಹು ಇಂಟರ್ನೆಟ್ ಪ್ರೋಟೋಕಾಲ್ ವಿಳಾಸಗಳು ಅಥವಾ ಮೊಬೈಲ್ ಸಂಖ್ಯೆಗಳನ್ನು ಬಳಸುವ ಮೂಲಕ ಅಥವಾ ಸೈಟ್ನಲ್ಲಿ ಭಾಗವಹಿಸುವವರನ್ನು ನೋಂದಾಯಿಸಲು ಯಾವುದೇ ಇತರ ವಿಧಾನಗಳ ಮೂಲಕ ನಿಮ್ಮ ಗುರುತನ್ನು ಮರೆಮಾಡಲು ನೀವು ಪ್ರಯತ್ನಿಸುವುದಿಲ್ಲ,You will not try to hide your identity by using multiple internet protocol addresses or mobile numbers or by any other means to register participants on the site
Poshan Tracker App is available in 22 different languagesThe various languages available are:EnglishHindiGujaratiPunjabiMarathiBanglaKannadaTamilTeluguMalyalamOdiaAssameseNepaliDogriKonkaniSindhiBodoMaithiliManipuriSanthaliUrduKashmiri,ಪೋಶನ್ ಟ್ರ್ಯಾಕರ್ ಅಪ್ಲಿಕೇಶನ್ ೨೨ ವಿವಿಧ ಭಾಷೆಗಳಲ್ಲಿ ಲಭ್ಯವಿದೆಲಭ್ಯವಿರುವ ವಿವಿಧ ಭಾಷೆಗಳುಃಇಂಗ್ಲಿಷ್ಹಿಂದಿಗುಜರಾತಿಪಂಜಾಬಿಮರಾಠಿಬಾಂಗ್ಲಾಕನ್ನಡತಮಿಳುತೆಲುಗುಮಳ್ಯಾಳಮ್ಒಡಿಯಾಅಸ್ಸಾಮೀಸ್NepaliDogriKonkaniSindhiBodoMaithiliManipuriSanthaliUrduKashmiri,"Poshan Tracker App available in 22 different languagesEnglish, Hindi, Gujarati, Punjabi, Marathi, Bengali, Kannada, Tamil, Malayalam, Odiya, Assamese, Nepali, Konkani, Sindhi, Maithili, Manipuri, Kashmiri"
"The proposed system should enable real-time monitoring and tracking of all AWCs, AWWs and beneficiaries on the defined indicators.","ಪ್ರಸ್ತಾವಿತ ವ್ಯವಸ್ಥೆಯು ಎಲ್ಲಾ ಎಡಬ್ಲ್ಯೂಸಿಗಳು, ಎಡಬ್ಲ್ಯೂಡಬ್ಲ್ಯೂಗಳು ಮತ್ತು ಫಲಾನುಭವಿಗಳ ನೈಜ-ಸಮಯದ ಮೇಲ್ವಿಚಾರಣೆ ಮತ್ತು ಟ್ರ್ಯಾಕಿಂಗ್ ಅನ್ನು ವ್ಯಾಖ್ಯಾನಿಸಿದ ಸೂಚಕಗಳ ಮೇಲೆ ಸಕ್ರಿಯಗೊಳಿಸಬೇಕು.","The proposed system should activate real-time monitoring and tracking of all AWCs, AWWs and beneficiaries on the defined indicators"
How to Login in Poshan Tracker App?,ಪೋಷಣ್ ಟ್ರ್ಯಾಕರ್ ಆಪ್ಪ್ ಅನ್ನು ಪ್ರವೇಶಿಸುವುದು (ಲಾಗಿನ್) ಹೇಗೆ?,How to login to the POSHAN Tracker App?
Height and weight of child has not been measured,ಮಗುವಿನ ಎತ್ತರ ಮತ್ತು ತೂಕವನ್ನು ಅಳೆಯಲಾಗಿಲ್ಲ,The child's height and weight are not measured
TAKE HOME RATION (THR) GIVEN TODAY,ಇವತ್ತು ಕೊಟ್ಟ ಮನೆಗೆ ತೆಗೆದುಕೊಂಡು ಹೋಗುವ ಪಡಿತರ(ಟಿಎಚ್ಆರ್),Home delivery ration (THR)
A beneficiary is eligible for THR for at least 21 days in a month.,ಒಬ್ಬ ಫಲಾನುಭವಿಯು ತಿಂಗಳಲ್ಲಿ ಕನಿಷ್ಠ 21 ದಿನಗಳವರೆಗೆ THR ಗೆ ಅರ್ಹನಾಗಿರುತ್ತಾನೆ.,A beneficiary will be eligible for THR for a minimum period of 21 days in a month
 III. NOTICE REGARDING FUTURE CHANGES TO TERMS:, III. ನಿಯಮಗಳ ಭವಿಷ್ಯದ ಬದಲಾವಣೆಗಳ ಬಗ್ಗೆ ಮಾಹಿತಿಃ,Information about future changes in the Rules:
Planning And Organising Community Based Events At AWC, ಏ. ಡಬ್ಲ್ಯೂ. ಸಿ. ನಲ್ಲಿ ಸಮುದಾಯ ಆಧಾರಿತ ಕಾರ್ಯಕ್ರಮಗಳನ್ನು ಯೋಜಿಸುವುದು ಮತ್ತು ಸಂಘಟಿಸುವುದು,Planning and organizing community based programmes at AWC
Please find the following steps to LoginStep 1- Click on Poshan Tracker Website https://poshantracker.,Please find the following steps to LoginStep 1- Click on Poshan Tracker Website https://poshantracker.,Please find the following steps to LoginStep 1-Click on Poshan Tracker website https: / / posttracker.
inStep 2- Enter your registered Mobile Number and pre-set 4 digit MPIN.,inStep 2- Enter your registered Mobile Number and pre-set 4 digit MPIN.,Step 2 - Enter your registered mobile number and pre-set 4 digit MPIN.
How AWWS can sign up on the app if they are unable to register via their mobile numbers?,ತಮ್ಮ ಮೊಬೈಲ್ ಸಂಖ್ಯೆಗಳ ಮೂಲಕ ನೋಂದಾಯಿಸಲು ಸಾಧ್ಯವಾಗದಿದ್ದರೆ ಎಡಬ್ಲ್ಯುಡಬ್ಲ್ಯುಗಳು ಅಪ್ಲಿಕೇಶನ್ನಲ್ಲಿ ಹೇಗೆ ಸೈನ್ ಅಪ್ ಮಾಡಬಹುದು?,How can AWWs sign up on the app if they are unable to register through their mobile numbers?
Poshan Tracker adds new Reports feature,ಪೋಶನ್ ಟ್ರ್ಯಾಕರ್ ಹೊಸ ವರದಿಗಳ ವೈಶಿಷ್ಟ್ಯವನ್ನು ಸೇರಿಸುತ್ತದೆ,Potion Tracker Adds New Reporting Feature
General Awareness about preventing illness in Children,ಮಕ್ಕಳಲ್ಲಿ ರೋಗ ತಡೆಗಟ್ಟುವಿಕೆಯ ಬಗ್ಗೆ ಸಾಮಾನ್ಯ ಅರಿವು,General Awareness on Preventive Medicine in Children
2. HOW WE USE PERSONAL INFORMATION,2. ವೈಯುಕ್ತಿಕ ಮಾಹಿತಿಯನ್ನು ನಾವು ಹೇಗೆ ಬಳಸುತ್ತೇವೆ,How do we use personal information?
The following are the Terms of Service (“Terms”) that govern your use of the Swastha Balak Balika Spardha Platform hosted at https://poshantracker.,"The following are the Terms of Service (""Terms"") that govern your use of the Swastha Balak Balika Spardha Platform hosted at https://poshantracker.","""The following are the Terms of Service ("" ""Terms"" "") that govern your use of the Swasth Balak Balika Spardha Platform hosted at https: / / poshantracker."""
"in, and all associated sites linked to it, its subsidiaries, and affiliates (collectively, the “Site”).","in, and all associated sites linked to it, its subsidiaries, and affiliates (collectively, the ""Site"").","""and all associated sites linked to it, its subsidiaries, and affiliates (collectively, the"" ""site"" "")."""
Please provide your mobile number and a ticket number.,ದಯವಿಟ್ಟು ನಿಮ್ಮ ಮೊಬೈಲ್ ಸಂಖ್ಯೆ ಮತ್ತು ಟಿಕೆಟ್ ಸಂಖ್ಯೆಯನ್ನು ಒದಗಿಸಿ.,Please provide your mobile number and ticket number.
Please contact your respective Anganwadi worker.,ದಯವಿಟ್ಟು ನಿಮ್ಮ ಸಂಬಂಧಪಟ್ಟ ಅಂಗನವಾಡಿ ಕಾರ್ಯಕರ್ತೆಯರನ್ನು ಸಂಪರ್ಕಿಸಿ.,Please contact your respective Anganwadi workers.
SAM Children under 5 years who received Supplementary Nutrition,ಪೂರಕ ಆಹಾರವನ್ನು ಪಡೆದ 5 ವರ್ಷದೊಳಗಿನ SAM ಮಕ್ಕಳು,SAM children under the age of 5 years receive supplementary nutrition
OPV-1Pentavalent-1Rotavirus Vaccine (RVV)-1Fractional dose of Inactivated Polio Vaccine (fIPV)-1Pneumococcal Conjugate Vaccine (PCV) -1,OPV-1ಪೆಂಟಾವಲೆಂಟ್-1ರೋಟವೈರಸ್ ಲಸಿಕೆ (RVV)-1ನಿಷ್ಕ್ರಿಯಗೊಳಿಸಿದ ಪೋಲಿಯೊ ಲಸಿಕೆ (ಎಫ್ಐಪಿವಿ)-1 ರ ಭಾಗಶಃ ಪ್ರಮಾಣನ್ಯುಮೋಕೊಕಲ್ ಕಾಂಜುಗೇಟ್ ಲಸಿಕೆ (PCV)-1,OPV - 1 Pentavalent - 1 Rotavirus Vaccine (RVV) - 1 Inactivated Polio Vaccine (FIPV) - 1 Partial pneumoccal Conjugate Vaccine (PCV) - 1
Height should be between 38 to 150,ಎತ್ತರವು 38 ರಿಂದ 150 ರ ನಡುವೆ ಇರಬೇಕು,The height should be between 38 to 150 feet
How to contact Poshan Tracker Team?,ಪೋಷಣ್ ಟ್ರ್ಯಾಕರ್ ತಂಡವನ್ನು ಹೇಗೆ ಸಂಪರ್ಕಿಸುವುದು?,How to contact the POSHAN Tracker team?
Take Home Ration (THR) Given Today,ಇವತ್ತು ಕೊಟ್ಟ ಮನೆಗೆ ತೆಗೆದುಕೊಂಡು ಹೋಗುವ ಪಡಿತರ(ಟಿಎಚ್ಆರ್),Home delivery ration (THR)
How many different forms are there in Poshan Tracker App?,ಪೋಷಣ್ ಟ್ರ್ಯಾಕರ್ ಅಪ್ಲಿಕೇಶನ್ನಲ್ಲಿ ಎಷ್ಟು ವಿಭಿನ್ನ ರೂಪಗಳಿವೆ?,How many different forms are there in the POSHAN Tracker app?
There are 7 different types of forms for beneficiaries.,ಫಲಾನುಭವಿಗಳಿಗೆ ೭ ವಿವಿಧ ಪ್ರಕಾರಗಳಿವೆ.,There are 7 different types of beneficiaries
This includes:Lactating motherPregnant womenChild 0-6 MonthsChild 6 Months to 3 YearsChild  3 Years to 6 YearsAdolescent Girls (11 Years-19 Years),ಇದು ಒಳಗೊಂಡಿದೆಃ ಹಾಲುಣಿಸುವ ತಾಯಿ ಗರ್ಭಿಣಿಯರು(೦-೬) ತಿಂಗಳ ಮಗು(೬ ತಿಂಗಳು-೩ ವರ್ಷದ) ಮಗು(೩-೬ ವರ್ಷದ) ಮಗು ಕಿಶೋರರು(೧೧-೧೯ ವರ್ಷ),These include: Lactating mother Pregnant women (0-6 years) Baby (6 months 3 years) Child (3-6 years) Child Adolescent (11-19 years)
Shibpur I C D S Project,ಶಿಬ್ಪುರ ಐ. ಸಿ. ಡಿ. ಎಸ್. ಯೋಜನೆ,Shibpur ICDS Project
"In the recent one to three months, no Aanganwadi Worker has visited the beneficiary's home",ಕಳೆದ ಒಂದು ಮೂರು ತಿಂಗಳಿನಿಂದ ಯಾವೊಬ್ಬ ಅಂಗನವಾಡಿ ಕಾರ್ಯಕರ್ತೆಯೂ ಫಲಾನುಭವಿಗಳ ಮನೆಗೆ ಭೇಟಿ ನೀಡಿಲ್ಲ,No Anganwadi worker has visited the houses of the beneficiaries in the last one to three months
Please enter Weight greater than 0.49 and less than 40.01,ದಯವಿಟ್ಟು 0.49 ಕ್ಕಿಂತ ಹೆಚ್ಚು ಮತ್ತು 40.01 ಕ್ಕಿಂತ ಕಡಿಮೆ ತೂಕವನ್ನು ನಮೂದಿಸಿ,Please enter more than 0.49 and less than 40.01
You can register with your mobile number directly through the website https://poshantracker.,You can register with your mobile number directly through the website https://poshantracker.,You can register with your mobile number directly through the website https: / / poshantracker.
in or by downloading the Poshan Tracker App.,in or by downloading the Poshan Tracker App.,In or by downloading the Poshan Tracker App.
Calculator to measure the child growth based on the WHO Child Growth Standards,WHO ಮಕ್ಕಳ ಅಭಿವೃದ್ಧಿ ಮಾನದಂಡಗಳ ಆಧಾರದ ಮೇಲೆ ಮಗುವಿನ ಬೆಳವಣಿಗೆಯನ್ನು ಅಳೆಯಲು ಕ್ಯಾಲ್ಕುಲೇಟರ್ ಉಪಯೋಗಿಸುವುದು,Use of calculator to measure child growth based on WHO child development standards
MPIN is a 4 digits passcode which is set by an Anganwadi worker while registering over the Poshan Tracker App.,"ಎಂಪಿನ್ ೪ ಅಂಕೆಗಳ ಪಾಸ್ಕೋಡ್ ಆಗಿದ್ದು, ಇದನ್ನು ಒಬ್ಬ ಅಂಗನ್ವಾಡಿ ಕಾರ್ಯಕರ್ತರು ಪೋಷಣ್ ಆಪ್ ಮೂಲಕ ನಮೂದಿಸುವಾಗ ಹೋದಿಸಿರುತ್ತಾರೆ.",MPIN is a 4-digit passcode which is entered by an Anganwadi worker while entering it through the POSHAN App.
"Specifications of Smart phone and Technical Compatibility Testing (02 February, 2021)","ಸ್ಮಾರ್ಟ್ ಫೋನ್ ನ ವಿಶಿಷ್ಟ ವಿವರಣೆಗಳು ಮತ್ತು ತಾಂತ್ರಿಕ ಹೊಂದಾಣಿಕೆಯ ಪರೀಕ್ಶೆ(೦೨ ಫ಼ೆಬ್ರವರಿ, ೨೦೨೧)","Specifications and features of the smartphone (February 02, 2021)"
Request for child's height and weight measurement,ಮಗುವಿನ ಎತ್ತರ ಮತ್ತು ತೂಕವನ್ನು ಅಳೆಯಲು ವಿನಂತಿ,Measure your childs height and weight
Children (6 months - 3 years),ಮಕ್ಕಳು (6 ತಿಂಗಳು - 3 ವರ್ಷಗಳು),Children (6 months - 3 years)
"We log usage data when you visit or otherwise use our Services, including our sites, app and platform technology.","ನಮ್ಮ ಸೈಟ್, ಅಪ್ಲಿಕೇಶನ್ ಮತ್ತು ವೇದಿಕೆ ತಂತ್ರಜ್ಞಾನ ಸೇರಿದಂತೆ ನೀವು ನಮ್ಮ ಸೇವೆಗಳನ್ನು ಬಳಸಿದಾಗ ಅಥವಾ ನಮ್ಮ ವೇದಿಕೆಗೆ ಭೇಟಿ ನೀಡಿದಾಗ ನಾವು ಬಳಸುವ ಡೇಟಾವನ್ನು ಲಾಗ್ ಮಾಡುತ್ತೇವೆ.","We log in to the data we use when you use our services or visit our platform, including our site, app and platform technology."
"Result couldn't be fetch, please enter valid data","ಫಲಿತಾಂಶವನ್ನು ಪಡೆಯಲು ಸಾಧ್ಯವಾಗಲಿಲ್ಲ, ದಯವಿಟ್ಟು ಸೂಕ್ತವಾದ ಡೇಟಾವನ್ನು ನಮೂದಿಸಿ","Could not get result, please enter correct data"
Central Golaghat I. C. D. S. Project,ಸೆಂಟ್ರಲ್ ಗೋಲಘಾಟ್ ಐ. ಸಿ. ಡಿ. ಎಸ್. ಯೋಜನೆ,Central Golaghat ICDS Project
