eng,ml,indic_trans_translated
The Site is directed to the people residing in India.,ഈ സൈറ്റ് ഇന്ത്യയിൽ താമസിക്കുന്ന ആളുകൾക്ക് വേണ്ടിയുള്ളതാണ്.,This website is for the people living in India.
We do not represent that Content available on or through the Site is appropriate or available in other locations.,സൈറ്റിലോ സൈറ്റിലൂടെയോ ലഭ്യമായ ഉള്ളടക്കം ഉചിതമോ മറ്റ് സ്ഥലങ്ങളിൽ ലഭ്യമോ ആണെന്ന് ഞങ്ങൾ പ്രതിനിധീകരിക്കുന്നില്ല.,We do not represent whether the content available on the site or through the site is appropriate or available in other places.
We may limit the availability of the Site or any service or product described on the Site to any person or geographic area at any time.,സൈറ്റിന്റെ ലഭ്യത അല്ലെങ്കിൽ സൈറ്റിൽ വിവരിച്ചിരിക്കുന്ന ഏതെങ്കിലും സേവനത്തിന്റെ അല്ലെങ്കിൽ ഉൽപ്പന്നത്തിന്റെ ലഭ്യത ഞങ്ങൾ എപ്പോൾ വേണമെങ്കിലും ഏതെങ്കിലും വ്യക്തിക്കോ ഭൂമിശാസ്ത്രപരമായ പ്രദേശത്തിനോ പരിമിതപ്പെടുത്തിയേക്കാം.,The availability of the site or any service or product mentioned on the site can be restricted to any person or geographical area at any time.
"If you choose to access the Site from outside India, you do so at your own risk.","ഇന്ത്യയ്ക്ക് പുറത്ത് നിന്ന് സൈറ്റ് ആക്സസ് ചെയ്യാൻ നിങ്ങൾ തിരഞ്ഞെടുക്കുകയാണെങ്കിൽ, നിങ്ങളുടെ സ്വന്തം ഉത്തരവാദിത്തത്തിലാണ് നിങ്ങൾ അത് ചെയ്യുന്നത്.","If you choose to access the site from outside India, you are doing it on your own responsibility."
Please go back to the homepage,ഹോംപേജിലേക്ക് മടങ്ങുക,Return to homepage
Please enter Height greater than 29.99 and less than 140.01,ദയവായി ഉയരം 29.99-ൽ കൂടുതലും 140.01-ൽ താഴെയും നൽകുക,Please enter height more than 29.99 and less than 140.01
"While login to the Poshan Tracker App, AWWs are required to enter the MPIN set by them.","പോഷാൻ ട്രാക്കർ ആപ്പിലേക്ക് ലോഗിൻ ചെയ്യുമ്പോൾ, അവ സജ്ജീകരിച്ചിട്ടുള്ള എംപിഐയിൽ എഡബ്ല്യുഡബ്ല്യുകൾ പ്രവേശിക്കേണ്ടതുണ്ട്.","While logging in to the Poshan Tracker App, AWWs are required to be entered in the MPI where they are set up."
This MPIN will act as a passcode to run the Poshan Tracker App and entering the information in the beneficiaries forms.,പോഷൺ ട്രാക്കർ ആപ്പ് പ്രവർത്തിപ്പിക്കുന്നതിനും ഗുണഭോക്താക്കളുടെ ഫോമുകളിൽ വിവരങ്ങൾ എന്റർ ചെയ്യുന്നതിനും ഈ എംപിഐഎൻ ഒരു പാസ് കോഡായി പ്രവർത്തിക്കും.,This MPIN will serve as a passcode for running the POSHAN Tracker App and entering information in the beneficiary forms.
How to ensure timely initiation of complementary feeding,കോംപ്ലിമെന്ററി ഫീഡിംഗ് സമയബന്ധിതമായി ആരംഭിക്കുന്നത് എങ്ങനെ ഉറപ്പാക്കാം,How to ensure timely start of supplementary feeding
Poshan Tracker App can only be installed in Android Phone with Android version 6.0 and above.,ആൻഡ്രോയിഡ് പതിപ്പ് 6.0 ഉം അതിന് മുകളിലുള്ളതുമായ ആൻഡ്രോയിഡ് ഫോണിൽ മാത്രമേ പോഷൻ ട്രാക്കർ ആപ്പ് ഇൻസ്റ്റാൾ ചെയ്യാൻ കഴിയൂ.,The app can be installed only on Android devices running Android 6.0 and above.
General Awareness about Growth Monitoring of Children,കുട്ടികളുടെ വളർച്ചാ നിരീക്ഷണത്തെക്കുറിച്ചുള്ള പൊതുവായ അവബോധം,General Awareness on Child Development Surveillance
Wasting is defined as low weight-for-height,കുറഞ്ഞ തൂക്കം-ഉയരം-ഉയരം എന്നാണ് പാഴാക്കൽ നിർവചിച്ചിരിക്കുന്നത്,"Weighment is defined as low weight, height and height"
Hot Cooked Meal (HCM) Given Today,ഇന്ന് നൽകിയ ചൂടുള്ള വേവിച്ച ഭക്ഷണം (HCM),Hot Cooked Meal (HCM) served today
There are 6 categories for beneficiariesPregnant WomenLactating MotherChildren from 0 to 6 monthsChildren from 6 months to 3 yearsChildren from 3 years to 6 yearsAdolescent girls,ഗുണഭോക്താക്കൾക്ക് 6 വിഭാഗങ്ങളുണ്ട്ഗർഭിണികൾമുലയൂട്ടുന്ന അമ്മ0 മുതൽ 6 മാസം വരെയുള്ള കുട്ടികൾ6 മാസം മുതൽ 3 വർഷം വരെയുള്ള കുട്ടികൾ3 വയസ്സ് മുതൽ 6 വയസ്സ് വരെയുള്ള കുട്ടികൾകൌമാരക്കാരായ പെൺകുട്ടികൾ,There are 6 categories of beneficiaries: Pregnant Women (0-6 months) Children (6-3 years) Children (3-6 years) Adolescent Girls (0-6 years)
"Data Plan for Mobile Application (01 March, 2021)","മൊബൈൽ ആപ്ലിക്കേഷനായുള്ള ഡാറ്റ പ്ലാൻ (01 മാർച്ച്, 2021)","Data plan for mobile application (March 01, 2021)"
 VIII. LIMITATIONS OF MULTI- LINGUAL INTERFACE, VIII. ബഹുഭാഷാ ഇന്റർഫേസിന്റെ പരിമിതികൾ,VIII. Limitations of Multilingual Interface
Srijangram I. C. D. S. Project,ശ്രീജൻഗ്രാം ഐ. സി. ഡി. എസ്. പ്രോജക്ട്,Srijangam ICDS Project
"We may investigate any violation of these Terms, including unauthorized use of the Site.","സൈറ്റിന്റെ അനധികൃത ഉപയോഗം ഉൾപ്പെടെ, ഈ നിബന്ധനകളുടെ ഏതെങ്കിലും ലംഘനം ഞങ്ങൾ അന്വേഷിക്കാം.","We can investigate any violation of these provisions, including illegal use of the site."
We may provide law enforcement with information you provide to us related to your transactions to assist in any investigation or prosecution of you.,നിങ്ങളുടെ ഇടപാടുകളുമായി ബന്ധപ്പെട്ട് നിങ്ങൾ ഞങ്ങൾക്ക് നൽകുന്ന വിവരങ്ങൾ നിയമപാലകർക്ക് ഞങ്ങൾ നൽകിയേക്കാം.,We may provide the information you give us about your transactions to the law enforcement.
We may take legal action that we feel is appropriate.,ഞങ്ങൾക്ക് ഉചിതമെന്ന് തോന്നുന്ന നിയമനടപടി സ്വീകരിക്കാം.,We will take appropriate legal action.
Poshan Calculator helps to identify various health conditions of the child as per World Health Organization (WHO) standards,ലോകാരോഗ്യ സംഘടനയുടെ (ഡബ്ല്യുഎച്ച്ഒ) മാനദണ്ഡങ്ങൾ അനുസരിച്ച് കുട്ടിയുടെ വിവിധ ആരോഗ്യസ്ഥിതികൾ തിരിച്ചറിയാൻ പോഷൻ കാൽക്കുലേറ്റർ സഹായിക്കുന്നു,The POSHAN calculator helps in identifying the various health conditions of the child as per the WHO standards
How to take care of weak newborn with the help of Kangaroo Mother Care,കംഗാരു മദർ കെയറിന്റെ സഹായത്തോടെ ദുർബലമായ നവജാതശിശുവിനെ എങ്ങനെ പരിപാലിക്കാം,How to take care of a weak newborn with the help of Kangaroo Mother Care
"Any liabilities civil or criminal, arising out of any incorrect data, shall solely lie with the concerned ASP.",ഏതെങ്കിലും തെറ്റായ ഡാറ്റയിൽ നിന്ന് ഉണ്ടാകുന്ന ഏതെങ്കിലും സിവിൽ അല്ലെങ്കിൽ ക്രിമിനൽ ബാധ്യതകൾ ബന്ധപ്പെട്ട എഎസ്പിയിൽ മാത്രമായിരിക്കും.,Any civil or criminal liability arising out of any incorrect data shall be on the concerned ASP only.
Poshan Tracker App is available over Google playstore https://play. google. com/store/apps/details?,ഗൂഗിൾ പ്ലേസ്റ്റോറിൽ പോഷാൻ ട്രാക്കർ ആപ്പ് ലഭ്യമാണ് https://play. google. com/store/apps/details?,The Poshan Tracker app is available on Google Play Store at https: / / play.google.com / store / apps / details
Can App be accessed without internet?,ഇന്റർനെറ്റ് ഇല്ലാതെ എ. പി. പി ആക്സസ് ചെയ്യാൻ കഴിയുമോ?,Can APP be accessed without internet?
The Government has taken several initiatives to break the intergenerational cycle of malnutrition in children.,കുട്ടികളിലെ പോഷകാഹാരക്കുറവിന്റെ അന്തർജനന ചക്രം തകർക്കാൻ സർക്കാർ നിരവധി സംരംഭങ്ങൾ എടുത്തിട്ടുണ്ട്.,The Government has taken several initiatives to break the cycle of under-nutrition among children.
"Adopting a life-cycle approach, interventions have been designed to meet the nutritional requirement of adolescent girls and boys, pregnant women, lactating mothers and children.","ഒരു ജീവിത ചക്ര സമീപനം സ്വീകരിച്ച്, കൌമാരക്കാരായ പെൺകുട്ടികളുടെയും ആൺകുട്ടികളുടെയും ഗർഭിണികളുടെയും മുലയൂട്ടുന്ന അമ്മമാരുടെയും കുട്ടികളുടെയും പോഷകാഹാര ആവശ്യങ്ങൾ നിറവേറ്റുന്നതിനായി ഇടപെടലുകൾ രൂപകൽപ്പന ചെയ്തിട്ടുണ്ട്.","Interventions are designed to meet the nutritional needs of adolescent girls, boys, pregnant women, lactating mothers and children by adopting a life cycle approach."
Awareness for Pregnancy in Preventing Anemia,അനീമിയ തടയുന്നതിൽ ഗർഭധാരണത്തിനുള്ള ബോധവൽക്കരണം,Awareness for prevention of Anaemia
"Howrah North (U) I. C. D. S. Project, Howrah","ഹൌറ നോർത്ത് (യു) ഐ. സി. ഡി. എസ്. പ്രോജക്ട്, ഹൌറ","Howrah North (U) ICDS Project, Howrah"
Birth Preparedness- For Institutional and Home Delivery,ജനന തയ്യാറെടുപ്പ്- സ്ഥാപനപരവും ഹോം ഡെലിവറിക്കും,Birth preparedness - Institutional and Home Delivery
New beneficiary addition with skip OTP option,OTP ഒഴിവാക്കിക്കൊണ്ടുള്ള പുതിയ ഗുണഭോക്താക്കളെ കൂട്ടിച്ചേർക്കൽ,Inclusion of new beneficiaries excluding OTP
We are now available on Video Conference,ഞങ്ങൾ ഇപ്പോൾ വീഡിയോ കോൺഫറൻസിലാണ്,We are now in a video conference
"Poshan Tracker App is meant for Aanganwadi workers, Anganwadi centers to enter beneficiaries data in the forms.",അംഗൻവാടി തൊഴിലാളികൾക്കും അംഗൻവാടി കേന്ദ്രങ്ങൾക്കും ഗുണഭോക്താക്കളുടെ ഡാറ്റ ഫോമുകളിൽ നൽകുന്നതിന് വേണ്ടിയാണ് പോഷൻ ട്രാക്കർ ആപ്പ്.,The POSHAN Tracker App is aimed at providing the data of the beneficiaries to the Anganwadi Workers and Anganwadi Centres in the form of forms.
It is not at all developed for general public.,ഇത് പൊതുജനങ്ങൾക്കായി വികസിപ്പിച്ചതല്ല.,This is not for the public.
Swastha Balak/Balika Spardha Mission is about celebrating the health of children in India.,Swastha Balak/Balika Spardha Mission is about celebrating the health of children in India.,Swastha Balak / Balika Spardha Mission is about celebrating the health of children in India.
It entails identification and awareness of health conditions and providing necessary support wherever required.,It entails identification and awareness of health conditions and providing necessary support wherever required.,It indicates identification and awareness of health conditions and providing adequate support wherever required.
”Our Privacy Policy applies when you use our Services (described below).,"""Our Privacy Policy applies when you use our Services (described below).",Our Privacy Policy applies when you use our Services (described below).
"This Privacy Policy is meant to help you understand what information we collect, why we collect it, and how it is used and shared.","This Privacy Policy is meant to help you understand what information we collect, why we collect it, and how it is used and shared.","This Privacy Policy is meant to help you understand what information we collect, why we collect it, and how it is used and shared."
The collecting and retaining agency in respect of your information is Ministry of Women and Child Development.,The collecting and retaining agency in respect of your information is Ministry of Women and Child Development.,The collecting and retaining agency in respect of your information is Ministry of Women and Child Development.
We are committed to protecting the security of your personal information and safeguarding your privacy.,We are committed to protecting the security of your personal information and safeguarding your privacy.,We are committed to protecting the security of your personal information and protecting your privacy.
How to revive your health if you are Underweight,നിങ്ങൾക്ക് ഭാരം കുറവാണെങ്കിൽ നിങ്ങളുടെ ആരോഗ്യം എങ്ങനെ പുനരുജ്ജീവിപ്പിക്കാം,How to restore your health if you are underweight
Can a beneficiary change his/her AWC?,ഒരു ഗുണഭോക്താവിന് അവന്റെ/അവളുടെ AWC മാറ്റാൻ കഴിയുമോ?,Can a beneficiary change his / her AWC?
"We use the information we have, to help verify accounts.",അക്കൌണ്ടുകൾ സ്ഥിരീകരിക്കാൻ സഹായിക്കുന്നതിന് ഞങ്ങളുടെ പക്കലുള്ള വിവരങ്ങൾ ഞങ്ങൾ ഉപയോഗിക്കുന്നു.,We are using the information available with us to help us authenticate the accounts.
The records may be used for verification of health status for the purposes of Poshan Tracker control and response.,പോഷൻ ട്രാക്കർ നിയന്ത്രണത്തിനും പ്രതികരണത്തിനും വേണ്ടി ആരോഗ്യ നില പരിശോധിക്കുന്നതിന് രേഖകൾ ഉപയോഗിക്കാം.,The documents may be used to check the health status for the control and response of the POSHAN tracker.
Scan the QR Code to Download the App,ആപ്പ് ഡൌൺലോഡ് ചെയ്യുന്നതിന് ക്യുആർ കോഡ് സ്കാൻ ചെയ്യുക,Scan the QR code to download the app
Who is eligible for Hot Cooked Meal?,ചൂട് പാകം ചെയ്ത ഭക്ഷണത്തിന് അർഹതയുള്ളത് ആരാണ്?,Who is eligible for hot cooked food?
Identifying and preventing Severe Acute Malnutrition,ഗുരുതരമായ പോഷകാഹാരക്കുറവ് തിരിച്ചറിയുകയും തടയുകയും ചെയ്യുക,Identify and prevent severe malnutrition
Children who are identified as deficit on nutrition are eligible for additional food supplements.,പോഷകാഹാരക്കുറവ് തിരിച്ചറിയുന്ന കുട്ടികൾക്ക് അധിക ഭക്ഷണ സപ്ലിമെന്റുകൾക്ക് അർഹതയുണ്ട്.,Children who are malnourished are entitled to additional food supplements.
Who is eligible for additional supplementary food.,അധിക സപ്ലിമെന്ററി ഭക്ഷണത്തിന് അർഹതയുള്ളവർ.,Eligible for additional supplementary food.
"Uploading of Data of Anganwadi Services Schemes in Poshan Tracker (24 May, 2021)","അംഗൻവാടി സേവന പദ്ധതികളുടെ ഡാറ്റ പോഷൻ ട്രാക്കറിൽ അപ്ലോഡ് ചെയ്യുന്നു (24 മേയ്, 2021)","Data of Anganwadi Services Schemes to be uploaded on POSHAN Tracker (24th May, 2021)"
Children between 6 months - 3 years,6 മാസം മുതൽ 3 വയസ് വരെയുള്ള ചെയ്തു,6 months to 3 years
"Ministry of Women and Child Development, Government of India, Shastri Bhawan, New Delhi","വനിതാ-ശിശു വികസന മന്ത്രാലയം, ഇന്ത്യാ ഗവൺമെന്റ്, ശാസ്ത്ര ഭവൻ, ന്യൂഡൽഹി","Ministry of Women and Child Development, Government of India, Vigyan Bhawan, New Delhi"
Care of the weak newborn baby - How many weak babies are we missing?,ആഴ്ചയിലെ നവജാത ശിശുവിന്റെ സംരക്ഷണം - എത്ര ആഴ്ചകളിലെ കുഞ്ഞുങ്ങളെ നമുക്ക് കാണാതാവുന്നു?,Protecting the Newborn of the Week - How many weeks old are we missing?
Underweight children who received Supplementary Nutrition,സപ്ലിമെന്ററി പോഷകാഹാരം ലഭിച്ച ഭാരക്കുറവുള്ള കുട്ടികൾ,Children with undernourished children
Identification and care of a Weak Newborn baby,ദുർബലമായ നവജാത ശിശുവിന്റെ തിരിച്ചറിയലും പരിചരണവും,Identification and Care of a Vulnerable Newborn
1.2. Information from use of services.,1.2. സേവനങ്ങളുടെ ഉപയോഗത്തിൽ നിന്നുള്ള വിവരങ്ങൾ.,1.2 Data on use of services.
Please contact your respective Anganwadi Centre.,ദയവായി നിങ്ങളുടെ അങ്കണവാടി കേന്ദ്രവുമായി ബന്ധപ്പെടുക.,Please contact your Anganwadi Centre.
GOBARDANGA I. C. D. S PROJECT(U),ഗോബർദംഗ ഐസിഡിഎസ് പ്രോജക്ട്(യു),Gobardanga ICDS Project (U)
Please fill in the form below to create a new ticket.,ഒരു പുതിയ ടിക്കറ്റ് സൃഷ്ടിക്കാൻ ചുവടെയുള്ള ഫോം പൂരിപ്പിക്കുക.,To create a new ticket fill the form below.
Anganwadi Worker will reach out to you within 48 hours.,അംഗൻവാടി വർക്കർ 48 മണിക്കൂറിനുള്ളിൽ നിങ്ങളെ ബന്ധപ്പെടും.,Anganwadi workers will contact you within 48 hours.
Your request is received.Please note down the ticket number for future reference.,നിങ്ങളുടെ അപേക്ഷ സ്വീകരിച്ചിരിക്കുന്നു ഭാവി ഉപയോഗത്തിനായി ടിക്കറ്റ് നമ്പർ ദയവായി നോട്ട് ചെയ്യുക,Your application has been accepted. Please note down the ticket number for future use
Is poshan trackers app available over Apple I Store also?,ആപ്പിൾ ഐ സ്റ്റോറിലും പോഷൻ ട്രാക്ക് ആപ്ലിക്കേഷൻ ലഭ്യമാണോ?,Is the Potion Track app also available on Apple iStore?
Number of records becoming inactive and number of records migrating from one category to another,"പ്രവർത്തനരഹിതമാകുന്ന റെക്കോർഡുകളുടെ എണ്ണം, ഒരു വിഭാഗത്തിൽ നിന്നും മറ്റൊന്നിലേക്ക് മാറുന്ന റെക്കോർഡുകളുടെ എണ്ണം","Number of records to be disabled, number of records to be transferred from one category to another"
In How many languages the Poshan Tracker App is available?,പോഷാൻ ട്രാക്കർ ആപ്പ് എത്ര ഭാഷകളിൽ ലഭ്യമാണ്?,In how many languages is the Poshan Tracker App available?
AWWs are requested to enter their mobile numbers in the Login screen.,എഒപ്പംഒപ്പം- കൾ അവരുടെ മൊബൈൽ നമ്പറുകൾ ലോഗിൻ സ്ക്രീനിൽ നൽകാൻ അഭ്യർത്ഥിക്കുന്നു.,The applicants are requested to provide their mobile numbers on the login screen.
"An OTP will be sent to your registered mobile number, post which you are required too set your MPIN.","നിങ്ങളുടെ രജിസ്റ്റർ ചെയ്ത മൊബൈൽ നമ്പറിലേക്ക് ഒരു ഒടിപി അയയ്ക്കും, നിങ്ങൾക്കാവശ്യമുള്ള പോസ്റ്റും നിങ്ങളുടെ എംപിഎൻ സജ്ജമാക്കുക.","An OTP will be sent to your registered mobile number, and you will be asked to set up the post you want."
Measles Containing vaccine (MCV)/MR-2JE-2**DiphtheriaPertussis & Tetanus (DPT)-Booster-1OPV –Booster,അഞ്ചാംപനി അടങ്ങിയ വാക്സിൻ (MCV)/MR-2JE-2**ഡിഫ്തീരിയപെർട്ടുസിസ് & ടെറ്റനസ് (DPT)-ബൂസ്റ്റർ-1OPV -ബൂസ്റ്റർ,Vaccine (MCV) / MR-2JE-2 * Diphtheria pertussis & tetanus (DPT) -booster 1OPV-booster
The Poshan Tracker enables real-time monitoring and tracking of all AWCs and beneficiaries on defined indicators.,നിർവചിക്കപ്പെട്ട സൂചകങ്ങളിൽ എല്ലാ AWC-കളുടെയും ഗുണഭോക്താക്കളുടെയും തത്സമയ നിരീക്ഷണവും ട്രാക്കിംഗും പോഷൻ ട്രാക്കർ പ്രാപ്തമാക്കുന്നു.,POSHAN tracker enables real time monitoring and tracking of all AWCs and beneficiaries on defined indicators.
It is built using centralized data architecture that also aligns with the digital technology systems of other ministries and programs.,"കേന്ദ്രീകൃത ഡാറ്റ ആർക്കിടെക്ചർ ഉപയോഗിച്ചാണ് ഇത് നിർമ്മിച്ചിരിക്കുന്നത്, അത് മറ്റ് മന്ത്രാലയങ്ങളുടെയും പ്രോഗ്രാമുകളുടെയും ഡിജിറ്റൽ സാങ്കേതിക സംവിധാനങ്ങളുമായി വിന്യസിക്കുന്നു.",It is built on a centralized data architecture that integrates digital technology systems of other ministries and programs.
The public dashboard helps to impart transparency on services delivered to beneficiaries,ഗുണഭോക്താക്കൾക്ക് നൽകുന്ന സേവനങ്ങളിൽ സുതാര്യത നൽകാൻ പൊതു ഡാഷ്ബോർഡ് സഹായിക്കുന്നു,Public Dashboard helps in Transparency in Services to Beneficiaries
Translations on the Poshan Tracker Portal & App Chabot are done by third party translators.,പോഷൻ ട്രാക്കർ പോർട്ടലിലെയും ആപ്പ് ചാബോട്ടിലെയും വിവർത്തനങ്ങൾ മൂന്നാം കക്ഷി വിവർത്തകരാണ് ചെയ്യുന്നത്.,Translations on the Potion Tracker Portal and App Chatbot are done by third party interpreters.
"While the translations are done on a best effort basis, some of the parts may be incorrect.","വിവർത്തനങ്ങൾ മികച്ച പ്രയത്നത്തിന്റെ അടിസ്ഥാനത്തിലാണെങ്കിലും, ചില ഭാഗങ്ങൾ തെറ്റായിരിക്കാം.","Though translations are based on good effort, some parts may be wrong."
Certain files and other items on the website cannot be translated.,വെബ്സൈറ്റിലെ ചില ഫയലുകളും മറ്റ് ഇനങ്ങളും വിവർത്തനം ചെയ്യാൻ കഴിയില്ല.,Some files and other items on the website cannot be translated.
"In addition, on translation, some applications and/or services may not function as expected, due to language barriers.","കൂടാതെ, പരിഭാഷയിൽ, ഭാഷാ തടസ്സങ്ങൾ കാരണം ചില ആപ്ലിക്കേഷനുകളും കൂടാതെ/അല്ലെങ്കിൽ സേവനങ്ങളും പ്രതീക്ഷിച്ച പോലെ പ്രവർത്തിച്ചേക്കില്ല.","Also, in translation, some applications and / or services may not work as expected due to language barriers."
"We are working constantly to rectify any errors, omissions, or ambiguities in the translations provided on this portal.",ഈ പോർട്ടലിൽ നൽകിയിരിക്കുന്ന വിവർത്തനങ്ങളിലെ തെറ്റുകളോ ഒഴിവാക്കലുകളോ അവ്യക്തതകളോ തിരുത്താൻ ഞങ്ങൾ നിരന്തരം പ്രവർത്തിക്കുന്നു.,"We are constantly working to correct the errors, omissions and ambiguities in the translations provided on this portal."
"The MGRS collected primary growth data and related information from approximately 8500 children from widely different ethnic backgrounds and cultural settings (Brazil, Ghana, India, Norway, Oman and the USA)","വിവിധ വംശീയ പശ്ചാത്തലങ്ങളിൽ നിന്നും സാംസ്കാരിക പശ്ചാത്തലങ്ങളിൽ നിന്നുമുള്ള (ബ്രസീൽ, ഘാന, ഇന്ത്യ, നോർവേ, ഒമാൻ, യുഎസ്എ) ഏകദേശം 8500 കുട്ടികളിൽ നിന്ന് പ്രാഥമിക വളർച്ചാ വിവരങ്ങളും അനുബന്ധ വിവരങ്ങളും MGRS ശേഖരിച്ചു","MGRS collects primary growth data and related data from around 8500 children from different ethnic and cultural backgrounds (Brazil, Ghana, India, Norway, Oman, USA)"
Children of different age groups are monitored on monthly basis by AWWs.,വിവിധ പ്രായത്തിലുള്ള കുട്ടികളെ AWW-കൾ പ്രതിമാസം നിരീക്ഷിക്കുന്നു.,AWWs monitor children of different ages on a monthly basis.
"Health indicators like Stunting, Wasting and Underweight prevalence are measured as per WHO standards.","ആരോഗ്യ സൂചകങ്ങളായ മുരടിപ്പ്, ക്ഷീണം, ഭാരക്കുറവ് എന്നിവയുടെ വ്യാപനം ലോകാരോഗ്യ സംഘടനയുടെ മാനദണ്ഡങ്ങൾക്കനുസരിച്ചാണ് അളക്കുന്നത്.","The prevalence of health indicators like obesity, fatigue and weight loss are measured in accordance with WHO standards."
Regular growth monitoring helps AWWs to provide relevant and timely assistance to children,ക്രമമായ വളർച്ചാ നിരീക്ഷണം കുട്ടികൾക്ക് പ്രസക്തവും സമയബന്ധിതവുമായ സഹായം നൽകാൻ AWW-കളെ സഹായിക്കുന്നു,Regular growth monitoring helps AWWs to provide relevant and timely support to children
"Awareness for Children Stunting, Wasting to prevent malnutrition in children","കുട്ടികളിലെ പോഷകാഹാരക്കുറവ് തടയാൻ കുട്ടികൾക്കുള്ള ബോധവൽക്കരണം മുരടിപ്പ്, പാഴാക്കൽ",Awareness drive to prevent malnutrition among children
Poshan Tracker adds new application features,പോഷൺട്രാക്കർ പുതിയ ആപ്ലിക്കേഷൻ ഫീച്ചറുകൾ ചേർക്കുന്നു,PoshanTracker adds new app features
Making or Updating Home Visit Planner and Initiating home visits,ഹോം വിസിറ്റ് പ്ലാനർ ഉണ്ടാക്കുകയോ അപ്ഡേറ്റ് ചെയ്യുകയോ ഹോം സന്ദർശനങ്ങൾ ആരംഭിക്കുകയോ ചെയ്യുക,Create or update a Home Visit Planner or start home visits
Poshan Calculator is designed to measure growth of the child based on standards defined by World Health Organization (WHO),ലോകാരോഗ്യ സംഘടന (ഡബ്ല്യുഎച്ച്ഒ) നിർവചിച്ചിരിക്കുന്ന മാനദണ്ഡങ്ങളെ അടിസ്ഥാനമാക്കി കുട്ടിയുടെ വളർച്ച അളക്കുന്നതിനാണ് പോഷൻ കാൽക്കുലേറ്റർ രൂപകൽപ്പന ചെയ്തിരിക്കുന്നത്,The POSHAN calculator is designed to measure the growth of a child based on the criteria defined by the World Health Organization (WHO)
Migrated from one category to another,ഒരു വിഭാഗത്തിൽ നിന്നും മറ്റൊന്നിലേക്ക് മാറി,Moving from one category to another
It usually occurs when a person has not had food of adequate quality and quantity and/or they have had frequent or prolonged illnesses,ഒരു വ്യക്തിക്ക് വേണ്ടത്ര ഗുണനിലവാരവും അളവും ഉള്ള ഭക്ഷണം ഇല്ലെങ്കിൽ കൂടാതെ/അല്ലെങ്കിൽ അവർക്ക് ഇടയ്ക്കിടെ അല്ലെങ്കിൽ നീണ്ടുനിൽക്കുന്ന അസുഖങ്ങൾ ഉണ്ടാകുമ്പോഴാണ് ഇത് സാധാരണയായി സംഭവിക്കുന്നത്,It usually occurs when an individual does not have adequate quality and quantity of food and / or has frequent or chronic illnesses.
Malnutrition is one of the most important challenges facing contemporary India.,സമകാലിക ഇന്ത്യ നേരിടുന്ന ഏറ്റവും പ്രധാനപ്പെട്ട വെല്ലുവിളിയാണ് പോഷകാഹാരക്കുറവ്.,Malnutrition is one of the most pressing challenges facing contemporary India.
Nutrition is acknowledged as central to the achievement of National and Global Sustainable Development Goals.,"ദേശീയ, ആഗോള സുസ്ഥിര വികസന ലക്ഷ്യങ്ങളുടെ നേട്ടത്തിന്റെ കേന്ദ്രമായി പോഷകാഹാരം അംഗീകരിക്കപ്പെട്ടിരിക്കുന്നു.",Nutrition has been recognized as central to achieving national and global Sustainable Development Goals.
"Optimum and appropriate nutrition is essential for women and children to survive, thrive and break the intergenerational cycle of poor health and poverty in the community.",സമൂഹത്തിലെ മോശം ആരോഗ്യത്തിൻറെയും ദാരിദ്ര്യത്തിൻറെയും അന്തർജനന ചക്രം അതിജീവിക്കാനും അഭിവൃദ്ധി പ്രാപിക്കാനും തകർക്കാനും സ്ത്രീകൾക്കും കുട്ടികൾക്കും ഒപ്റ്റിമലും ഉചിതമായ പോഷകാഹാരവും ആവശ്യമാണ്.,"Women and children need Optimal and proper nutrition to survive, thrive and break the vicious cycle of ill health and poverty in society."
"Poshan Abhiyaan is India’s flagship programme to improve nutritional outcomes for children, adolescents, pregnant women and lactating mothers by leveraging technology, a targeted approach and convergence.",കുട്ടികൾക്കും ക o മാരക്കാർക്കും മുൻഗണനകൾക്കുമുള്ള പോഷക ഫലങ്ങൾ മെച്ചപ്പെടുത്തുന്നതിനുള്ള ഇന്ത്യയുടെ മുൻനിര പദ്ധതിയാണ് പോഷൻ അഭിയാൻ.,"POSHAN Abhiyaan is India's flagship programme to improve nutritional outcomes for children, adolescents and adolescents."
Hot Cooked Meal (HCM) given in last 30 days,കഴിഞ്ഞ 30 ദിവസത്തിനുള്ളിൽ നൽകിയ ചൂടുള്ള വേവിച്ച ഭക്ഷണം (HCM),Hot Cooked Meals (HCM) served during last 30 days
Uploading of Data of Anganwadi Services Schemes in Poshan Tracker,അങ്കണവാടി സേവന പദ്ധതികളുടെ ഡാറ്റ പോഷൻ ട്രാക്കറിൽ അപ്ലോഡ് ചെയ്യുന്നു,Data of Anganwadi Services being uploaded in POSHAN tracker
How can one Download Poshan Tracker App?,ഒരാൾക്ക് എങ്ങനെ പോഷാൻ ട്രാക്കർ എ. പി. പി ഡൌൺലോഡുചെയ്യാനാകും?,How can one download the Poshan Tracker APP?
"Clarification regarding Cost of Smart phones (03 June, 2021)","സ്മാർട്ട് ഫോണുകളുടെ വില സംബന്ധിച്ച വിശദീകരണം (03 ജൂൺ, 2021)","Clarification regarding Price of Smartphones (June 03, 2021)"
along with status update once resolved,പരിഹരിച്ചു കഴിഞ്ഞാൽ സ്റ്റാറ്റസ് അപ്ഡേറ്റ് ചെയ്യണം,Update status when resolved
"The Poshan Tracker system is regularly audited by auditors engaged by MWCD, for security and scalability of the system.",സിസ്റ്റത്തിന്റെ സുരക്ഷയ്ക്കും സ്കേലബിളിറ്റിക്കുമായി എംഡബ്ല്യുസിഡി ഏർപ്പെട്ടിരിക്കുന്ന ഓഡിറ്റർമാരാൽ പോഷൻ ട്രാക്കർ സിസ്റ്റം പതിവായി ഓഡിറ്റ് ചെയ്യപ്പെടുന്നു.,The Potion Tracker System is regularly audited by auditors engaged by MWCD for security and scalability of the system.
The records may be used for such audits.,അത്തരം ഓഡിറ്റുകൾക്ക് രേഖകൾ ഉപയോഗിക്കാം.,Such audits can be used for documents.
Poshan Tracker adds new Resources on Website,പോഷൺട്രക്കർ വെബ്സൈറ്റിൽ പുതിയ ഉറവിടങ്ങൾ ചേർക്കുന്നു,Adding new resources to the website
"If this is your first time contacting us or you've lost the ticket number, please open a new ticket","നിങ്ങൾ ആദ്യമായി ഞങ്ങളെ ബന്ധപ്പെടുകയോ ടിക്കറ്റ് നമ്പർ നഷ്ടപ്പെടുകയോ ചെയ്താൽ, ദയവായി ഒരു പുതിയ ടിക്കറ്റ് തുറക്കുക","If you first contact us or lose your ticket number, please open a new ticket"
"Technology under Poshan Tracker is being leveraged for dynamic identification of stunting, wasting, under-weight prevalence among children and last mile tracking of nutrition service delivery","കുട്ടികൾക്കിടയിലെ വളർച്ച മുരടിപ്പ്, ക്ഷീണം, ഭാരക്കുറവ് എന്നിവയുടെ ചലനാത്മകമായ തിരിച്ചറിയൽ, പോഷകാഹാര സേവന വിതരണത്തിന്റെ അവസാന മൈൽ ട്രാക്കിംഗ് എന്നിവയ്ക്കായി പോഷൻ ട്രാക്കറിന് കീഴിലുള്ള സാങ്കേതികവിദ്യ പ്രയോജനപ്പെടുത്തുന്നു","The technology under the POSHAN tracker is being used for dynamic identification of stunting, fatigue and weight loss in children, and for last mile tracking of nutrition service delivery"
The System also takes feedback about system performance and experience.,സിസ്റ്റം പ്രകടനത്തെക്കുറിച്ചും അനുഭവത്തെക്കുറിച്ചും സിസ്റ്റം ഫീഡ്ബാക്ക് എടുക്കുന്നു.,System feedback takes into account system performance and experience.
"Information on name, mobile number, date of registration and health status may be used for these purposes","പേര്, മൊബൈൽ നമ്പർ, രജിസ്ട്രേഷൻ തീയതി, ആരോഗ്യ നില എന്നിവയെ കുറിച്ചുള്ള വിവരങ്ങൾ ഈ ആവശ്യങ്ങൾക്ക് ഉപയോഗിക്കാം","Information such as name, mobile number, registration date and health status can be used for these purposes"
"We collect the content and other information that you provide when you use our Services, including when you sign up for an account.",നിങ്ങൾ ഒരു അക്കൌണ്ടിനായി സൈൻ അപ്പ് ചെയ്യുമ്പോൾ ഉൾപ്പെടെ ഞങ്ങളുടെ സേവനങ്ങൾ ഉപയോഗിക്കുമ്പോൾ നിങ്ങൾ നൽകുന്ന ഉള്ളടക്കവും മറ്റ് വിവരങ്ങളും ഞങ്ങൾ ശേഖരിക്കുന്നു.,"We collect the content and other information you provide when you use our services, including when you sign up for an account."
"You may, however, choose not to share personal data where providing the data is optional.","എന്നിരുന്നാലും, ഡാറ്റ നൽകുന്നത് ഓപ്ഷണൽ ആയിരിക്കുന്നിടത്ത് വ്യക്തിഗത ഡാറ്റ പങ്കിടരുതെന്ന് നിങ്ങൾക്ക് തിരഞ്ഞെടുക്കാം.","However, you can choose not to share personal data where it is optional to provide data."
Tracking of services to the end beneficiary at a click of a button.,ഒരു ബട്ടണിന്റെ ഒരു ക്ലിക്കിലൂടെ അന്തിമ ഗുണഭോക്താവിലേക്കുള്ള സേവനങ്ങളുടെ ട്രാക്കിംഗ്.,Tracking services to the ultimate beneficiary with one click of a button.
"Services like Take Home Ration (THR) and Hot cooked Meal (HCM), vaccination for Infants and Pregnant Women","ടേക്ക് ഹോം റേഷൻ (THR), ഹോട്ട് കുക്ക്ഡ് മീൽ (HCM), ശിശുക്കൾക്കും ഗർഭിണികൾക്കും വാക്സിനേഷൻ പോലുള്ള സേവനങ്ങൾ","Services like Take Home Ration (THR), Hot Cooked Meal (HCM), Vaccination for Infants and Pregnant Women"
"New Poshan Tracker App (13 January, 2021)","പുതിയ പോഷൻ ട്രാക്കർ ആപ്പ് (13 ജനുവരി, 2021)","New Potion Tracker App (13th January, 2021)"
Preventing illnesses to avert Malnutrition and Death,പോഷകാഹാരക്കുറവും മരണവും ഒഴിവാക്കാൻ രോഗങ്ങൾ തടയുന്നു,Prevents Malnutrition and Mortality
Scan the QR Code to Download the App,ആപ്പ് ഡൌൺലോഡ് ചെയ്യാൻ QR കോഡ് സ്കാൻ ചെയ്യുക,Scan the QR code to download the app
Pregnant women who received Take Home Ration (THR),ടേക്ക് ഹോം റേഷൻ (THR) സ്വീകരിച്ച ഗർഭിണികൾ,Pregnant Women Received Take Home Ration (THR)
General Awareness on SAM and MAM,"SAM, MAM എന്നിവയെക്കുറിച്ചുള്ള പൊതുവായ അവബോധം",General Awareness about SAM and MAM
"App can be accessed offline, currently daily tracking feature is available for offline data entry.Offline mode can store latest 3 days data.","ഇല്ല, സാധുവായ ഇന്റർനെറ്റ് കണക്ഷൻ ഇല്ലാതെ അപ്ലിക്കേഷൻ പ്രവർത്തിക്കുന്നില്ല.","No, the app does not work without a valid internet connection."
These organizations will not use the APIs/ No-code webpage integration to encourage or promote illegal activity or violation of third-party rights including these Terms with Poshan Tracker.,പോഷൻ ട്രാക്കറുമായുള്ള ഈ നിബന്ധനകൾ ഉൾപ്പെടെയുള്ള നിയമവിരുദ്ധമായ പ്രവർത്തനം അല്ലെങ്കിൽ മൂന്നാം കക്ഷി അവകാശങ്ങളുടെ ലംഘനം പ്രോത്സാഹിപ്പിക്കാനോ പ്രോത്സാഹിപ്പിക്കാനോ ഈ ഓർഗനൈസേഷനുകൾ API-കൾ/കോഡ് നോ-കോഡ് വെബ്പേജ് സംയോജനം ഉപയോഗിക്കില്ല.,These organizations will not use the API / code no-code webpage combination to promote or encourage unlawful activity including these provisions with POSHAN tracker or violation of third party rights.
"Pregnant Women, Lactating Mothers, Children from 6 months to 3 years and adolescent girls.","ഗർഭിണികൾ, മുലയൂട്ടുന്ന അമ്മമാർ, 6 മാസം മുതൽ 3 വയസ്സ് വരെയുള്ള കുട്ടികൾ, കൌമാരക്കാരായ പെൺകുട്ടികൾ.","Pregnant women, lactating mothers, children between the age of 6 months and 3 years, adolescent girls."
"New Poshan Tracker App : CSC-SPV Nodal Person (02 February, 2021)","പുതിയ പോഷൻ ട്രാക്കർ അപ്ലിക്കേഷൻഃ സിഎസ്സി-എസ്പിവി നോഡൽ പേഴ്സൺ (02 ഫെബ്രുവരി, 2021)","New Potion Tracker App: CSC-SPV Nodal Person (February 02, 2021)"
An AWW can use ‘Migrate Beneficiary’ option to migrate a beneficiary from one AWC to another AWC basis their Aadhaar number.,AWW-ന് അവരുടെ ആധാർ നമ്പർ അടിസ്ഥാനമാക്കി ഒരു AWC-യിൽ നിന്ന് മറ്റൊരു AWC-ലേക്ക് ഒരു ഗുണഭോക്താവിനെ മൈഗ്രേറ്റ് ചെയ്യാൻ 'മൈഗ്രേറ്റ് ബെനിഫിഷ്യറി' ഓപ്ഷൻ ഉപയോഗിക്കാം.,AWW can use the 'Migrate Beneficiary' option to migrate a beneficiary from one AWC to another based on their Aadhaar number.
A beneficiary is eligible for HCM for at least 21 days in a month.,ഒരു ഗുണഭോക്താവിന് ഒരു മാസത്തിൽ കുറഞ്ഞത് 21 ദിവസത്തേക്ക് HCM-ന് അർഹതയുണ്ട്.,A beneficiary is entitled to HCM for a minimum period of 21 days in a month.
ABHA (Health ID) and its Benefits,ABHA (ഹെൽത്ത് ഐഡി) അതിന്റെ ഗുണങ്ങളും,ABHA (Health ID) and its benefits
"We'ar sorry, the page you requested could not be found.","ക്ഷമിക്കണം, നിങ്ങൾ അഭ്യർത്ഥിച്ച പേജ് കണ്ടെത്താൻ കഴിഞ്ഞില്ല.","Sorry, the page you requested could not be found."
Dadra & Nagar Haveli - Daman & Diu,ദാദ്ര & നഗർ ഹവേലി - ദാമൻ ആൻഡ് ദിയു,Dadra & Nagar Haveli Daman & Diu
Download Mobile App from Play Store,പ്ലേ സ്റ്റോറിൽ നിന്ന് മൊബൈൽ ആപ്പ് ഡൌൺലോഡ് ചെയ്യുക,Download the app from the Play Store
General Awareness on the Delivery of the child,കുട്ടിയുടെ പ്രസവത്തെക്കുറിച്ചുള്ള പൊതു അവബോധം,Public Awareness of Childbirth
"We also use the data to operate our services, which includes analyzing our performance, meeting our legal obligations, developing our workforce, and doing research.","ഞങ്ങളുടെ സേവനങ്ങൾ പ്രവർത്തിപ്പിക്കുന്നതിനും ഞങ്ങൾ ഡാറ്റ ഉപയോഗിക്കുന്നു, അതിൽ ഞങ്ങളുടെ പ്രകടനം വിശകലനം ചെയ്യുക, ഞങ്ങളുടെ നിയമപരമായ ബാധ്യതകൾ നിറവേറ്റുക, ഞങ്ങളുടെ തൊഴിൽ ശക്തി വികസിപ്പിക്കുക, ഗവേഷണം ചെയ്യുക എന്നിവ ഉൾപ്പെടുന്നു.","We also use data to run our services, which includes analysing our performance, fulfilling our legal obligations, developing our workforce, and doing research."
Where can I enquire about Hot Cooked Meal?,ചൂട് പാകം ചെയ്ത ഭക്ഷണത്തെക്കുറിച്ച് എനിക്ക് എവിടെ അന്വേഷിക്കാനാകും?,Where Can I Find the Hot Cooked Food?
"The Site may contain links to other websites that may not be owned, maintained, or operated by us.",ഞങ്ങളുടെ ഉടമസ്ഥതയിലുള്ളതോ പരിപാലിക്കുന്നതോ പ്രവർത്തിപ്പിക്കാത്തതോ ആയ മറ്റ് വെബ്സൈറ്റുകളിലേക്കുള്ള ലിങ്കുകൾ സൈറ്റിൽ അടങ്ങിയിരിക്കാം.,"The site may contain links to other websites that are owned, maintained or not operated by us."
"The fact that these websites are linked, does not indicate any endorsement of these websites from us, since we do have any control over these websites.","ഈ വെബ്സൈറ്റുകൾ ലിങ്ക് ചെയ്തിരിക്കുന്നു എന്ന വസ്തുത ഞങ്ങളിൽ നിന്നുള്ള ഈ വെബ്സൈറ്റുകളുടെ ഏതെങ്കിലും അംഗീകാരത്തെ സൂചിപ്പിക്കുന്നില്ല, കാരണം ഈ വെബ്സൈറ്റുകളിൽ ഞങ്ങൾക്ക് എന്തെങ്കിലും നിയന്ത്രണമുണ്ട്.",The fact that these websites are linked does not indicate any recognition of these websites from us because we have some restriction on these websites.
We are not responsible for these websites including any content or the privacy practices of these websites.,ഈ വെബ്സൈറ്റുകളുടെ ഏതെങ്കിലും ഉള്ളടക്കമോ സ്വകാര്യതാ രീതികളോ ഉൾപ്പെടെയുള്ള ഈ വെബ്സൈറ്റുകൾക്ക് ഞങ്ങൾ ഉത്തരവാദികളല്ല.,We are not responsible for any content or privacy practices of these websites.
We strongly encourage you to familiarize yourself with the terms of use of these websites.,ഈ വെബ്സൈറ്റുകളുടെ ഉപയോഗ നിബന്ധനകൾ സ്വയം പരിചയപ്പെടാൻ ഞങ്ങൾ നിങ്ങളെ ശക്തമായി പ്രോത്സാഹിപ്പിക്കുന്നു.,We strongly encourage you to familiarize yourself with the terms of use of these websites.
Your use of these websites is at your own risk and peril.,ഈ വെബ്സൈറ്റുകളുടെ നിങ്ങളുടെ ഉപയോഗം നിങ്ങളുടെ സ്വന്തം ഉത്തരവാദിത്തത്തിലും അപകടത്തിലുമാണ്.,Your use of these websites is at risk of your own responsibility.
In how many languages AWW can enter the data while filling up the form?,ഫോം പൂരിപ്പിക്കുമ്പോൾ എഒപ്പംഒപ്പം അല്ലെങ്കിൽ AWC എത്ര ഭാഷകളിൽ ഡാറ്റ നൽകാൻ കഴിയും?,How many languages or AWCs can provide data at the time of filling the form?
Children who are identified as deficit on nutrition are eligible for additional food supplements.,പോഷകാഹാരക്കുറവ് തിരിച്ചറിയുന്ന കുട്ടികൾക്ക് അധിക ഭക്ഷണ സപ്ലിമെന്റുകൾക്ക് അർഹതയുണ്ട്.,Children who are malnourished are entitled to additional food supplements.
An underweight person is a person whose body weight is considered too low to be healthy,ശരീരഭാരം വളരെ കുറവാണെന്ന് കരുതുന്ന ഒരു വ്യക്തിയെയാണ് ഭാരക്കുറവുള്ള വ്യക്തി എന്ന് പറയുന്നത്,A person who is considered underweight is called a underweight person
When and how to use MPIN?,"എംപിൻ എപ്പോൾ, എങ്ങനെ ഉപയോഗിക്കണം?",How and when to use it?
Ensuring that complementary feeding improves over time,പൂരക ഭക്ഷണം കാലക്രമേണ മെച്ചപ്പെടുന്നുവെന്ന് ഉറപ്പാക്കുന്നു,Supplementary food ensures that it improves over time
Using ABHA (Health ID) is the first step towards creating safer and efficient digital health records for you and your family.,നിങ്ങൾക്കും നിങ്ങളുടെ കുടുംബത്തിനും സുരക്ഷിതവും കാര്യക്ഷമവുമായ ഡിജിറ്റൽ ഹെൽത്ത് റെക്കോർഡുകൾ സൃഷ്ടിക്കുന്നതിനുള്ള ആദ്യപടിയാണ് ABHA (ഹെൽത്ത് ഐഡി) ഉപയോഗിക്കുന്നത്.,ABHA (Health ID) is the first step towards creating safe and effective digital health records for you and your family.
ABHA (earlier known as Health ID) is an acronym for Ayushman Bharat Health Account.,ആയുഷ്മാൻ ഭാരത് ഹെൽത്ത് അക്കൌണ്ടിന്റെ ചുരുക്കപ്പേരാണ് ABHA (നേരത്തെ ഹെൽത്ത് ഐഡി എന്നറിയപ്പെട്ടിരുന്നത്).,ABHA (formerly known as Health ID) is an acronym for Ayushman Bharat Health Account
AWW/AWCs can only be added by nodal level official.Anybody in the above rank in the hierarchy.,"AWW / AWC- കൾ നോഡൽ ലെവൽ ഉദ്യോഗസ്ഥർക്ക് മാത്രമേ ചേർക്കാൻ കഴിയൂ.ശ്രേണിയിൽ മുകളിലുള്ള റംഗിലുള്ള ആരെങ്കിലും.ദേശീയ തലത്തിലുള്ള ഉപയോക്താവിന് സംസ്ഥാന, ജില്ല, പ്രോജക്റ്റ്, മേഖല തലത്തിലുള്ള ഉപയോക്താക്കളെ സൃഷ്ടിക്കാൻ കഴിയും.സംസ്ഥാനതലത്തിലുള്ള ഉപയോക്താവിന് ജില്ല, പ്രോജക്റ്റ്, സെക്ടർ ലെവൽ ഉപയോക്താക്കളെ സൃഷ്ടിക്കാൻ കഴിയും, ജില്ലാതല ഉപയോക്താവിന് പ്രോജക്റ്റ്, സെക്ടർ ലെവൽ ഉപയോക്താവിനെ സൃഷ്ടിക്കാൻ കഴിയും, പ്രോജക്റ്റ് ലെവൽ ഉപയോക്താവിന് സെക്ടർ ലെവൽ യൂസർ.ക സൃഷ്ടിക്കാൻ കഴിയും.","AWWs / AWCs can only be added by nodal level officers. anyone in the range above. A national level user can create a state, district, project and regional level user. A state level user can create a district, project and sector level user, a district level user can create a project and a sector level user can create a sector level user."
Where can I enquire about take home ration?,റേഷൻ വീട്ടിലേക്ക് കൊണ്ടുപോകുന്നതിനെക്കുറിച്ച് എനിക്ക് എവിടെ അന്വേഷിക്കാനാകും?,Where can I find out about taking the ration home?
We use the information we collect from all our services for the following purposes:,ഞങ്ങളുടെ എല്ലാ സേവനങ്ങളിൽ നിന്നും ഞങ്ങൾ ശേഖരിക്കുന്ന വിവരങ്ങൾ ഇനിപ്പറയുന്ന ആവശ്യങ്ങൾക്കായി ഞങ്ങൾ ഉപയോഗിക്കുന്നുഃ,The information we collect from all our services is used for the following purposes:
Identification & Referral of Sick Newborn,അസുഖമുള്ള നവജാതശിശുവിനെ തിരിച്ചറിയലും റഫറലും,Identification and Referral of Sick Newborn
 XIV. CORRECTNESS OF DATA PROVIDED BY THIRD PARTY SYSTEMS, XIV. മൂന്നാം കക്ഷി സംവിധാനങ്ങൾ നൽകുന്ന ഡാറ്റയുടെ കൃത്യത,XIV. Accuracy of data provided by third party systems
Who is eligible for Take Home Ration?,ടേക്ക് ഹോം റേഷൻ ലഭിക്കാൻ അർഹതയുള്ളത് ആരാണ്?,Who is eligible for Take Home Ration?
Supporting mothers with issues in Breastfeeding,മുലയൂട്ടൽ പ്രശ്നങ്ങളുള്ള അമ്മമാരെ പിന്തുണയ്ക്കുന്നു,Support to Mothers with lactating mothers
"The proposed system should enable real-time monitoring and tracking of all AWCs, AWWs and beneficiaries on the defined indicators.","നിർദ്ദിഷ്ട സൂചകങ്ങളിൽ എല്ലാ എഡബ്ല്യുസി, എഡബ്ല്യുഡബ്ല്യു, ഗുണഭോക്താക്കൾ എന്നിവരുടെ തത്സമയ നിരീക്ഷണവും ട്രാക്കുചെയ്യലും നിർദ്ദിഷ്ട സംവിധാനം പ്രാപ്തമാക്കണം.","In the proposed indicators, real-time monitoring and tracking of all AWCs, AWWs and beneficiaries should be enabled."
Above standards are defined as per given above mentioned age brackets,മുകളിൽ പറഞ്ഞിരിക്കുന്ന പ്രായപരിധി അനുസരിച്ച് മുകളിലുള്ള മാനദണ്ഡങ്ങൾ നിർവചിച്ചിരിക്കുന്നു,The above criteria are defined based on the above mentioned age limit
"If a person is underweight, their body may not be getting the nutrients it needs to build healthy bones, skin and hair","ഒരു വ്യക്തിക്ക് ഭാരക്കുറവുണ്ടെങ്കിൽ, ആരോഗ്യമുള്ള എല്ലുകൾ, ചർമ്മം, മുടി എന്നിവ നിർമ്മിക്കുന്നതിന് ആവശ്യമായ പോഷകങ്ങൾ ശരീരത്തിന് ലഭിച്ചേക്കില്ല","If a person is underweight, the body may not be getting enough nutrients to build healthy bones, skin and hair"
MPIN can be set by respective Anganwadi worker by requesting an OTP against his/her mobile number.,ബന്ധപ്പെട്ട അംഗൻവാടി പ്രവർത്തകന് അവന്റെ / അവളുടെ മൊബൈൽ നമ്പറിനെതിരെ ഒരു ഒടിപി അഭ്യർത്ഥിച്ച് എംപിഎൻ സജ്ജമാക്കാൻ കഴിയും.,The concerned Anganwadi worker can set up the MPN by requesting an OTP against his / her mobile number
"If Mobile number is already present in the database, the respective Anganwadi person will receive 4 digits OTP on registered mobile number.","മൊബൈൽ നമ്പർ ഇതിനകം ഡാറ്റാബേസിൽ ഉണ്ടെങ്കിൽ, ബന്ധപ്പെട്ട അംഗൻവാഡി വ്യക്തിക്ക് രജിസ്റ്റർ ചെയ്ത മൊബൈൽ നമ്പറിൽ 4 അക്ക ഒടിപി ലഭിക്കും.","If the mobile number is already in the database, the concerned Anganwadi individual will receive a 4-digit OTP on the registered mobile number."
"Post entering the OTP, AWW can easily set customized MPIN.","ഒടിപിയിൽ പ്രവേശിക്കുന്ന പോസ്റ്റ്, എഡബ്ല്യുഡബ്ല്യുവിന് ഇച്ഛാനുസൃതമാക്കിയ എംപിഎൻ എളുപ്പത്തിൽ സജ്ജമാക്കാൻ കഴിയും.","The post entering OTP, AWW can easily set up the customized MPN."
"It enables your interaction with participating healthcare providers, and allows you to receive your digital lab reports, prescriptions and diagnosis seamlessly from verified healthcare professionals and health service providers.","പങ്കെടുക്കുന്ന ഹെൽത്ത് കെയർ പ്രൊവൈഡർമാരുമായുള്ള നിങ്ങളുടെ ആശയവിനിമയം ഇത് പ്രാപ്തമാക്കുന്നു, കൂടാതെ നിങ്ങളുടെ ഡിജിറ്റൽ ലാബ് റിപ്പോർട്ടുകൾ, കുറിപ്പടികൾ, രോഗനിർണയം എന്നിവ പരിശോധിച്ചുറപ്പിച്ച ഹെൽത്ത് കെയർ പ്രൊഫഷണലുകളിൽ നിന്നും ആരോഗ്യ സേവന ദാതാക്കളിൽ നിന്നും പരിധികളില്ലാതെ സ്വീകരിക്കാനും നിങ്ങളെ അനുവദിക്കുന്നു.","It enables your interaction with participating healthcare providers and allows you to receive your digital lab reports, notes, and diagnostics from verified healthcare professionals and healthcare providers without limitation."
Our System provides API to Third – Party Sites that may collect your personal information.,നിങ്ങളുടെ സ്വകാര്യ വിവരങ്ങൾ ശേഖരിച്ചേക്കാവുന്ന മൂന്നാം കക്ഷി സൈറ്റുകൾക്ക് ഞങ്ങളുടെ സിസ്റ്റം API നൽകുന്നു.,Our System API provides third-party sites where your private information can be collected.
Poshan Tracker is not in any manner responsible for the security of such information or their privacy practices or content of those Third – Party Sites.,അത്തരം വിവരങ്ങളുടെ സുരക്ഷയ്ക്കോ അവരുടെ സ്വകാര്യതാ രീതികൾക്കോ   മൂന്നാം കക്ഷി സൈറ്റുകളുടെ ഉള്ളടക്കത്തിനോ പോഷൻ ട്രാക്കർ ഒരു തരത്തിലും ഉത്തരവാദിയല്ല.,"Potion trackers are not in any way responsible for the security of such data, their privacy practices or content of third party websites."
These third-party service providers and Third-Party Sites may have their own privacy policies governing the storage and retention of your information that you may be subject to.,ഈ മൂന്നാം കക്ഷി സേവന ദാതാക്കൾക്കും മൂന്നാം കക്ഷി സൈറ്റുകൾക്കും നിങ്ങൾ വിധേയമായേക്കാവുന്ന നിങ്ങളുടെ വിവരങ്ങളുടെ സംഭരണവും നിലനിർത്തലും നിയന്ത്രിക്കുന്ന അവരുടെ സ്വന്തം സ്വകാര്യതാ നയങ്ങൾ ഉണ്ടായിരിക്കാം.,These third party service providers and third party sites may also have their own privacy policies that control the storage and maintenance of your information.
"This Privacy Policy does not govern any information provided to, stored on, or used by these third-party providers and Third-Party Sites.",ഈ സ്വകാര്യതാ നയം ഈ മൂന്നാം കക്ഷി ദാതാക്കൾക്കും മൂന്നാം കക്ഷി സൈറ്റുകൾക്കും നൽകുന്നതോ സംഭരിച്ചതോ ഉപയോഗിക്കുന്നതോ ആയ ഒരു വിവരവും നിയന്ത്രിക്കുന്നില്ല.,"This Privacy Policy does not restrict the use, storage or use of information by third party providers and third party sites."
"We recommend that when you enter a Third-Party Site, you review the Third Party Site’s privacy policy as it relates to safeguarding of your information.","നിങ്ങൾ ഒരു മൂന്നാം കക്ഷി സൈറ്റിൽ പ്രവേശിക്കുമ്പോൾ, നിങ്ങളുടെ വിവരങ്ങൾ സംരക്ഷിക്കുന്നതുമായി ബന്ധപ്പെട്ട മൂന്നാം കക്ഷി സൈറ്റിന്റെ സ്വകാര്യതാ നയം അവലോകനം ചെയ്യാൻ ഞങ്ങൾ ശുപാർശ ചെയ്യുന്നു.","When you log in to a third party site, we recommend you review the privacy policy of a third party site that protects your information."
You agree and acknowledge that Poshan Tracker will not be liable for the information published in search results or by any Third-Party Sites.,തിരയൽ ഫലങ്ങളിലോ ഏതെങ്കിലും മൂന്നാം കക്ഷി സൈറ്റുകളിലോ പ്രസിദ്ധീകരിക്കുന്ന വിവരങ്ങൾക്ക് പോഷൻ ട്രാക്കർ ബാധ്യസ്ഥനല്ലെന്ന് നിങ്ങൾ സമ്മതിക്കുകയും അംഗീകരിക്കുകയും ചെയ്യുന്നു.,You agree and acknowledge that Potion Tracker is not liable for the information published in the search results or on any third party websites.
"By visiting or using the Site, you expressly agree to these Terms, as updated from time to time.","സൈറ്റ് സന്ദർശിക്കുകയോ ഉപയോഗിക്കുകയോ ചെയ്യുന്നതിലൂടെ, കാലാകാലങ്ങളിൽ അപ്ഡേറ്റ് ചെയ്യുന്ന ഈ നിബന്ധനകൾ നിങ്ങൾ വ്യക്തമായി അംഗീകരിക്കുന്നു.","By visiting or using the site, you clearly endorse these terms and conditions which are updated from time to time."
"If you do not agree with any part of these terms, do not use the site.","ഈ നിബന്ധനകളുടെ ഏതെങ്കിലും ഭാഗം നിങ്ങൾ അംഗീകരിക്കുന്നില്ലെങ്കിൽ, സൈറ്റ് ഉപയോഗിക്കരുത്.","If you do not agree to any of these terms and conditions, do not use the site."
You may not use the Site in any manner and may not accept the Terms if you are not of legal age to form a binding contract.,"നിങ്ങൾ ഒരു തരത്തിലും സൈറ്റ് ഉപയോഗിക്കാൻ പാടില്ല, ഒരു കരാർ രൂപീകരിക്കാൻ നിങ്ങൾക്ക് നിയമപരമായ പ്രായമില്ലെങ്കിൽ നിബന്ധനകൾ അംഗീകരിക്കാൻ പാടില്ല.","You should not use the site in any way, you should not accept the terms and conditions to form a contract if you are not of legal age."
Bacillus Calmette Guerin (BCG)Oral Polio Vaccine (OPV)-0 dose Hepatitis B birth dose OPV-1 T,ബാസിലസ് കാൽമെറ്റ് ഗ്വെറിൻ (ബിസിജി)ഓറൽ പോളിയോ വാക്സിൻ (OPV)-0 ഡോസ് ഹെപ്പറ്റൈറ്റിസ് ബി ജനന ഡോസ് OPV-1 T,Bacillus Calmate Guerin (BCG) Oral Polio Vaccine (OPV) - 0 Dose Hepatitis B Birth Dose OPV-1 T
"The information collected under Clause 1, shall be used for the purpose of facilitating the health of the beneficiaries.","ക്ലോസ് 1 പ്രകാരം ശേഖരിക്കുന്ന വിവരങ്ങൾ, ഗുണഭോക്താക്കളുടെ ആരോഗ്യം സുഗമമാക്കുന്നതിന് ഉപയോഗിക്കും.",The data collected under Clause 1 will be used for improving the health of the beneficiaries.
"We provide our products, which includes updating, securing, and troubleshooting the information/data/ materials and contents of the System, as well as providing support.","സിസ്റ്റത്തിന്റെ വിവരങ്ങൾ/ഡാറ്റ/ മെറ്റീരിയലുകളും ഉള്ളടക്കങ്ങളും അപ്ഡേറ്റ് ചെയ്യൽ, സുരക്ഷിതമാക്കൽ, ട്രബിൾഷൂട്ട് ചെയ്യൽ, പിന്തുണ നൽകൽ എന്നിവ ഉൾപ്പെടുന്ന ഞങ്ങളുടെ ഉൽപ്പന്നങ്ങൾ ഞങ്ങൾ നൽകുന്നു.","We provide our products that include updating, securing, troubleshooting and supporting system information / data / materials and contents."
"When you register on Poshan Tracker, the Mobile number with which you registered, will be used to locate your record from the database.","നിങ്ങൾ പോഷൻ ട്രാക്കറിൽ രജിസ്റ്റർ ചെയ്യുമ്പോൾ, നിങ്ങൾ രജിസ്റ്റർ ചെയ്ത മൊബൈൽ നമ്പർ, ഡാറ്റാബേസിൽ നിന്ന് നിങ്ങളുടെ റെക്കോർഡ് കണ്ടെത്താൻ ഉപയോഗിക്കും.","When you register in the Potion Tracker, your registered mobile number will be used to locate your record from the database."
These can also be used to assess the health status as recorded in the Poshan Tracker system.,പോഷൻ ട്രാക്കർ സിസ്റ്റത്തിൽ രേഖപ്പെടുത്തിയിരിക്കുന്ന ആരോഗ്യനില വിലയിരുത്താനും ഇവ ഉപയോഗിക്കാം.,They can also be used to assess the health status recorded in the Potion Tracker System.
Training on ICT Platform under POSHAN Abhiyaan,പോഷൻ അഭിയാന്റെ കീഴിൽ ഐസിടി പ്ലാറ്റ്ഫോമിൽ പരിശീലനം,Training on ICT Platform under POSHAN Abhiyaan
"Know more about stunting, wasting and underweight","മുരടിപ്പ്, ക്ഷീണം, ഭാരക്കുറവ് എന്നിവയെക്കുറിച്ച് കൂടുതലറിയുക","Know more about fatigue, body pain and weight loss"
What information to be added in AWC forms?,AWC ഫോമുകളിൽ എന്ത് വിവരമാണ് ചേർക്കേണ്ടത്?,What information should be included in the AWC forms?
How to revive your health if you are Moderately Wasted (MAM),നിങ്ങൾ മിതമായ രീതിയിൽ പാഴായെങ്കിൽ (MAM) നിങ്ങളുടെ ആരോഗ്യം എങ്ങനെ പുനരുജ്ജീവിപ്പിക്കാം,How to revive your health if you are wasting your time (MAM)
AWC Workers Registered In Last 30 Days,കഴിഞ്ഞ 30 ദിവസത്തിനുള്ളിൽ AWC വർക്കർമാർ രജിസ്റ്റർ ചെയ്തു,AWC Workers Registered in Last 30 Days
Click on above button to get this App,ഈ അപ്ലിക്കേഷൻ ലഭിക്കുന്നതിന് മുകളിലുള്ള ബട്ടണിൽ ക്ലിക്കുചെയ്യുക,Click here for downloading the app
Beneficiaries Registered In Last 30 Days,കഴിഞ്ഞ 30 ദിവസത്തിനുള്ളിൽ രജിസ്റ്റർ ചെയ്ത ഗുണഭോക്താക്കൾ,Beneficiaries registered in last 30 days
Specifications of Smart phone and Technical Compatibility Testing,സ്മാർട്ട് ഫോണിന്റെ സ്പെസിഫിക്കേഷനുകളും ടെക്നിക്കൽ കോംപാറ്റിബിലിറ്റി ടെസ്റ്റിംഗും,Specifications and features of the smartphone
Preparation During Pregnancy - For NewBorn Care & Family Planning,ഗർഭകാലത്തെ തയ്യാറെടുപ്പുകൾ - നവജാത ശിശു സംരക്ഷണത്തിനും കുടുംബാസൂത്രണത്തിനും,Preparation of Pregnancy - for newborn care and family planning
Stunting is the impaired growth and development that children experience from poor nutrition,പോഷകാഹാരക്കുറവ് മൂലം കുട്ടികൾ അനുഭവിക്കുന്ന വളർച്ചയുടെയും വികാസത്തിന്റെയും വൈകല്യമാണ് മുരടിപ്പ്,Malnutrition is a disorder of the growth and development of children due to malnutrition
Children in the age group of 3 years to 6 years,3 വയസ്സ് മുതൽ 6 വയസ്സ് വിഭാഗം കുട്ടികളുടെ വിഭാഗം,Children (3 years to 6 years)
What is the eligibility of a beneficiary?,ഒരു ഗുണഭോക്താവിന്റെ യോഗ്യത എന്താണ്?,What is the eligibility of a beneficiary?
Who are the target userbase of Poshan Tracker App?,പോഷൻ ട്രാക്കർ ആപ്പിന്റെ ടാർഗെറ്റ് യൂസർബേസ് ആരാണ്?,Who is the target user of the Potion Tracker App?
"It often indicates recent and severe weight loss, although it can also persist for a long time","ഇത് പലപ്പോഴും അടുത്തിടെയുള്ളതും കഠിനവുമായ ശരീരഭാരം സൂചിപ്പിക്കുന്നു, എന്നിരുന്നാലും ഇത് വളരെക്കാലം നിലനിൽക്കും","This often indicates closer and heavier weight, however, it will last longer"
What is the minimum requirement to install Poshan Tracker App in mobile?,മൊബൈലിൽ പോഷൻ ട്രാക്കർ ആപ്പ് ഇൻസ്റ്റാൾ ചെയ്യുന്നതിനുള്ള ഏറ്റവും കുറഞ്ഞ ആവശ്യകത എന്താണ്?,What is the minimum requirement to install the Potion Tracker App on mobile?
You will only access (or attempt to access) the Site by the means described in the Documentation and will comply with the terms and conditions of this Agreement.,ഡോക്യുമെന്റേഷനിൽ വിവരിച്ചിരിക്കുന്ന മാർഗ്ഗങ്ങളിലൂടെ മാത്രമേ നിങ്ങൾ സൈറ്റ് ആക്സസ് ചെയ്യുകയുള്ളൂ (അല്ലെങ്കിൽ ആക്സസ് ചെയ്യാൻ ശ്രമിക്കുകയും) ഈ കരാറിന്റെ നിബന്ധനകളും വ്യവസ്ഥകളും പാലിക്കുകയും ചെയ്യും.,You will only access the site (or try to access it) through the means described in the documentation and will comply with the terms and conditions of this agreement.
"You will comply with all Central and State laws, rules and regulations applicable to you and your use of the Site and affecting any third-party rights.","നിങ്ങൾക്കും നിങ്ങളുടെ സൈറ്റിന്റെ ഉപയോഗത്തിനും ബാധകമായതും ഏതെങ്കിലും മൂന്നാം കക്ഷി അവകാശങ്ങളെ ബാധിക്കുന്നതുമായ എല്ലാ കേന്ദ്ര, സംസ്ഥാന നിയമങ്ങളും നിയമങ്ങളും നിയന്ത്രണങ്ങളും നിങ്ങൾ പാലിക്കും.","You will comply with all Central and State laws, rules and regulations that are applicable to you and to the use of your site and which affect any third party rights"
You can participate in Swastha Balak Balika Spardha by registering through the website https://poshantracker.,You can participate in Swastha Balak Balika Spardha by registering through the website https://poshantracker.,You can participate in Swastha Balka Spardha by registering through the website https: / / poshantracker.
in or by downloading ‘Poshan Tracker’ App from Google Play Store.,in or by downloading 'Poshan Tracker' App from Google Play Store.,or by downloading 'Poshan Tracker' app from Google Play Store.
Clarification regarding Cost of Smart phones,സ്മാർട്ട് ഫോണുകളുടെ വില സംബന്ധിച്ച് വ്യക്തത,Pricing of smartphones
Measles Containing vaccine (MCV)/Measles & Rubella (MR)-1Japanese Encephalitis(JE)-1**PCV-Booster,അഞ്ചാംപനി അടങ്ങിയ വാക്സിൻ (MCV)/മീസിൽസ് & റുബെല്ല (MR)-1ജാപ്പനീസ് എൻസെഫലൈറ്റിസ്(ജെഇ)-1**പിസിവി-ബൂസ്റ്റർ,Vaccine (MCV) / Measles & Rubella (MR) -1 Japanese Encephalitis (JE) -1 * PCV-Booster
Mobile number need to be validated within a week,മൊബൈൽ നമ്പർ ഒരാഴ്ചക്കുള്ളിൽ സാധൂകരിക്കണം,The mobile number should be authenticated within a week
Currently a beneficiary can register by the help of an AWW,നിലവിൽ ഒരു ഗുണഭോക്താവിന് AWW-ന്റെ സഹായത്തോടെ രജിസ്റ്റർ ചെയ്യാം,"At present, a beneficiary can register with the help of AWW"
Awareness for Lactating Mother Complimentary Feeding for Children,മുലയൂട്ടുന്ന അമ്മ കുട്ടികൾക്കുള്ള കോംപ്ലിമെന്ററി ഫീഡിംഗിനായുള്ള ബോധവൽക്കരണം,Awareness for supplementary feeding for lactating mothers and children
New Poshan Tracker App - CSC-SPV Nodal Person,പുതിയ പോഷൻ ട്രാക്കർ ആപ്പ് - CSC-SPV നോഡൽ വ്യക്തി,New Potion Tracker App - CSC - SPV Nodal Person
1.1. Information you provide to us.,1.1. നിങ്ങൾ ഞങ്ങൾക്ക് നൽകുന്ന വിവരങ്ങൾ.,1.1.The information you provide us.
How can one access Poshan Tracker Dashboard?,ഒരാൾക്ക് എങ്ങനെ പോഷാൻ ട്രാക്കർ ഡാഷ്ബോർഡ് ആക്സസ് ചെയ്യാൻ കഴിയും?,How can one access the Poshan Tracker Dashboard?
Prevention of Anemia in children and adolescents girls,കുട്ടികളിലും കൌമാരക്കാരായ പെൺകുട്ടികളിലും വിളർച്ച തടയൽ,Prevention of Malnutrition among Children and Adolescent Girls
Gangarampur Addl. I. C. D. S Project,ഗംഗാറാംപൂർ എഡിഡിഎൽ. ഐ. സി. ഡി. എസ് പ്രോജക്ട്,Gangarampur ADDLI ICDS Project
Can a beneficiary register directly using application.,ഒരു ഗുണഭോക്താവിന് അപേക്ഷ ഉപയോഗിച്ച് നേരിട്ട് രജിസ്റ്റർ ചെയ്യാം.,A beneficiary can directly register with the application.
The Ministry of Women and Child Development has rolled out Poshan Tracker application.,വനിതാ ശിശു വികസന മന്ത്രാലയം പോഷൻ ട്രാക്കർ അപേക്ഷ പുറത്തിറക്കി.,Ministry of Women and Child Development issues POSHAN Tracker Application
"The goal is to follow nutrition systems strengthening approach for improving maternal and child undernutrition, focused on strengthening implementation bottlenecks at all levels.","എല്ലാ തലങ്ങളിലും നടപ്പാക്കൽ തടസ്സങ്ങൾ ശക്തിപ്പെടുത്തുന്നതിൽ ശ്രദ്ധ കേന്ദ്രീകരിച്ച്, മാതൃ-ശിശു പോഷകാഹാരക്കുറവ് മെച്ചപ്പെടുത്തുന്നതിനുള്ള പോഷകാഹാര സംവിധാനങ്ങൾ ശക്തിപ്പെടുത്തുക എന്നതാണ് ലക്ഷ്യം.",The aim is to strengthen nutrition systems to improve maternal and child malnutrition with focus on strengthening implementation bottlenecks at all levels.
"The Poshan Tracker is built using centralized data architecture, that also aligns with the digital technology systems of other ministries and programs.","കേന്ദ്രീകൃത ഡാറ്റാ ആർക്കിടെക്ചർ ഉപയോഗിച്ചാണ് പോഷൻ ട്രാക്കർ നിർമ്മിച്ചിരിക്കുന്നത്, ഇത് മറ്റ് മന്ത്രാലയങ്ങളുടെയും പ്രോഗ്രാമുകളുടെയും ഡിജിറ്റൽ സാങ്കേതിക സംവിധാനങ്ങളുമായി യോജിക്കുന്നു.","POSHAN tracker is built using centralized data architecture, which aligns with digital technology systems of other ministries and programs."
"The system provides a digital identity to each beneficiary through a digital card, and allows convergence of call centre with the technology platform.","സിസ്റ്റം ഓരോ ഗുണഭോക്താവിനും ഒരു ഡിജിറ്റൽ കാർഡ് വഴി ഒരു ഡിജിറ്റൽ ഐഡന്റിറ്റി നൽകുന്നു, കൂടാതെ സാങ്കേതിക കേന്ദ്രവുമായി കോൾ സെന്റർ സംയോജിപ്പിക്കാൻ അനുവദിക്കുന്നു.","The system provides a digital identity to each beneficiary through a digital card, and allows the call centre to be integrated with the technology centre."
The system generates automated alerts to the critical last-mile beneficiaries.,അവസാനത്തെ മൈൽ ഗുണഭോക്താക്കൾക്ക് സിസ്റ്റം യാന്ത്രിക അലേർട്ടുകൾ സൃഷ്ടിക്കുന്നു.,The system generates automated alerts for the last mile beneficiaries.
"It also ensures efficient audit of the delivery system, by documenting real time attendance of beneficiaries and duty bearers.",ഗുണഭോക്താക്കളുടെയും ഡ്യൂട്ടി ചുമക്കുന്നവരുടെയും തത്സമയ ഹാജർ രേഖപ്പെടുത്തുന്നതിലൂടെ ഡെലിവറി സിസ്റ്റത്തിന്റെ കാര്യക്ഷമമായ ഓഡിറ്റ് ഇത് ഉറപ്പാക്കുന്നു.,This ensures an efficient audit of the delivery system by recording the real time attendance of the beneficiaries and the burden bearers.
"Such a robust digital technology platform and management information system, will help the mission to scale efficiently, thereby generating and documenting significant positive impact.","അത്തരമൊരു ശക്തമായ ഡിജിറ്റൽ ടെക്നോളജി പ്ലാറ്റ്ഫോമും മാനേജുമെന്റ് ഇൻഫർമേഷൻ സിസ്റ്റവും ദൌത്യത്തെ കാര്യക്ഷമമായി അളക്കാൻ സഹായിക്കും, അതുവഴി കാര്യമായ പോസിറ്റീവ് ഇംപാക്ട് സൃഷ്ടിക്കുകയും രേഖപ്പെടുത്തുകയും ചെയ്യും.","Such a strong digital technology platform and management information system will help in effectively measuring the mission, thereby creating a significant positive impact and recording."
Weight should be between 0.90 to 58,ഭാരം 0.90 ത്തിനും 58 നും ഇടയിൽ ആയിരിക്കണം,Weight should be between 0.90 to 58
MPIN can be easily reset by any AWW/AWC user.,ഏത് AWW/ AWC ഉപയോക്താവിനും എളുപ്പത്തിൽ പുനഃ സജ്ജമാക്കാൻ കഴിയും.,Any AWW / AWC user can easily be reset
"You are required to click on Forgot MPIN, and enter your registered mobile number.","നിങ്ങൾ മറന്ന പമ്പ്ൽ ക്ലിക്കുചെയ്യേണ്ടതുണ്ട്, കൂടാതെ നിങ്ങളുടെ രജിസ്റ്റർ ചെയ്ത മൊബൈൽ നമ്പർ നൽകുക.",You need to click on the forgotten pump and enter your registered mobile number.
You will receive and OTP on your registered mobile number and you can ealily reset your MPIN,"നിങ്ങളുടെ രജിസ്റ്റർ ചെയ്ത മൊബൈൽ നമ്പറിൽ നിങ്ങൾക്ക് OTP ലഭിക്കും, കൂടാതെ നിങ്ങളുടെ എംപിൻ എളുപ്പത്തിൽ പുനഃ സജ്ജമാക്കാനും കഴിയും.",You will get the OTP on your registered mobile number and can also reset your MP easily.
The Poshan Tracker is a job-aid to the Anganwadi worker for efficient delivery of services along with reflection of their efforts.,അങ്കണവാടി ജീവനക്കാരുടെ പ്രയത്നത്തിന്റെ പ്രതിഫലനത്തോടൊപ്പം സേവനങ്ങൾ കാര്യക്ഷമമായി എത്തിക്കുന്നതിനുള്ള ഒരു തൊഴിൽ സഹായമാണ് പോഷൻ ട്രാക്കർ.,POSHAN tracker is a professional help for effective delivery of services along with a reflection of the efforts of Anganwadi workers.
It is a critical and beneficiary-centric service delivery Application under POSHAN Abhiyaan which will promote real time data with analytics,"പോഷൻ അഭിയാന് കീഴിലുള്ള നിർണായകവും ഗുണഭോക്താക്കളെ കേന്ദ്രീകരിച്ചുള്ളതുമായ സേവന ഡെലിവറി ആപ്ലിക്കേഷനാണിത്, ഇത് അനലിറ്റിക്സിനൊപ്പം തത്സമയ ഡാറ്റ പ്രോത്സാഹിപ്പിക്കും","This is a critical and beneficiary centric service delivery application under POSHAN Abhiyaan, which will promote real-time data addition along with analytics"
Please enter valid Date of Birth,സാധുവായ ജനനത്തീയതി നൽകുക,Enter a valid date of birth
Who is eligible for additional supplementary food?,അധിക സപ്ലിമെന്ററി ഭക്ഷണത്തിന് ആർക്കാണ് അർഹത?,Who is eligible for additional supplementary food?
"We reserve the unconditional right to change, modify, add, or remove any part of these Terms at any time, without specifically notifying you of such changes.","അത്തരം മാറ്റങ്ങളെക്കുറിച്ച് നിങ്ങളെ പ്രത്യേകമായി അറിയിക്കാതെ തന്നെ, ഈ നിബന്ധനകളുടെ ഏതെങ്കിലും ഭാഗം എപ്പോൾ വേണമെങ്കിലും മാറ്റാനോ പരിഷ്ക്കരിക്കാനോ ചേർക്കാനോ നീക്കം ചെയ്യാനോ ഉള്ള നിരുപാധിക അവകാശം ഞങ്ങളിൽ നിക്ഷിപ്തമാണ്.","Without specifically informing you about such changes, it is our prerogative to modify, add or delete any part of these provisions at any time."
Any changes or updates will be effective immediately.,എന്തെങ്കിലും മാറ്റങ്ങളോ അപ്ഡേറ്റുകളോ ഉടനടി പ്രാബല്യത്തിൽ വരും.,Any changes or updates will come into effect immediately.
You take the responsibility to check these Terms of Use periodically for changes.,മാറ്റങ്ങൾക്കായി കാലാകാലങ്ങളിൽ ഈ ഉപയോഗ നിബന്ധനകൾ പരിശോധിക്കുന്നതിനുള്ള ഉത്തരവാദിത്തം നിങ്ങൾ ഏറ്റെടുക്കുന്നു.,You assume the responsibility to examine these terms of use from time to time for changes.
Your continued use of the platform post such revision shall constitute acceptance of the modified Terms.,അത്തരം പുനരവലോകനത്തിനു ശേഷമുള്ള നിങ്ങളുടെ പ്ലാറ്റ്ഫോം തുടർച്ചയായി ഉപയോഗിക്കുന്നത് പരിഷ്കരിച്ച നിബന്ധനകൾ അംഗീകരിക്കുന്നതാണ്.,Consistent use of your platform after such review will be accepted under the revised terms.
In both the above cases state nodal officers are empowered to add/ edit/Activate/Deactivate any of the AWW.,മേൽപ്പറഞ്ഞ രണ്ട് കേസുകളിലും ഏതെങ്കിലും എഒപ്പംഒപ്പം ചേർക്കാനോ / എഡിറ്റുചെയ്യാനോ / സജീവമാക്കാനോ / നിർജ്ജീവമാക്കാനോ സ്റ്റേറ്റ് നോഡൽ ഓഫീസർമാർക്ക് അധികാരമുണ്ട്.,The State Nodal Officers are empowered to co-ordinate / edit / activate / deactivate any of the above two cases.
How many different types of reports can be generated over Poshan Tracker Dashboard?,പോഷൻ ട്രാക്കർ ഡാഷ്ബോർഡിൽ എത്ര വ്യത്യസ്ത തരം റിപ്പോർട്ടുകൾ സൃഷ്ടിക്കാൻ കഴിയും?,How many different types of reports can be generated on the Potion Tracker Dashboard?
How to revive your health if you are Severely Wasted (SAM),നിങ്ങൾ ഗുരുതരമായി പാഴായെങ്കിൽ (SAM) നിങ്ങളുടെ ആരോഗ്യം എങ്ങനെ പുനരുജ്ജീവിപ്പിക്കാം,How to revive your health if you are seriously ill (SAM)
"See assessment charts for Stunted, Wasted and Underweight parameters","മുരടിച്ച, പാഴായ, ഭാരം കുറഞ്ഞ പാരാമീറ്ററുകൾക്കായുള്ള മൂല്യനിർണ്ണയ ചാർട്ടുകൾ കാണുക","See Appraisal charts for rough, redundant, and lightweight parameters"
Resources for growth monitoring and general awareness,വളർച്ചാ നിരീക്ഷണത്തിനും പൊതുഅവബോധത്തിനുമുള്ള വിഭവങ്ങൾ,Resources for Growth Monitoring and Public Awareness
AWW are required to enter details related to infrastructure present in a particular Anganwadi centre.,ഒരു പ്രത്യേക അംഗൻവാടി കേന്ദ്രത്തിൽ നിലവിലുള്ള അടിസ്ഥാന സ to കര്യങ്ങളുമായി ബന്ധപ്പെട്ട വിശദാംശങ്ങൾ നൽകുന്നതിന് എഒപ്പംഒപ്പം ആവശ്യമാണ്.,It is also necessary to provide details of the basic amenities available in a particular Anganwadi Centre.
"This includes structure, basic amenities, facilities, sanitization, drinking water etc.","ഘടന, അടിസ്ഥാന സ, കര്യങ്ങൾ, സൌകര്യങ്ങൾ, ശുചിത്വം, കുടിവെള്ളം എന്നിവ ഇതിൽ ഉൾപ്പെടുന്നു.","This includes infrastructure, basic amenities, facilities, sanitation, drinking water etc."
Lactating mothers who received Take Home Ration (THR),ടേക്ക് ഹോം റേഷൻ (THR) ലഭിച്ച മുലയൂട്ടുന്ന അമ്മമാർ,Breastfeeding mothers receiving Take Home Ration (THR)
"Poshan Tracker reserve the unconditional right to change, modify, add, or remove any part of this Privacy Policy at any time, without specifically notifying you of such changes.","അത്തരം മാറ്റങ്ങളെക്കുറിച്ച് നിങ്ങളെ പ്രത്യേകമായി അറിയിക്കാതെ തന്നെ, ഈ സ്വകാര്യതാ നയത്തിന്റെ ഏതെങ്കിലും ഭാഗം എപ്പോൾ വേണമെങ്കിലും മാറ്റുന്നതിനും പരിഷ്ക്കരിക്കുന്നതിനും ചേർക്കുന്നതിനും നീക്കം ചെയ്യുന്നതിനുമുള്ള നിരുപാധികമായ അവകാശം Poshan Tracker-ൽ നിക്ഷിപ്തമാണ്.","Without specifically notifying you about such changes, any part of this privacy policy has the inalienable right to change, modify, add and delete at any time in the Poshan Tracker."
Any changes or updates will be effective immediately.,എന്തെങ്കിലും മാറ്റങ്ങളോ അപ്ഡേറ്റുകളോ ഉടനടി പ്രാബല്യത്തിൽ വരും.,Any changes or updates will come into effect immediately.
You should review this Privacy Policy regularly for changes.,മാറ്റങ്ങൾക്കായി നിങ്ങൾ ഈ സ്വകാര്യതാ നയം പതിവായി അവലോകനം ചെയ്യണം.,You must regularly review this privacy policy for changes.
"We will use commercially reasonable efforts to generally notify all users of any material changes to this Privacy Policy, such as through a notice on the System.","സിസ്റ്റത്തിലെ ഒരു അറിയിപ്പ് പോലെ, ഈ സ്വകാര്യതാ നയത്തിലെ എന്തെങ്കിലും ഭൌതിക മാറ്റങ്ങളെ കുറിച്ച് എല്ലാ ഉപയോക്താക്കളെയും പൊതുവായി അറിയിക്കുന്നതിന് വാണിജ്യപരമായി ന്യായമായ ശ്രമങ്ങൾ ഞങ്ങൾ ഉപയോഗിക്കും.","Like a notification on the system, we will use commercially reasonable efforts to publicly inform all users about any physical changes to this privacy policy."
"However, as a user of the System, you should regularly check the Privacy Policy for any changes.","എന്നിരുന്നാലും, സിസ്റ്റത്തിന്റെ ഒരു ഉപയോക്താവെന്ന നിലയിൽ, എന്തെങ്കിലും മാറ്റങ്ങൾക്കായി നിങ്ങൾ പതിവായി സ്വകാര്യതാ നയം പരിശോധിക്കണം.","However, as a user of the system, you must regularly check the privacy policy for any changes."
"We will also update the “Last Updated” date at the top of this Privacy Policy, which reflects the effective date of this Privacy Policy.","ഈ സ്വകാര്യതാ നയത്തിന്റെ പ്രാബല്യത്തിലുള്ള തീയതിയെ പ്രതിഫലിപ്പിക്കുന്ന ഈ സ്വകാര്യതാ നയത്തിന്റെ മുകളിലുള്ള ""അവസാനം അപ്ഡേറ്റ് ചെയ്ത"" തീയതിയും ഞങ്ങൾ അപ്ഡേറ്റ് ചെയ്യും.","""We will also update the"" ""last updated"" ""date on top of this Privacy Policy, reflecting the date on which this Privacy Policy comes into effect."""
Your continued access or use of the System after the date of the new Privacy Policy constitutes your acceptance of the new Privacy Policy.,പുതിയ സ്വകാര്യതാ നയത്തിന്റെ തീയതിക്ക് ശേഷമുള്ള നിങ്ങളുടെ തുടർച്ചയായ ആക്സസ് അല്ലെങ്കിൽ സിസ്റ്റത്തിന്റെ ഉപയോഗം പുതിയ സ്വകാര്യതാ നയം നിങ്ങൾ അംഗീകരിക്കുന്നു.,You accept the new privacy policy because of your continued access or system usage after the date of the new privacy policy.
"If you do not agree to the new Privacy Policy, you must stop accessing and/or using the System.","നിങ്ങൾ പുതിയ സ്വകാര്യതാ നയം അംഗീകരിക്കുന്നില്ലെങ്കിൽ, നിങ്ങൾ സിസ്റ്റം ആക്സസ് ചെയ്യുന്നത് കൂടാതെ/അല്ലെങ്കിൽ ഉപയോഗിക്കുന്നത് നിർത്തണം.","If you do not approve the new privacy policy, you should stop accessing the system and / or using it."
What is the eligibility of a beneficiary?,ഒരു ഗുണഭോക്താവിന്റെ യോഗ്യത എന്താണ്?,What is the eligibility of a beneficiary?
"No, Poshan Tracker is available only for Android version","ഇല്ല, പോഷൻ ട്രാക്കർ പതിപ്പിന് മാത്രം ലഭ്യമാണ്.","No, the Potion Tracker version is only available."
 XV. INDEMNITY AND LIMITATION OF LIABILITY, XV. നഷ്ടപരിഹാരവും ബാധ്യതയുടെ പരിമിതിയും,XV. Compensation and limitation of liability
Growth monitoring report for all health indicators,എല്ലാ ആരോഗ്യ സൂചകങ്ങൾക്കുമുള്ള വളർച്ചാ നിരീക്ഷണ റിപ്പോർട്ട്,Growth Monitoring Report for all Health Indicators
Take Home Ration (THR) given in last 30 days,കഴിഞ്ഞ 30 ദിവസത്തിനുള്ളിൽ നൽകിയ ഹോം റേഷൻ (THR) എടുക്കുക,Take Home Ration (THR) issued in last 30 days
Children are defined as stunted if their height-for-age is more than two standard deviations below the WHO Child Growth Standards median,WHO ചൈൽഡ് ഗ്രോത്ത് സ്റ്റാൻഡേർഡ് മീഡിയനേക്കാൾ താഴെയുള്ള രണ്ട് സ്റ്റാൻഡേർഡ് ഡീവിയേഷനുകളിൽ പ്രായത്തിനനുസരിച്ചുള്ള ഉയരം ഉണ്ടെങ്കിൽ കുട്ടികളെ മുരടിച്ചവരായി നിർവചിക്കുന്നു,The WHO defines stunted children as having age appropriate height in two standard divisions below the Child Growth Standard Media
What is the purpose of Launching Poshan Tracker?,പോഷൻ ട്രാക്കർ സമാരംഭിക്കുന്നതിന്റെ ഉദ്ദേശ്യം എന്താണ്?,What is the purpose of launching Potion Tracker?
"As a registered user, you have the right to access your profile at any time.","ഒരു രജിസ്റ്റർ ചെയ്ത ഉപയോക്താവ് എന്ന നിലയിൽ, ഏത് സമയത്തും നിങ്ങളുടെ പ്രൊഫൈൽ ആക്സസ് ചെയ്യാനുള്ള അവകാശം നിങ്ങൾക്കുണ്ട്.","As a registered user, you have the right to access your profile at any time."
"Although, the changes can only be done as prescribed by the Poshan Tracker system from time to time.","എന്നിരുന്നാലും, കാലാകാലങ്ങളിൽ പോഷൻ ട്രാക്കർ സിസ്റ്റം നിർദ്ദേശിക്കുന്ന മാറ്റങ്ങൾ മാത്രമേ ചെയ്യാൻ കഴിയൂ.","However, from time to time only the changes suggested by the Potion Tracker System can be made."
You cannot manage the communications that you receive from us or how you receive them.,ഞങ്ങളിൽ നിന്ന് നിങ്ങൾക്ക് ലഭിക്കുന്ന ആശയവിനിമയങ്ങളോ അവ എങ്ങനെ സ്വീകരിക്കുന്നുവെന്നോ നിങ്ങൾക്ക് മാനേജ് ചെയ്യാൻ കഴിയില്ല.,You cannot manage the communications that you get from us or how you receive them.
" XIII. COMPLIANCE WITH LAW, THIRD PARTY RIGHTS, AND OTHER TERMS OF SERVICE"," XIII. നിയമം, മൂന്നാം കക്ഷി അവകാശങ്ങൾ, മറ്റ് സേവന നിബന്ധനകൾ എന്നിവ പാലിക്കൽ","XIII. Compliance of laws, third party rights and other service conditions."
"repeated infection, and inadequate psychosocial stimulation","ആവർത്തിച്ചുള്ള അണുബാധ, അപര്യാപ്തമായ മാനസിക സാമൂഹിക ഉത്തേജനം",Repeated infections and inadequate psycho-social stimulation
Beneficiary migration from one AWC to another AWC,ഗുണഭോക്താവ് ഒരു AWC ൽ നിന്നും മറ്റൊരു AWC ലേക്ക് കുടിയേറി,Beneficiary migrates from one AWC to another AWC
"Training on ICT Platform under POSHAN Abhiyaan (02 February, 2021)","പോഷൻ അഭിയാൻ (02 ഫെബ്രുവരി, 2021) ന് കീഴിലുള്ള ഐസിടി പ്ലാറ്റ്ഫോമിലെ പരിശീലനം","Training on ICT Platform under POSHAN Abhiyaan (2nd February, 2021)"
You may browse the Site without registering for an account.,ഒരു അക്കൌണ്ടിനായി രജിസ്റ്റർ ചെയ്യാതെ തന്നെ നിങ്ങൾക്ക് സൈറ്റ് ബ്രൌസ് ചെയ്യാം.,You can browse the site without registering for an account.
"You will be required to register for an account with your mobile number, if you intent to use certain features or services offered by the Site.","സൈറ്റ് വാഗ്ദാനം ചെയ്യുന്ന ചില സവിശേഷതകളോ സേവനങ്ങളോ ഉപയോഗിക്കാൻ നിങ്ങൾ ആഗ്രഹിക്കുന്നുവെങ്കിൽ, നിങ്ങളുടെ മൊബൈൽ നമ്പർ ഉപയോഗിച്ച് ഒരു അക്കൌണ്ടിനായി നിങ്ങൾ രജിസ്റ്റർ ചെയ്യേണ്ടതുണ്ട്.","If you wish to use some of the features or services offered by the site, you need to register for an account using your mobile number."
You are solely responsible for maintaining the confidentiality of your personal information and registration and all activities that might result from you failing from keeping this information secure.,നിങ്ങളുടെ സ്വകാര്യ വിവരങ്ങളുടെയും രജിസ്ട്രേഷന്റെയും രഹസ്യസ്വഭാവം കാത്തുസൂക്ഷിക്കുന്നതിനും ഈ വിവരങ്ങൾ സുരക്ഷിതമായി സൂക്ഷിക്കുന്നതിൽ നിങ്ങൾ പരാജയപ്പെടുന്നതിന്റെ ഫലമായുണ്ടാകുന്ന എല്ലാ പ്രവർത്തനങ്ങളുടെയും ഉത്തരവാദിത്തം നിങ്ങൾക്കാണ്.,"You are responsible for maintaining the confidentiality of your personal information and registration, and for all actions that result from your failure to keep this information safe."
Your registration or mobile number shall be kept confidentialYou undertake that:You have obtained consent from the concerned individuals for creating their records through your account.,നിങ്ങളുടെ രജിസ്ട്രേഷനോ മൊബൈൽ നമ്പറോ രഹസ്യമായി സൂക്ഷിക്കുംനിങ്ങൾ അത് ഏറ്റെടുക്കുകഃനിങ്ങളുടെ അക്കൌണ്ട് വഴി അവരുടെ രേഖകൾ സൃഷ്ടിക്കുന്നതിന് ബന്ധപ്പെട്ട വ്യക്തികളിൽ നിന്ന് നിങ്ങൾ സമ്മതം നേടിയിട്ടുണ്ട്.,Your registration or mobile number will be kept confidential you will take over: you have obtained the consent of the concerned persons to create their documents through your account.
Your account or mobile number shall not include the name of another person with the intent to impersonate that person.,നിങ്ങളുടെ അക്കൌണ്ടിലോ മൊബൈൽ നമ്പറിലോ ആ വ്യക്തിയായി ആൾമാറാട്ടം നടത്തുക എന്ന ഉദ്ദേശ്യത്തോടെ മറ്റൊരു വ്യക്തിയുടെ പേര് ഉൾപ്പെടുത്തരുത്.,Do not include the name of another person with the intention of impersonating that person in your account or mobile number.
You shall not use another user's account without their permission.,മറ്റൊരു ഉപയോക്താവിന്റെ അനുമതി കൂടാതെ അവരുടെ അക്കൌണ്ട് നിങ്ങൾ ഉപയോഗിക്കരുത്.,Do not use the account of another user without their permission.
"You shall immediately notify us in writing, if you discover any unauthorized use of your account or other account-related security breach.","നിങ്ങളുടെ അക്കൌണ്ടിന്റെ ഏതെങ്കിലും അനധികൃത ഉപയോഗമോ അക്കൌണ്ടുമായി ബന്ധപ്പെട്ട മറ്റ് സുരക്ഷാ ലംഘനമോ കണ്ടെത്തിയാൽ, നിങ്ങൾ ഉടൻ ഞങ്ങളെ രേഖാമൂലം അറിയിക്കും.","If any unauthorized use of your account or any other security breach related to your account is detected, you will immediately inform us in writing."
"If we receive a complaint that your account violates someone else's rights, or violates our policies we may cancel or block your account.",നിങ്ങളുടെ അക്കൌണ്ട് മറ്റൊരാളുടെ അവകാശങ്ങൾ ലംഘിക്കുകയോ ഞങ്ങളുടെ നയങ്ങൾ ലംഘിക്കുകയോ ചെയ്യുന്നതായി ഞങ്ങൾക്ക് പരാതി ലഭിച്ചാൽ ഞങ്ങൾ നിങ്ങളുടെ അക്കൌണ്ട് റദ്ദാക്കുകയോ ബ്ലോക്ക് ചെയ്യുകയോ ചെയ്യാം.,"If we receive a complaint that your account is violating the rights of another person or violating our policies, we can cancel or block your account."
"You shall not attempt to conceal your identity by using multiple Internet Protocol addresses or mobile no, or by any other means, to register participants on the Site",സൈറ്റിൽ പങ്കെടുക്കുന്നവരെ രജിസ്റ്റർ ചെയ്യുന്നതിന് ഒന്നിലധികം ഇന്റർനെറ്റ് പ്രോട്ടോക്കോൾ വിലാസങ്ങളോ മൊബൈൽ നമ്പറോ മറ്റേതെങ്കിലും മാർഗമോ ഉപയോഗിച്ച് നിങ്ങളുടെ ഐഡന്റിറ്റി മറയ്ക്കാൻ നിങ്ങൾ ശ്രമിക്കരുത്,"Do not try to hide your identity using multiple Internet Protocol addresses, mobile number or any other means to register participants on the site"
Poshan Tracker App is available in 22 different languagesThe various languages available are:EnglishHindiGujaratiPunjabiMarathiBanglaKannadaTamilTeluguMalyalamOdiaAssameseNepaliDogriKonkaniSindhiBodoMaithiliManipuriSanthaliUrduKashmiri,പോഷൻ ട്രാക്കർ ആപ്പ് 22 വ്യത്യസ്ത ഭാഷകളിൽ ലഭ്യമാണ്ലഭ്യമായ വിവിധ ഭാഷകൾ ഇവയാണ്ഃഇംഗ്ലീഷ്ഹിന്ദിഗുജറാത്തിപഞ്ചാബിമറാത്തിബംഗ്ലാകന്നഡതമിഴ്ടെലിഗുമല്യാലംഒഡിയആസാമീസ്NepaliDogriKonkaniSindhiBodoMaithiliManipuriSanthaliUrduKashmiri,"The POSHAN Tracker App is available in 22 different languages- English, Hindi, Gujarati, Punjabi, Marathi, Bangla, Kannada, Tamil, Telugu, Malayalam, Odiya, Assamese, Nepali, Konkani, Sindhi, Maithili, Manipuri, Urdu, Kashmiri"
"The proposed system should enable real-time monitoring and tracking of all AWCs, AWWs and beneficiaries on the defined indicators.","നിർദ്ദിഷ്ട സൂചകങ്ങളിൽ എല്ലാ എഡബ്ല്യുസി, എഡബ്ല്യുഡബ്ല്യു, ഗുണഭോക്താക്കൾ എന്നിവരുടെ തത്സമയ നിരീക്ഷണവും ട്രാക്കുചെയ്യലും നിർദ്ദിഷ്ട സംവിധാനം പ്രാപ്തമാക്കണം.","In the proposed indicators, real-time monitoring and tracking of all AWCs, AWWs and beneficiaries should be enabled."
How to Login in Poshan Tracker App?,പോഷൻ ട്രാക്കർ അപ്ലിക്കേഷനിൽ എങ്ങനെ ലോഗിൻ ചെയ്യാം?,How to login to the POSHAN Tracker App?
Height and weight of child has not been measured,കുട്ടിയുടെ ഭാരവും ഉയരവും അളന്നിട്ടില്ല,The weight and height of the child were not measured
TAKE HOME RATION (THR) GIVEN TODAY,ഇന്ന് നൽകിയിരിക്കുന്ന ഹോം റേഷൻ (THR) എടുക്കുക,Take the Home Ration (THR) as given today
A beneficiary is eligible for THR for at least 21 days in a month.,ഒരു ഗുണഭോക്താവിന് ഒരു മാസത്തിൽ കുറഞ്ഞത് 21 ദിവസത്തേക്ക് THR-ന് അർഹതയുണ്ട്.,A beneficiary is entitled to THR for a minimum period of 21 days in a month.
 III. NOTICE REGARDING FUTURE CHANGES TO TERMS:, III. നിബന്ധനകളിലെ ഭാവി മാറ്റങ്ങളെക്കുറിച്ചുള്ള അറിയിപ്പ്ഃ,Notice of future changes in the provisions:
Planning And Organising Community Based Events At AWC,AWC-യിൽ കമ്മ്യൂണിറ്റി അടിസ്ഥാനമാക്കിയുള്ള ഇവന്റുകൾ ആസൂത്രണം ചെയ്യുകയും സംഘടിപ്പിക്കുകയും ചെയ്യുന്നു,Planning and organizing community based events at AWC
Please find the following steps to LoginStep 1- Click on Poshan Tracker Website https://poshantracker.,Please find the following steps to LoginStep 1- Click on Poshan Tracker Website https://poshantracker.,Please find the following steps to Login Step 1 - Click on Poshan Tracker Website https: / / posttracker.
inStep 2- Enter your registered Mobile Number and pre-set 4 digit MPIN.,inStep 2- Enter your registered Mobile Number and pre-set 4 digit MPIN.,Step 2 - Enter your registered mobile number and pre-set 4 digit MPIN.
How AWWS can sign up on the app if they are unable to register via their mobile numbers?,മൊബൈൽ നമ്പറുകൾ വഴി രജിസ്റ്റർ ചെയ്യാൻ കഴിയുന്നില്ലെങ്കിൽ എഒപ്പംഒപ്പംS അപ്ലിക്കേഷനിൽ എങ്ങനെ സൈൻ അപ്പ് ചെയ്യാൻ കഴിയും?,"If you are not able to register through mobile numbers, how can you sign up for this app?"
Poshan Tracker adds new Reports feature,പോഷൺപുതിയ റിപ്പോർട്ട് ഫീച്ചറുകൾ ചേർക്കുന്നു,Adding new features
General Awareness about preventing illness in Children,കുട്ടികളിലെ രോഗങ്ങളെ പ്രതിരോധിക്കുന്നതിനുള്ള പൊതു അവബോധം,Public awareness for prevention of childhood diseases
2. HOW WE USE PERSONAL INFORMATION,2. ഞങ്ങൾ എങ്ങനെയാണ് വ്യക്തിഗത വിവരങ്ങൾ ഉപയോഗിക്കുന്നത്,How do we use our personal information?
The following are the Terms of Service (“Terms”) that govern your use of the Swastha Balak Balika Spardha Platform hosted at https://poshantracker.,"The following are the Terms of Service (""Terms"") that govern your use of the Swastha Balak Balika Spardha Platform hosted at https://poshantracker.","""The following are the Terms of Service ("" ""Terms"" "") that govern your use of the Swastha Balak Balika Spardha Platform hosted at https: / / posttracker."""
"in, and all associated sites linked to it, its subsidiaries, and affiliates (collectively, the “Site”).","in, and all associated sites linked to it, its subsidiaries, and affiliates (collectively, the ""Site"").","""and all associated sites linked to it, its subsidiaries, and affiliates (collectively, the"" ""site"" "")."""
Please provide your mobile number and a ticket number.,നിങ്ങളുടെ മൊബൈൽ നമ്പറും ടിക്കറ്റ് നമ്പറും നൽകുക.,Enter your registration number and ticket number.
Please contact your respective Anganwadi worker.,ദയവായി നിങ്ങളുടെ അംഗൻവാടി വർക്കറുമായി ബന്ധപ്പെടുക.,Please contact your Anganwadi worker.
SAM Children under 5 years who received Supplementary Nutrition,SAM സപ്ലിമെന്ററി പോഷകാഹാരം ലഭിച്ച 5 വയസ്സിന് താഴെയുള്ള കുട്ടികൾ,Children under the age of 5 years receiving SAM Supplementary Nutrition
OPV-1Pentavalent-1Rotavirus Vaccine (RVV)-1Fractional dose of Inactivated Polio Vaccine (fIPV)-1Pneumococcal Conjugate Vaccine (PCV) -1,ഒപിവി-1പെന്റാവാലന്റ്-1റോട്ടവൈറസ് വാക്സിൻ (RVV)-1നിഷ്ക്രിയ പോളിയോ വാക്സിൻ (എഫ്ഐപിവി) -1 ഫ്രാക്ഷണൽ ഡോസ്ന്യൂമോകോക്കൽ കൺജഗേറ്റ് വാക്സിൻ (PCV) -1,OPV - 1 Pentavalent - 1 Rotavirus Vaccine (RVV) - 1 Inactivated Polio Vaccine (FIPV) - 1 Fractional Dosneumococcal Conjugate Vaccine (PCV) - 1
Height should be between 38 to 150,ഉയരം 38 നും 150 നും ഇടയിൽ ആയിരിക്കണം,Height should be between 38 and 150
How to contact Poshan Tracker Team?,പോഷൻ ട്രാക്കർ ടീമിനെ എങ്ങനെ ബന്ധപ്പെടാം?,How to contact the Potion Tracker Team?
Take Home Ration (THR) Given Today,ഇന്ന് നൽകിയിരിക്കുന്ന ഹോം റേഷൻ (THR) എടുക്കുക,Take the Home Ration (THR) as given today
How many different forms are there in Poshan Tracker App?,പോഷൻ ട്രാക്കർ ആപ്പിൽ എത്ര വ്യത്യസ്ത ഫോമുകൾ ഉണ്ട്?,How many different forms are there in the Potion Tracker App?
There are 7 different types of forms for beneficiaries.,ഗുണഭോക്താക്കൾക്കായി 7 വ്യത്യസ്ത തരം ഫോമുകൾ ഉണ്ട്.,There are 7 different types of forms for beneficiaries.
This includes:Lactating motherPregnant womenChild 0-6 MonthsChild 6 Months to 3 YearsChild  3 Years to 6 YearsAdolescent Girls (11 Years-19 Years),ഇതിൽ ഇവ ഉൾപ്പെടുന്നുഃമുലയൂട്ടുന്ന അമ്മഗർഭിണികൾകുട്ടി 0-6 മാസംകുട്ടി 6 മാസം മുതൽ 3 വയസ്സ് വരെകുട്ടി 3 വയസ്സ് മുതൽ 6 വയസ്സ് വരെക o മാരക്കാരായ പെൺകുട്ടികൾ (11 വയസ്സ് -19 വയസ്സ്),These include: Lactating mother Pregnant women Children 0-6 months Children 6 months to 3 years Children 3 years to 6 years Girls in death (11 years to 19 years)
Shibpur I C D S Project,ഷിബ്പൂർ I സി ഡി എസ് പ്രോജക്ട്,Shibpur I CDS Project
"In the recent one to three months, no Aanganwadi Worker has visited the beneficiary's home",കഴിഞ്ഞ 1-3 മാസങ്ങളിൽ ഉപഭോക്താവിൻറെ വീടുകളിൽ അംഗൻവാടി പ്രവർത്തകർ സന്ദർശനം നടത്തിയിട്ടില്ല,Anganwadi workers have not visited the houses of the beneficiaries in the last 1-3 months
Please enter Weight greater than 0.49 and less than 40.01,0.49-ൽ കൂടുതലും 40.01-ൽ താഴെയും ഭാരം നൽകുക,More than 0.49 and less than 40.01
You can register with your mobile number directly through the website https://poshantracker.,You can register with your mobile number directly through the website https://poshantracker.,You can register with your mobile number directly through the website https: / / poshantracker.
in or by downloading the Poshan Tracker App.,in or by downloading the Poshan Tracker App.,In or by downloading the Poshan Tracker App.
Calculator to measure the child growth based on the WHO Child Growth Standards,WHO ചൈൽഡ് ഗ്രോത്ത് സ്റ്റാൻഡേർഡ്സ് അടിസ്ഥാനമാക്കി കുട്ടികളുടെ വളർച്ച അളക്കുന്നതിനുള്ള കാൽക്കുലേറ്റർ,Calculator to measure Child Growth based on WHO Child Development Standards
MPIN is a 4 digits passcode which is set by an Anganwadi worker while registering over the Poshan Tracker App.,പോഷൻ ട്രാക്കർ എപിപിയിൽ രജിസ്റ്റർ ചെയ്യുമ്പോൾ ഒരു അംഗൻവാടി പ്രവർത്തകൻ സജ്ജമാക്കിയ 4 അക്ക പാസ്കോഡാണ് എംപിൻ.,MPIN is a 4-digit passcode provided by an Anganwadi worker while registering with the POSHAN Tracker APP.
"Specifications of Smart phone and Technical Compatibility Testing (02 February, 2021)","സ്മാർട്ട് ഫോണിന്റെയും സാങ്കേതിക അനുയോജ്യതാ പരിശോധനയുടെയും സവിശേഷതകൾ (02 ഫെബ്രുവരി, 2021)","Features of smartphone and technology compatibility test (February 02, 2021)"
Request for child's height and weight measurement,കുട്ടിയുടെ ഭാരവും ഉയരവും അളക്കുന്നതിനുള്ള അഭ്യർത്ഥന,A request to measure the weight and height of a child
Children (6 months - 3 years),കുട്ടികൾ (6 മാസം- 3 വയസ്സ്),Children (6 months - 3 years)
"We log usage data when you visit or otherwise use our Services, including our sites, app and platform technology.","ഞങ്ങളുടെ സൈറ്റുകൾ, ആപ്പ്, പ്ലാറ്റ്ഫോം സാങ്കേതികവിദ്യ എന്നിവയുൾപ്പെടെ ഞങ്ങളുടെ സേവനങ്ങൾ നിങ്ങൾ സന്ദർശിക്കുമ്പോഴോ ഉപയോഗിക്കുമ്പോഴോ ഞങ്ങൾ ഉപയോഗ ഡാറ്റ ലോഗ് ചെയ്യുന്നു.","We log in to user data when you visit or use our services, including our sites, apps, and platform technology."
"Result couldn't be fetch, please enter valid data","ഫലം ലഭ്യമാക്കാനായില്ല, ദയവായി സാധുവായ ഡാറ്റ നൽകുക","Could not get result, please enter valid data"
Central Golaghat I. C. D. S. Project,സെൻട്രൽ ഗോലാഘട്ട് ഐ. സി. ഡി. എസ്. പ്രോജക്ട്,Central Golaghat ICDS Project
