eng,mr,indic_trans_translated
The Site is directed to the people residing in India.,साइट भारतात राहणार्या लोकांसाठी निर्देशित केली आहे.,The site is meant for people residing in India.
We do not represent that Content available on or through the Site is appropriate or available in other locations.,आम्ही असे प्रतिनिधित्व करत नाही की साइटवर किंवा त्याद्वारे उपलब्ध असलेली सामग्री योग्य आहे किंवा इतर ठिकाणी उपलब्ध आहे.,We do not represent whether the material that is available on or through the site is correct or is available at other places.
We may limit the availability of the Site or any service or product described on the Site to any person or geographic area at any time.,आम्ही साइट किंवा साइटवर वर्णन केलेल्या कोणत्याही सेवा किंवा उत्पादनाची उपलब्धता कोणत्याही व्यक्ती किंवा भौगोलिक क्षेत्रासाठी कोणत्याही वेळी मर्यादित करू शकतो.,We can limit the availability of any service or product described on the site or site to any person or geographical area at any time.
"If you choose to access the Site from outside India, you do so at your own risk.","तुम्ही भारताबाहेरून साइटवर प्रवेश करणे निवडल्यास, तुम्ही ते तुमच्या स्वतःच्या जोखमीवर करता.","If you choose to access the site from outside India, you do so at your own risk."
Please go back to the homepage,कृपया मुख्यपृष्ठावर परत जा,Please return to the homepage
Please enter Height greater than 29.99 and less than 140.01,कृपया 38 पेक्षा जास्त आणि 150 पेक्षा कमी उंची प्रविष्ट करा,Please enter a height of more than 38 and less than 150
"While login to the Poshan Tracker App, AWWs are required to enter the MPIN set by them.","पोषण ट्रॅझर अॅपवर लॉग इन करताना, एडब्ल्यूडब्ल्यू ने त्यांच्याद्वारे सेट केलेला एमपीन प्रविष्ट करणे आवश्यक आहे.","While logging into POSHAN Treasure App, AWW is required to enter the MPIN set by them."
This MPIN will act as a passcode to run the Poshan Tracker App and entering the information in the beneficiaries forms.,हे एमपीन पोषण ट्रॅकर अॅप चालविण्यासाठी पासकोड म्हणून काम करेल आणि लाभार्थी फॉर्ममध्ये माहिती प्रविष्ट करेल.,This MP will act as a passcode to run the POSHAN tracker app and enter the information in the beneficiary form.
How to ensure timely initiation of complementary feeding,पूरक आहार वेळेवर सुरू करण्याची खात्री कशी करावी,How to ensure timely delivery of supplements
Poshan Tracker App can only be installed in Android Phone with Android version 6.0 and above.,पॉशन ट्रॅकर अॅप केवळ अँड्रॉइड फोन ६.० आणि त्यावरील आवृत्तीसह स्थापित केला जाऊ शकतो.,The POSHAN Tracker app can be installed with Android Phone 6.0 and above only.
General Awareness about Growth Monitoring of Children,मुलांच्या ग्रोथ मॉनिटरिंग बद्दल सामान्य जागरूकता,General Awareness on Child Growth Monitoring
Wasting is defined as low weight-for-height,अशक्त जाण्याची व्याख्या उंचीसाठी कमी वजन अशी केली जाते,Disability is defined as low weight for height
Hot Cooked Meal (HCM) Given Today,आज दिलेला गरम शिजवलेले भोजन (एचसीएम),Hot Cooked Meal (HCM) served today
There are 6 categories for beneficiariesPregnant WomenLactating MotherChildren from 0 to 6 monthsChildren from 6 months to 3 yearsChildren from 3 years to 6 yearsAdolescent girls,लाभार्थ्यांसाठी 6 श्रेणी आहेतगर्भवती महिलास्तनपान करणारी आईमुले 0 महिने - 6 महिनेमुले 6 महिने - 3 वर्षेमुले 3 वर्षे - 6 वर्षेकिशोरवयीन मुली,"There are 6 categories of beneficiaries: Pregnant women, Lactating mothers, Pregnant women, Lactating mothers, Pregnant women, Lactating mothers, Pregnant women, Lactating mothers, Pregnant women, Lactating mothers, Pregnant women, Lactating mothers, Pregnant women, Lactating mothers, Pregnant women, Lactating women, Pregnant women, Lactating women, Pregnant women, Lactating women, Lactating women, Pregnant women, Lactating women, Pregnant women, Lactating women, Lactating women, Pregnant women, Lactating mothers, Pregnant women, Lactating women, Pregnant women, Lactating women, Pregnant women, Pregnant women, Lactating women, Pregnant women, Lactating mothers and Lactating women."
"Data Plan for Mobile Application (01 March, 2021)",मोबाइल अनुप्रयोगासाठी डेटा प्लॅन (०१ मार्च २०२१),Data Plan for Mobile Application (01.03.2021)
 VIII. LIMITATIONS OF MULTI- LINGUAL INTERFACE, VIII. बहु-भाषिक इंटरफेसच्या मर्यादा,Multilingual interface limit
Srijangram I. C. D. S. Project,सृजनग्राम आयसीडीएस प्रकल्प,Srijangram ICDS Project
"We may investigate any violation of these Terms, including unauthorized use of the Site.",आम्ही साइटच्या अनधिकृत वापरासह या अटींच्या कोणत्याही उल्लंघनाची चौकशी करू शकतो.,"We can investigate any violation of these conditions, including unauthorized use of the site."
We may provide law enforcement with information you provide to us related to your transactions to assist in any investigation or prosecution of you.,तुमच्यावरील कोणत्याही तपासात किंवा खटला चालवण्यात मदत करण्यासाठी तुमच्या व्यवहारांशी संबंधित तुम्ही आम्हाला प्रदान केलेली माहिती आम्ही कायद्याची अंमलबजावणी करू शकतो.,We can enforce the law by providing you with information related to your transactions to assist in any investigation or prosecution against you.
We may take legal action that we feel is appropriate.,आम्हाला योग्य वाटेल अशी कायदेशीर कारवाई आम्ही करू शकतो.,We will take appropriate legal action.
Poshan Calculator helps to identify various health conditions of the child as per World Health Organization (WHO) standards,पोषण कॅल्क्युलेटर जागतिक आरोग्य संघटनेच्या (डब्ल्यूएचओ) मानकांनुसार मुलाच्या विविध आरोग्य स्थिती ओळखण्यास मदत करते,The POSHAN Calculator helps in identifying the various health status of the child as per World Health Organization (WHO) standards
How to take care of weak newborn with the help of Kangaroo Mother Care,कांगारू मदर केअरच्या मदतीने कमकुवत नवजात बाळाची काळजी कशी घ्यावी,How to take care of a weak newborn with Kangaroo Mother Care?
"Any liabilities civil or criminal, arising out of any incorrect data, shall solely lie with the concerned ASP.",कोणत्याही चुकीच्या डेटामुळे उद्भवलेल्या कोणत्याही दिवाणी किंवा फौजदारी दायित्वे केवळ संबंधित एएसपीकडेच राहतील.,Any civil or criminal liability arising out of any incorrect data shall remain with the concerned ASPs only.
Poshan Tracker App is available over Google playstore https://play. google. com/store/apps/details?,पोषण ट्रॅकर अॅप गुगल प्लेस्टोअरवर उपलब्ध आहे https://play. google. com/store/apps/details?,The POSHAN tracker app is available on Google Playstore at https: / / play.google.com / store / apps / details? id =? id =? id =? t
Can App be accessed without internet?,इंटरनेटशिवाय आप मध्ये प्रवेश केला जाऊ शकतो का?,Is it possible to access you without internet?
The Government has taken several initiatives to break the intergenerational cycle of malnutrition in children.,मुलांमध्ये कुपोषणाच्या मध्यंतरी चक्र मोडीत काढण्यासाठी सरकारने अनेक पुढाकार घेतले आहेत.,The government has taken several initiatives to break the cycle of malnutrition among children.
"Adopting a life-cycle approach, interventions have been designed to meet the nutritional requirement of adolescent girls and boys, pregnant women, lactating mothers and children.","जीवन-चक्र दृष्टिकोन स्वीकारणे, हस्तक्षेप किशोरवयीन मुली आणि मुले, गर्भवती महिला, स्तनपान करणारी माता व मुलांची पौष्टिक आवश्यकता भागविण्यासाठी डिझाइन केले गेले आहे.","The intervention is designed to meet the nutritional needs of adolescent girls and children, pregnant women, lactating mothers and children."
Awareness for Pregnancy in Preventing Anemia,गरोदरपणात रक्तशय टाळण्यासाठी जागरूकता,Awareness to avoid bleeding during pregnancy
"Howrah North (U) I. C. D. S. Project, Howrah","हावडा उत्तर (यु) आयसीडीएस प्रकल्प, हावडा","Howrah North (U) ICDS Project, Howrah"
Birth Preparedness- For Institutional and Home Delivery,जन्माची तयारी- दवाखान्यात आणि घरी प्रसूतीसाठी,Birth Preparations - Hospital and Home delivery
New beneficiary addition with skip OTP option,"ओटीपी वगळा, पर्यायासह नवीन लाभार्थी जोडणे","Inclusion of new beneficiaries with options, excluding OTP"
We are now available on Video Conference,आम्ही आता व्हिडिओ कॉन्फरन्सवर उपलब्ध आहोत,We are now available through video conference
"Poshan Tracker App is meant for Aanganwadi workers, Anganwadi centers to enter beneficiaries data in the forms.","अंगणवाडी सेविका, अंगणवाडी केंद्रे, लाभार्थ्यांचा डेटा फॉर्ममध्ये टाकण्यासाठी पोषण ट्रॅकर अॅप आहे.","There is a POSHAN tracker app for uploading the data of Anganwadi Workers, Anganwadi Centres, beneficiaries in the form."
It is not at all developed for general public.,हे सर्वसामान्यांसाठी अजिबात विकसित केलेले नाही.,It is not meant for the common man.
Swastha Balak/Balika Spardha Mission is about celebrating the health of children in India.,Swastha Balak/Balika Spardha Mission is about celebrating the health of children in India.,Swastha Balak / Balika Spardha Mission is about celebrating the health of children in India.
It entails identification and awareness of health conditions and providing necessary support wherever required.,It entails identification and awareness of health conditions and providing necessary support wherever required.,It indicates identification and awareness of health conditions and providing adequate support wherever required.
”Our Privacy Policy applies when you use our Services (described below).,"""Our Privacy Policy applies when you use our Services (described below).",Our Privacy Policy applies when you use our Services (described below).
"This Privacy Policy is meant to help you understand what information we collect, why we collect it, and how it is used and shared.","This Privacy Policy is meant to help you understand what information we collect, why we collect it, and how it is used and shared.","This Privacy Policy is meant to help you understand what information we collect, why we collect it, and how it is used and shared."
The collecting and retaining agency in respect of your information is Ministry of Women and Child Development.,The collecting and retaining agency in respect of your information is Ministry of Women and Child Development.,The collecting and retaining agency in respect of your information is Ministry of Women and Child Development.
We are committed to protecting the security of your personal information and safeguarding your privacy.,We are committed to protecting the security of your personal information and safeguarding your privacy.,We are committed to protecting the security of your personal information and protecting your privacy.
How to revive your health if you are Underweight,तुमचे वजन कमी असल्यास तुमचे आरोग्य कसे सुधारावे,How to improve your health if you are underweight
Can a beneficiary change his/her AWC?,लाभार्थी त्याचे/तिचे अंगणवाडी केंद्र बदलू शकतो का?,Can the beneficiary change his / her Anganwadi Centre?
"We use the information we have, to help verify accounts.",खाती पडताळण्यात मदत करण्यासाठी आम्ही आमच्याकडे असलेली माहिती वापरतो.,We use the information we have to help us verify the accounts.
The records may be used for verification of health status for the purposes of Poshan Tracker control and response.,पोषण ट्रॅकर नियंत्रण आणि प्रतिसादाच्या उद्देशाने आरोग्य स्थितीच्या पडताळणीसाठी रेकॉर्डचा वापर केला जाऊ शकतो.,The records can be used for verification of health status for the purpose of nutrition tracker control and response.
Scan the QR Code to Download the App,अॅप डाउनलोड करण्यासाठी क्यूआर कोड स्कॅन करा,Scan the QR code to download the app
Who is eligible for Hot Cooked Meal?,गरम शिजवलेल्या जेवणासाठी कोण पात्र आहे?,Who is eligible for hot cooked meals?
Identifying and preventing Severe Acute Malnutrition,गंभीर तीव्र कुपोषण ओळखणे आणि प्रतिबंध करणे,To identify and prevent severe acute malnutrition
Children who are identified as deficit on nutrition are eligible for additional food supplements.,पोषणाची कमतरता म्हणून ओळखली जाणारी मुले अतिरिक्त आहार पूरक आहारांसाठी पात्र आहेत.,Children who are known to be deficient in nutrition are eligible for additional dietary supplements.
Who is eligible for additional supplementary food.,अतिरिक्त पूरक आहारासाठी कोण पात्र आहे.,Who is eligible for additional supplementary diet.
"Uploading of Data of Anganwadi Services Schemes in Poshan Tracker (24 May, 2021)","पोषण ट्रेकरमध्ये अंगणवाडी सेवा योजनांचा डेटा अपलोड करणे (24 मे, 2021)","Uploading of Anganwadi Services data in POSHAN tracker (24th May, 2021)"
Children between 6 months - 3 years,६ महिन्यांपासून ३ वर्षाच्या मुलांची केली,Children aged 6 months to 3 years
"Ministry of Women and Child Development, Government of India, Shastri Bhawan, New Delhi","महिला व बाल विकास मंत्रालय, भारत सरकार, शास्त्री भवन, नवी दिल्ली","Ministry of Women and Child Development, Government of India, Shastri Bhawan, New Delhi"
Care of the weak newborn baby - How many weak babies are we missing?,अशक्त नवजात बाळाची काळजी - आपण किती अशक्त नवजात  बालके गमावत आहोत?,Care for a Disabled Newborn - How many of our disabled newborns are we losing?
Underweight children who received Supplementary Nutrition,कमी वजनाची मुले ज्यांना पूरक पोषण मिळाले,Low birth weight children who received supplementary nutrition
Identification and care of a Weak Newborn baby,अशक्त नवजात बाळाची ओळख आणि काळजी,Identification and Care of a Disabled Newborn
1.2. Information from use of services.,1.2. सेवांच्या वापरावरून माहिती.,1.2 Information on use of services.
Please contact your respective Anganwadi Centre.,कृपया तुमच्या संबंधित अंगणवाडी केंद्राशी संपर्क साधा.,Please contact your respective Anganwadi Centre.
GOBARDANGA I. C. D. S PROJECT(U),गोबरडंगा आयसीडीएस प्रकल्प(यु),Gobardanga ICDS Project (U)
Please fill in the form below to create a new ticket.,नवीन तिकीट तयार करण्यासाठी कृपया खालील फॉर्म भरा.,Please fill out the following form to generate a new ticket.
Anganwadi Worker will reach out to you within 48 hours.,अंगणवाडी सेविका 48 तासांच्या आत तुमच्यापर्यंत पोहोचेल.,Anganwadi worker will reach you in 48 hours.
Please note down the ticket number for future reference.,भविष्यातील संदर्भासाठी कृपया तिकीट क्रमांकाची नोंद करा.,Please enter the ticket number for future reference.
Poshan Tracker is a project of Ministry of Women and Child Development.,पोषण ट्रॅकर हा महिला आणि बाल विकास मंत्रालयाचा प्रकल्प आहे.,POSHAN tracker is a project of the Ministry of Women and Child Development.
Digital India Corporation is the technical partner of MoWCD.,डिजिटल इंडिया कॉर्पोरेशन हे मोडब्ल्यूसीडी  चे तांत्रिक भागीदार आहे.,Digital India Corporation is the technology partner of MoWCD.
Poshan Tracker focuses on eradication of malnutrition from India.,पोषण ट्रॅकर भारतातून कुपोषण निर्मूलनावर लक्ष केंद्रित करते.,POSHAN tracker focuses on eliminating malnutrition in India.
It serves as a mechanism to monitor and improvise on the service delivery under Poshan Abhiyaan,पोषण अभियानांतर्गत सेवा वितरणावर देखरेख आणि सुधारणा करण्यासाठी हे एक यंत्रणा म्हणून काम करते,It acts as a mechanism for monitoring and improving service delivery under POSHAN Abhiyaan
Is poshan trackers app available over Apple I Store also?,अँपल आय स्टोअरमध्येही पोषण ट्रॅक अॅप उपलब्ध आहे का?,Is POSHAN TRACK APP also available on Apple iStore?
Number of records becoming inactive and number of records migrating from one category to another,निष्क्रीय होणार्या नोंदींची संख्या आणि एका श्रेणीतून दुसर्यात स्थलांतरित होणार्या नोंदींची संख्या,Number of inoperative entries and number of entries migrating from one category to another
In How many languages the Poshan Tracker App is available?,पोषण ट्रॅकर अॅप किती भाषांमध्ये उपलब्ध आहे?,How many languages is the POSHAN Tracker App available?
AWWs are requested to enter their mobile numbers in the Login screen.,एडब्ल्यूडब्ल्यू ला लॉगिन स्क्रीनमध्ये त्यांचे मोबाइल नंबर प्रविष्ट करण्याची विनंती केली जाते.,AWW is requested to enter their mobile number in the login screen.
"An OTP will be sent to your registered mobile number, post which you are required too set your MPIN.",आपल्या नोंदणीकृत मोबाइल नंबरवर एक ओटीपी पाठविला जाईल जो आपण आपला एमपीन म्हणून सेट करणे आवश्यक आहे.,"An OTP will be sent to your registered mobile number, which you will have to set as your MPIN."
Measles Containing vaccine (MCV)/MR-2JE-2**DiphtheriaPertussis & Tetanus (DPT)-Booster-1OPV –Booster,गोवर (एमसीव्ही)/एमआर-2जेई-2**घटसर्पपेर्ट्युसिस आणि टिटॅनस (डीपीटी)-बूस्टर-1ओपीव्ही - बूस्टर,Gower (MCV) / MR-2JE-2 * Ghatsarpupartosis and Tetanus (DPT) - Booster 1OPV - Booster
The Poshan Tracker enables real-time monitoring and tracking of all AWCs and beneficiaries on defined indicators.,पोषण ट्रॅकर सर्व अंगणवाडी केंद्रस् आणि लाभार्थ्यांचे रिअल-टाइम मॉनिटरिंग आणि परिभाषित निर्देशकांवर मागोवा ठेवण्यास सक्षम करते.,POSHAN tracker enables real time monitoring of all Anganwadi Centres and beneficiaries and tracking on defined indicators.
It is built using centralized data architecture that also aligns with the digital technology systems of other ministries and programs.,हे केंद्रीकृत डेटा आर्किटेक्चर वापरून तयार केले गेले आहे जे इतर मंत्रालये आणि कार्यक्रमांच्या डिजिटल तंत्रज्ञान प्रणालींशी देखील संरेखित होते.,It is built on a centralized data architecture that aligns with the digital technology systems of other ministries and programs.
The public dashboard helps to impart transparency on services delivered to beneficiaries,सार्वजनिक डॅशबोर्ड लाभार्थ्यांना दिल्या जाणार्या सेवांमध्ये पारदर्शकता आणण्यास मदत करतो,The Public Dashboard helps in bringing transparency in the services provided to the beneficiaries
Translations on the Poshan Tracker Portal & App Chabot are done by third party translators.,पोषण ट्रॅकर पोर्टल आणि एप चॅबॉट वरील भाषांतर तृतीय पक्ष अनुवादकाद्वारे केले जाते.,Translations on the POSHAN tracker portal and app chatbot are done by third party interpreters.
"While the translations are done on a best effort basis, some of the parts may be incorrect.",भाषांतरे सर्वोत्कृष्ट प्रयत्नांच्या आधारावर केली जात असली तरी काही भाग चुकीचे असू शकतात.,"Though translations are based on best effort, they may be wrong in some respects."
Certain files and other items on the website cannot be translated.,वेबसाइटवरील काही फाइल्स आणि इतर गोष्टींचे भाषांतर केले जाऊ शकत नाही.,Some of the files and other things on the website cannot be translated.
"In addition, on translation, some applications and/or services may not function as expected, due to language barriers.","याव्यतिरिक्त, भाषांतरावर, भाषेच्या अडथळ्यांमुळे काही अनुप्रयोग आणि/किंवा सेवा अपेक्षेप्रमाणे कार्य करू शकत नाहीत.","Additionally, on translation, some applications and / or services may not work as expected due to language barriers."
"We are working constantly to rectify any errors, omissions, or ambiguities in the translations provided on this portal.","या पोर्टलवर प्रदान केलेल्या भाषांतरांमधील कोणत्याही त्रुटी, चूक किंवा अस्पष्टता सुधारण्यासाठी आम्ही सतत काम करत आहोत.","We are constantly working to rectify any errors, errors or ambiguities in the translations provided on this portal."
"The MGRS collected primary growth data and related information from approximately 8500 children from widely different ethnic backgrounds and cultural settings (Brazil, Ghana, India, Norway, Oman and the USA)","एमजीआरएसने मोठ्या प्रमाणावर भिन्न वांशिक पार्श्वभूमी आणि सांस्कृतिक सेटिंग्जमधील (ब्राझील, घाना, भारत, नॉर्वे, ओमान आणि यूएसए) अंदाजे 8500 मुलांकडून प्राथमिक वाढ डेटा आणि संबंधित माहिती गोळा केली","MGRS collected primary growth data and related information from approximately 8500 children across a wide range of ethnic backgrounds and cultural settings (Brazil, Ghana, India, Norway, Oman and USA)"
Children of different age groups are monitored on monthly basis by AWWs.,वेगवेगळ्या वयोगटातील मुलांचे मासिक आधारावर अंगणवाडी सेविकास् द्वारे निरीक्षण केले जाते.,The children of different age groups are monitored on a monthly basis by Anganwadi Sevikas.
"Health indicators like Stunting, Wasting and Underweight prevalence are measured as per WHO standards.","खुंटणे, अशक्तपणा आणि कमी वजनाचे प्रमाण यासारखे आरोग्य निर्देशक डब्ल्यूएचओ मानकांनुसार मोजले जातात.","Health indicators such as stunting, anaemia and low birth weight are measured in accordance with WHO standards."
Regular growth monitoring helps AWWs to provide relevant and timely assistance to children,नियमित वाढीचे निरीक्षण केल्याने अंगणवाडी सेविका ला मुलांना संबंधित आणि वेळेवर सहाय्य प्रदान करण्यात मदत होते,Regular monitoring of the growth of Anganwadi workers will help in providing relevant and timely support to the children
"Awareness for Children Stunting, Wasting to prevent malnutrition in children","मुलांमधील कुपोषण टाळण्यासाठी बुटकेपणा, लूकडेपणा याबाबत जनजागृती",Awareness on Stunting and Malnutrition among Children
Poshan Tracker adds new application features,पोशन ट्रॅकर नवीन ऍप्लिकेशन वैशिष्ट्ये जोडत आहे,Adding new application features to the POSHAN tracker
Making or Updating Home Visit Planner and Initiating home visits,गृह- भेटीचे नियोजन बनवणे किंवा अपडेट करणे आणि गृह- भेटी सुरू करणे,Planning or updating a home visit and starting home visits
Poshan Calculator is designed to measure growth of the child based on standards defined by World Health Organization (WHO),पोषण कॅल्क्युलेटर हे मुलांची वाढ मोजण्यासाठी डिझाइन केलेले आहे जे जागतिक आरोग्य संघटनेने (डब्ल्यूएचओ) परिभाषित केलेल्या मानकांच्या आधारे मूल्यमापन करते,The POSHAN calculator is designed to measure the growth of children which is evaluated on the basis of parameters defined by the World Health Organization (WHO)
Migrated from one category to another,एका श्रेणीतून दुसर्यात स्थलांतरित झाले,Migrating from one category to another
It usually occurs when a person has not had food of adequate quality and quantity and/or they have had frequent or prolonged illnesses,हे सहसा तेव्हा होते जेव्हा एखाद्या व्यक्तीने पुरेशा दर्जाचे आणि प्रमाणात अन्न घेतले नसते आणि/किंवा त्यांना वारंवार किंवा दीर्घकाळापर्यंत आजार होत असतात,This usually happens when a person does not take adequate quality and quantity of food and / or suffers from frequent or prolonged illness
"Poshan Abhiyaan is India’s flagship programme to improve nutritional outcomes for children, adolescents, pregnant women and lactating mothers by leveraging technology, a targeted approach and convergence.","मुले, किशोरवयीन मुले, गर्भवती महिला आणि स्तनपान करणार्या मातांना तंत्रज्ञानाचा लाभ देऊन, लक्ष्यित दृष्टिकोन आणि अभिसरण देऊन पौष्टिक परिणाम सुधारण्यासाठी पोषण अभियान हा भारताचा प्रमुख कार्यक्रम आहे.","POSHAN Abhiyaan is India's flagship programme to improve the nutritional outcomes of children, adolescents, pregnant women and lactating mothers by providing them access to technology, targeted approach and convergence."
Hot Cooked Meal (HCM) given in last 30 days,मागील ३० दिवसात दिलेली गरम शिजवलेले भोजन (एचसीएम),Hot Cooked Meals (HCM) served in last 30 days
Uploading of Data of Anganwadi Services Schemes in Poshan Tracker,पोषण ट्रॅकरमध्ये अंगणवाडी सेवा योजनांचा डेटा अपलोड करणे,Uploading of Anganwadi Services data in POSHAN tracker
The Poshan Tracker generates automated alerts to the critical last-mile beneficiaries.,पोषण ट्रॅकर शेवटच्या टप्प्यातील गंभीर लाभार्थ्यांना स्वयंचलित सूचना व्युत्पन्न करतो.,The POSHAN tracker generates automated notifications for critical beneficiaries in the last stage.
It also ensures efficient audit of the delivery system by documenting real time attendance of beneficiaries and duty bearers.,हे लाभार्थी आणि कर्तव्य धारकांच्या वास्तविक वेळेच्या उपस्थितीचे दस्तऐवजीकरण करून वितरण प्रणालीचे कार्यक्षम ऑडिट देखील सुनिश्चित करते.,It also ensures an efficient audit of the distribution system by documenting the real time attendance of the beneficiaries and the duty holders.
"This management information system will help the nutrition programme to scale efficiently, thereby generating and documenting positive impact","ही व्यवस्थापन माहिती प्रणाली पोषण कार्यक्रमास कार्यक्षमतेने मापन करण्यास मदत करेल, ज्यामुळे सकारात्मक प्रभाव निर्माण आणि दस्तऐवजीकरण होईल","This Management Information System will help in effective measurement of POSHAN Abhiyaan, which will create a positive impact and document it"
How can one Download Poshan Tracker App?,आपण पोशन ट्रॅकर अॅप डाउनलोड कसे करू शकतो?,How to download the Poshan Tracker App?
"Clarification regarding Cost of Smart phones (03 June, 2021)","स्मार्ट फोनच्या किंमतीबाबात स्पष्टीकरण (03 जून, 2021)","Clarification on Price of Smartphones (June 03, 2021)"
along with status update once resolved,निराकरण झाल्यानंतर स्थिती अपडेट सह,With status update after resolution
"The Poshan Tracker system is regularly audited by auditors engaged by MWCD, for security and scalability of the system.",प्रणालीच्या सुरक्षितता आणि मापनक्षमतेसाठी पोषण ट्रॅकर प्रणालीचे नियमितपणे एमडब्ल्यूसीडीद्वारे गुंतलेल्या ऑडिटर्सद्वारे ऑडिट केले जाते.,The POSHAN tracker system is regularly audited by auditors engaged by MWCD for safety and scalability of the system.
The records may be used for such audits.,अशा ऑडिटसाठी नोंदी वापरल्या जाऊ शकतात.,Records can be used for such audit.
Poshan Tracker adds new Resources on Website,पॉशन ट्रॅकर वेबसाइट वैशिष्ट्यावर नवीन संसाधने जोडते,Adds new resources to the position tracker website feature
"Technology under Poshan Tracker is being leveraged for dynamic identification of stunting, wasting, under-weight prevalence among children and last mile tracking of nutrition service delivery","मुलांमध्ये खुंटणे, अशक्तपणा, कमी वजनाचे प्रमाण आणि पोषण सेवा वितरणाचा शेवटचा माइल ट्रॅकिंग यासाठी पोषण ट्रॅकर अंतर्गत तंत्रज्ञानाचा वापर केला जात आहे","Technology is being used under POSHAN tracker for stunting, under-nutrition, low birth weight, and last-mile tracking of nutrition service delivery among children"
The System also takes feedback about system performance and experience.,ही यंत्रणा व्यवस्थेचे कार्यप्रदर्शन आणि अनुभवाबद्दल फीडबॅक देखील घेते.,The system also takes feedback on the performance and experience of the system.
"Information on name, mobile number, date of registration and health status may be used for these purposes","या उद्देशांसाठी नाव, मोबाईल नंबर, नोंदणीची तारीख आणि आरोग्य स्थिती यावरील माहिती वापरली जाऊ शकते","Information on name, mobile number, registration date and health status can be used for these purposes"
"We collect the content and other information that you provide when you use our Services, including when you sign up for an account.","तुम्ही आमच्या सेवा वापरता तेव्हा तुम्ही दिलेली सामग्री आणि इतर माहिती आम्ही गोळा करतो, ज्यामध्ये तुम्ही खात्यासाठी साइन अप करता तेव्हा.","When you use our services, we collect the content and other information you provide when you sign up for an account."
"You may, however, choose not to share personal data where providing the data is optional.","तथापि, तुम्ही वैयक्तिक डेटा शेअर न करणे निवडू शकता जेथे डेटा प्रदान करणे पर्यायी आहे.","However, you can choose not to share personal data where providing data is optional."
Tracking of services to the end beneficiary at a click of a button.,एका बटणाच्या क्लिकवर अंतिम लाभार्थीपर्यंत सेवांचा पाठपुरवठा करणे.,Delivery of services to the ultimate beneficiary at the click of a button.
"Services like Take Home Ration (THR) and Hot cooked Meal (HCM), vaccination for Infants and Pregnant Women","होम रेशन(टीएचआर) आणि गरम शिजवलेले जेवण (एचसीएम), नवजात बालकांसाठी आणि गर्भवती महिलांसाठी लसीकरण यासारख्या सेवा","Services like Home Ration (THR) and Hot Cooked Meals (HCM), Vaccination for Newborn and Pregnant Women"
"New Poshan Tracker App (13 January, 2021)","नवीन पोषण ट्रॅकर अॅप (१३ जानेवारी, २०२१)","New POSHAN Tracker App (13th January, 2021)"
Preventing illnesses to avert Malnutrition and Death,कुपोषण आणि मृत्यू टाळण्यासाठी आजारांना प्रतिबंध करणे,Preventing Malnutrition and Infectious Diseases
Scan the QR Code to Download the App,एप डाउनलोड करण्यासाठी क्यूआर कोड स्कॅन करा,Scan the QR code to download the app
Pregnant women who received Take Home Ration (THR),होम रेशन(टीएचआर) मिळालेल्या गर्भवती महिला,Pregnant women receiving Home Ration (THR)
General Awareness on SAM and MAM,गंभीर तीव्र कुपोषण आणि मध्यम तीव्र कुपोषण वर सामान्य जागरूकता,General Awareness on Severe and Medium Severe Malnutrition
"App can be accessed offline, currently daily tracking feature is available for offline data entry.Offline mode can store latest 3 days data.",वैध इंटरनेट कनेक्शनशिवाय अॅप कार्य करत नाही.,The app does not work without a valid internet connection.
These organizations will not use the APIs/ No-code webpage integration to encourage or promote illegal activity or violation of third-party rights including these Terms with Poshan Tracker.,पॉशन ट्रॅकरसह या अटींसह बेकायदेशीर क्रियाकलाप किंवा तृतीय-पक्ष अधिकारांचे उल्लंघन करण्यास प्रोत्साहन देण्यासाठी या संस्था एपीआय/ नो-कोड वेबपृष्ठ एकत्रीकरण वापरणार नाहीत.,These entities shall not use API / no-code webpage aggregation to promote unlawful activities or violation of third-party rights with these conditions including position tracker.
"Pregnant Women, Lactating Mothers, Children from 6 months to 3 years and adolescent girls.","गरोदर महिला, स्तनपान करणार्या माता, 6 महिने ते 3 वर्षे वयोगटातील मुले आणि किशोरवयीन मुली.","Pregnant women, lactating mothers, children in the age group of 6 months to 3 years and adolescent girls."
"New Poshan Tracker App : CSC-SPV Nodal Person (02 February, 2021)","नवीन पोषण ट्रॅकर अॅपः सीएससी-एसपीव्ही नोडल व्यक्ती (०२ फेब्रुवारी, २०२१)",New POSHAN Tracker App: CSC SPV Nodal Person (02 February 2021)
An AWW can use ‘Migrate Beneficiary’ option to migrate a beneficiary from one AWC to another AWC basis their Aadhaar number.,एक अंगणवाडी सेविका लाभार्थी एका अंगणवाडी केंद्र मधून दुसर्या अंगणवाडी केंद्र मध्ये त्यांच्या आधार क्रमांकाच्या आधारे स्थलांतरित करण्यासाठी 'माइग्रेट लाभार्थी' पर्याय वापरू शकतो.,One Anganwadi Worker can use the option of Migrate Beneficiary to migrate from one Anganwadi Centre to another based on their Aadhaar number.
A beneficiary is eligible for HCM for at least 21 days in a month.,एक लाभार्थी एका महिन्यात किमान 21 दिवस एचसीएम साठी पात्र असतो.,A beneficiary is eligible for HCM for a minimum period of 21 days in a month.
ABHA (Health ID) and its Benefits,एबीएचए (आरोग्य आयडी) आणि त्याचे फायदे,ABHA (Health ID) and its benefits
"We'ar sorry, the page you requested could not be found.","आम्ही दिलगीर आहोत, आपण विनंती केलेले पृष्ठ आढळू शकले नाही.","We are sorry, the page you requested could not be found."
Dadra & Nagar Haveli - Daman & Diu,दादरा आणि नगर हवेली - दमण आणि दीव,Dadra and Nagar Haveli Daman and Diu
Download Mobile App from Play Store,प्ले स्टोअर वरून मोबाईल एप डाउनलोड करा,Download the app from the Play Store
General Awareness on the Delivery of the child,्रसूतीबद्दल आणि बाळाच्या जन्माबद्दल सामान्य जागरूकता,General Awareness about Maternity and Childbirth
"We also use the data to operate our services, which includes analyzing our performance, meeting our legal obligations, developing our workforce, and doing research.","आम्ही आमच्या सेवा ऑपरेट करण्यासाठी देखील डेटा वापरतो, ज्यामध्ये आमच्या कार्यप्रदर्शनाचे विश्लेषण करणे, आमच्या कायदेशीर दायित्वांची पूर्तता करणे, आमचे कार्यबल विकसित करणे आणि संशोधन करणे समाविष्ट आहे.","We also use data to operate our services, which includes analysing our performance, fulfilling our legal obligations, developing our workforce and doing research."
Where can I enquire about Hot Cooked Meal?,मी गरम शिजवलेल्या जेवणाबद्दल कुठे चौकशी करू शकतो?,Where can I inquire about hot cooked food?
In how many languages AWW can enter the data while filling up the form?,फॉर्म भरताना किती भाषांमध्ये एडब्ल्यूडब्ल्यू किंवा एडब्ल्यूसी डेटा प्रविष्ट करू शकतात?,How many languages AWW or AWC can enter data while filling the form?
Children who are identified as deficit on nutrition are eligible for additional food supplements.,पोषणाची कमतरता म्हणून ओळखली जाणारी मुले अतिरिक्त आहार पूरक आहारांसाठी पात्र आहेत.,Children who are known to be deficient in nutrition are eligible for additional dietary supplements.
An underweight person is a person whose body weight is considered too low to be healthy,कमी वजनाची व्यक्ती अशी व्यक्ती असते ज्यांचे शरीराचे वजन निरोगी होण्यासाठी खूप कमी मानले जाते,A person with low body weight is considered very low in order to be healthy
When and how to use MPIN?,एमपीन कधी आणि कसा वापरावा?,How and when to apply?
Ensuring that complementary feeding improves over time,कालांतराने पूरक आहार सुधारत आहे याची खात्री करणे,Ensure that the supplements are improved over time
Using ABHA (Health ID) is the first step towards creating safer and efficient digital health records for you and your family.,एबीएचए (आरोग्य आयडी) याचा वापर हे तुमच्यासाठी आणि तुमच्या कुटुंबासाठी सुरक्षित आणि कार्यक्षम डिजिटल आरोग्य नोंदी तयार करण्याच्या दिशेने पहिले पाऊल आहे.,The use of ABHA (Health ID) is the first step towards creating a safe and efficient digital health record for you and your family.
ABHA (earlier known as Health ID) is an acronym for Ayushman Bharat Health Account.,एबीएचए (पूर्वी आरोग्य आयडी म्हणून ओळखले जाणारे) हे आयुष्मान भारत आरोग्य खात्याचे संक्षिप्त रूप आहे.,ABHA (formerly known as Arogya ID) is the acronym for Ayushman Bharat Health Department.
AWW/AWCs can only be added by nodal level official.Anybody in the above rank in the hierarchy.,"एडब्ल्यूडब्ल्यू / एडब्ल्यूसी फक्त नोडल स्तराच्या अधिकार्याद्वारे जोडले जाऊ शकतात.पदानुक्रमात वरीलपैकी कोणीही.राष्ट्रीय स्तराप्रमाणेच राज्य, जिल्हा, प्रकल्प आणि क्षेत्र पातळीवरील वापरकर्ता तयार करू शकतो.राज्यस्तरीय वापरकर्ता जिल्हा, प्रकल्प आणि क्षेत्र पातळीवरील वापरकर्ता तयार करू शकतो, जिल्हास्तरीय वापरकर्ता प्रकल्प आणि क्षेत्र पातळीचा वापरकर्ता तयार करू शकतो, प्रकल्प स्तराचा वापरकर्ता क्षेत्र स्तराचा वापरकर्ता तयार करू शकतो.",AWWs / AWCs can be connected only by a nodal officer.
Where can I enquire about take home ration?,होम रेशनबद्दल मी कुठे चौकशी करू शकतो?,Where can I enquire about home rations?
We use the information we collect from all our services for the following purposes:,आम्ही आमच्या सर्व सेवांमधून संकलित केलेली माहिती खालील उद्देशांसाठी वापरतोः,We use the data collected from all our services for the following purposes:
Identification & Referral of Sick Newborn,आजारी नवजात बाळाची ओळख आणि संदर्भ,Identification and Reference of Sick Newborn
 XIV. CORRECTNESS OF DATA PROVIDED BY THIRD PARTY SYSTEMS, XIV. तृतीय पक्ष प्रणालीद्वारे प्रदान केलेल्या डेटाची शुद्धता,XIV. Purity of data provided through third party system
Who is eligible for Take Home Ration?,होम रेशनसाठी कोण पात्र आहे?,Who is eligible for home rations?
Supporting mothers with issues in Breastfeeding,स्तनपानाच्या समस्या असलेल्या मातांना आधार देणे,Support to lactating mothers
"The proposed system should enable real-time monitoring and tracking of all AWCs, AWWs and beneficiaries on the defined indicators.","प्रस्तावित प्रणाली आपल्याला परिभाषित निर्देशकांवर सर्व एडब्ल्यूसी, एडब्ल्यूडब्ल्यू आणि लाभार्थ्यांचे वास्तविक-वेळ देखरेख आणि ट्रॅक करण्यास सक्षम करेल.","The proposed system will enable real time monitoring and tracking of all AWCs, AWWs and beneficiaries on defined indicators."
Above standards are defined as per given above mentioned age brackets,वर नमूद केलेल्या वय कंसानुसार वरील मानके परिभाषित केली आहेत,The above criteria are defined in terms of age bracket as above
"If a person is underweight, their body may not be getting the nutrients it needs to build healthy bones, skin and hair","जर एखाद्या व्यक्तीचे वजन कमी असेल, तर त्यांच्या शरीराला निरोगी हाडे, त्वचा आणि केस तयार करण्यासाठी आवश्यक पोषक तत्त्वे मिळत नाहीत","If a person is underweight, his or her body lacks the nutrients needed to make healthy bones, skin and hair"
MPIN can be set by respective Anganwadi worker by requesting an OTP against his/her mobile number.,एमपीआयएन संबंधित मोबाईल क्रमांकावर ओटीपीची विनंती करुन संबंधित अंगणवाडी सेवकाद्वारे सेट केले जाऊ शकते.,The MPIN can be set up by the concerned Anganwadi Worker by requesting OTP on the respective mobile number.
"If Mobile number is already present in the database, the respective Anganwadi person will receive 4 digits OTP on registered mobile number.",डेटाबेसमध्ये मोबाइल नंबर आधीपासून अस्तित्त्वात असल्यास संबंधित अंगणवाडी व्यक्तीस नोंदणीकृत मोबाइल क्रमांकावर ४ अंकी ओटीपी मिळेल.,"If the mobile number already exists in the database, the concerned Anganwadi person will get a 4-digit OTP on the registered mobile number."
"Post entering the OTP, AWW can easily set customized MPIN.",ओटीपी टाकल्यावर एडब्ल्यूडब्ल्यू सहजपणे सानुकूलित एमपीन सेट करू शकते.,"Once OTP is entered, AWW can easily set up a customized MPIN."
"It enables your interaction with participating healthcare providers, and allows you to receive your digital lab reports, prescriptions and diagnosis seamlessly from verified healthcare professionals and health service providers.","हे सहभागी आरोग्य सेवा प्रदात्यांशी तुमचं एकमेकांशी असलेले संभाषण सक्षम करते आणि तुम्हाला तुमचे डिजिटल लॅब रिपोर्ट्स, प्रिस्क्रिप्शन आणि निदान सत्यापित आरोग्यसेवा व्यावसायिक आणि आरोग्य सेवा प्रदात्यांकडून अखंडपणे प्राप्त करण्यास अनुमती देते.","It enables you to interact with participating healthcare providers and allow you to receive your digital lab reports, prescription and diagnostics verified from healthcare professionals and healthcare providers in a seamless manner."
Our System provides API to Third – Party Sites that may collect your personal information.,आमची सिस्टीम तृतीय-पक्ष साइट्सना एपीआय प्रदान करते जी तुमची वैयक्तिक माहिती संकलित करू शकते.,Our system provides API to third-party sites that can compile your personal information.
Poshan Tracker is not in any manner responsible for the security of such information or their privacy practices or content of those Third – Party Sites.,पोषण ट्रॅकर अशा माहितीच्या सुरक्षिततेसाठी किंवा त्यांच्या गोपनीयता पद्धती किंवा त्या तृतीय पक्षाच्या साइट्सच्या सामग्रीसाठी कोणत्याही प्रकारे जबाबदार नाही.,Poshan trackers are in no way responsible for the security of such information or for their privacy practices or content on third party sites.
These third-party service providers and Third-Party Sites may have their own privacy policies governing the storage and retention of your information that you may be subject to.,या तृतीय-पक्ष सेवा प्रदाते आणि तृतीय-पक्ष साइट्सची त्यांची स्वतःची गोपनीयता धोरणे असू शकतात जी तुमची माहिती साठवून ठेवण्यासाठी आणि ठेवण्यावर नियंत्रण ठेवू शकतात ज्यांच्या तुम्ही अधीन असाल.,These third-party service providers and third-party sites may have their own privacy policies that restrict the storage and possession of your information to which you are subject.
"This Privacy Policy does not govern any information provided to, stored on, or used by these third-party providers and Third-Party Sites.","हे गोपनीयता धोरण या तृतीय-पत्नींना प्रदान केलेली, संग्रहित केलेली किंवा वापरली जाणारी कोणतीही माहिती नियंत्रित करत नाही.","This Privacy Policy does not regulate any information provided, stored or used by a third wife."
"We recommend that when you enter a Third-Party Site, you review the Third Party Site’s privacy policy as it relates to safeguarding of your information.","आम्ही शिफारस करतो की तुम्ही तृतीय-पक्षाच्या साइटमध्ये प्रवेश करता तेव्हा, तुम्ही तृतीय पक्षाच्या साइटच्या गोपनीयता धोरणाचे पुनरावलोकन करा कारण ते तुमच्या माहितीच्या सुरक्षेशी संबंधित आहे.","We recommend that when you log into a third-party site, you review the privacy policy of a third party site because it concerns the security of your information."
You agree and acknowledge that Poshan Tracker will not be liable for the information published in search results or by any Third-Party Sites.,तुम्ही सहमत आहात आणि कबूल करता की शोध परिणामांमध्ये किंवा कोणत्याही तृतीय-पक्ष साइटद्वारे प्रकाशित केलेल्या माहितीसाठी पोषण ट्रॅकर जबाबदार राहणार नाही.,You agree and agree that nutrition trackers will not be responsible for the search results or for the information published by any third party site.
"By visiting or using the Site, you expressly agree to these Terms, as updated from time to time.","साइटला भेट देऊन किंवा वापरून, आपण वेळोवेळी अद्यतनित केल्यानुसार या अटींशी स्पष्टपणे सहमत आहात.","By visiting or using the site, you clearly agree to these terms and conditions as updated from time to time."
"If you do not agree with any part of these terms, do not use the site.","आपण या अटींच्या कोणत्याही भागाशी सहमत नसल्यास, साइट वापरू नका.","If you do not agree with any of these terms and conditions, do not use the site."
You may not use the Site in any manner and may not accept the Terms if you are not of legal age to form a binding contract.,तुम्ही साइट कोणत्याही प्रकारे वापरू शकत नाही आणि बंधनकारक करार तयार करण्यासाठी तुम्ही कायदेशीर वयाचे नसल्यास अटी स्वीकारू शकत नाही.,You cannot access the site in any way and you cannot accept conditions to create a binding agreement unless you are of legal age.
Bacillus Calmette Guerin (BCG)Oral Polio Vaccine (OPV)-0 dose Hepatitis B birth dose OPV-1 T,बॅसिलस कॅल्मेट ग्वेरिन (बीसीजी)ओरल पोलिओ व्हॅक्सिन (ओपीव्ही)-0 डोस हिपॅटायटीस बी जन्म डोस ओपीव्ही-1 टी,Bacillus Calmate Guerin (BCG) Oral Polio Vaccine (OPV) - 0 Dose Hepatitis B Birth Dose OPV - 1 T
"The information collected under Clause 1, shall be used for the purpose of facilitating the health of the beneficiaries.","कलम 1 अंतर्गत संकलित केलेली माहिती, लाभार्थींच्या आरोग्याच्या सुविधेसाठी वापरली जाईल.",The data collected under Section 1 will be used for the health facility of the beneficiary.
"We provide our products, which includes updating, securing, and troubleshooting the information/data/ materials and contents of the System, as well as providing support.","आम्ही आमची उत्पादने प्रदान करतो, ज्यामध्ये सिस्टमची माहिती/डेटा/ सामग्री आणि सामग्री अद्यतनित करणे, सुरक्षित करणे आणि समस्यानिवारण करणे तसेच समर्थन प्रदान करणे समाविष्ट आहे.","We provide our products, which include updating, securing and troubleshooting and providing support for system information / data / content and content."
"When you register on Poshan Tracker, the Mobile number with which you registered, will be used to locate your record from the database.","जेव्हा तुम्ही पोषण ट्रॅकर वर नोंदणी करता, तेव्हा तुम्ही ज्या मोबाईल नंबरने नोंदणी केली होती, तो मोबाईल नंबर डेटाबेसमधून तुमचा रेकॉर्ड शोधण्यासाठी वापरला जाईल.","When you register on POSHAN tracker, the mobile number that you have registered will be used to track your record from the database."
These can also be used to assess the health status as recorded in the Poshan Tracker system.,पोषण ट्रॅकर प्रणालीमध्ये नोंदवल्याप्रमाणे आरोग्य स्थितीचे मूल्यांकन करण्यासाठी देखील याचा वापर केला जाऊ शकतो.,It can also be used to assess the health status as reported in the POSHAN Tracker System.
Training on ICT Platform under POSHAN Abhiyaan,पोषण अभियान अंतर्गत आयसीटी प्लॅटफॉर्मवर प्रशिक्षण,Training on ICT Platform under POSHAN Abhiyaan
"Know more about stunting, wasting and underweight","खुंटणे, अशक्तपणा आणि कमी वजनाबद्दल अधिक जाणून घ्या","Learn more about stamina, fatigue and weight loss"
What information to be added in AWC forms?,एडब्ल्यूसी फॉर्ममध्ये कोणती माहिती जोडायची?,What information should be added to the AWC form?
How to revive your health if you are Moderately Wasted (MAM),जर तुम्ही माफक प्रमाणात अशक्त असाल तर तुमचे आरोग्य कसे सुधारावे ( मॅम),"If you are moderately disabled, how do you improve your health?"
AWC Workers Registered In Last 30 Days,शेवटच्या ३० दिवसांत एडब्ल्यूसी कामगार नोंदणीकृत,AWC Workers Registered in Last 30 Days
Click on above button to get this App,हा अॅप मिळविण्यासाठी वरील बटणावर क्लिक करा,Click here for downloading the app.
Beneficiaries Registered In Last 30 Days,शेवटच्या ३० दिवसांत लाभार्थी नोंदणीकृत,Beneficiaries registered in last 30 days
Specifications of Smart phone and Technical Compatibility Testing,स्मार्टफोनचे तपशील आणि तांत्रिक सुसंगतता चाचणी,Details and technical compatibility test of the smartphone
Stunting is the impaired growth and development that children experience from poor nutrition,खुंटणे म्हणजे बिघडलेली वाढ आणि विकास आहे जी मुलं खराब पोषणामुळे अनुभवतात,Stunting is the stunted growth and development that children experience due to poor nutrition
Children in the age group of 3 years to 6 years,3 वर्षे ते 6 वर्षे वयोगटातील मुले,Children aged 3 to 6 years
What is the eligibility of a beneficiary?,लाभार्थीची पात्रता काय आहे?,What is the eligibility of the beneficiary
Who are the target userbase of Poshan Tracker App?,पोषण ट्रॅकर अॅपचे लक्ष्यित यूजरबेस कोण आहेत?,Who are the targeted users of POSHAN tracker app?
Panchayat Raj Institution (PRI) Member or Local Leader,पीआरआय मेंबर किंवा स्थानिक नेते,PRI members or local leaders
"It often indicates recent and severe weight loss, although it can also persist for a long time","हे बर्याचदा अलीकडील आणि तीव्र कमी वजन दर्शवते, जरी ते दीर्घकाळ टिकू शकते","It often shows recent and severe weight loss, even if it can last long"
What is the minimum requirement to install Poshan Tracker App in mobile?,मोबाइलमध्ये पोषण ट्रॅकर अॅप स्थापित करण्यासाठी किमान आवश्यक काय आहे?,What is the minimum requirement to install the POSHAN tracker app on mobile?
You will only access (or attempt to access) the Site by the means described in the Documentation and will comply with the terms and conditions of this Agreement.,तुम्ही केवळ दस्तऐवजात वर्णन केलेल्या माध्यमांद्वारे साइटवर प्रवेश कराल (किंवा प्रवेश करण्याचा प्रयत्न कराल) आणि या कराराच्या अटी व शर्तींचे पालन कराल.,You will only log on to the site (or try to log in) through the mediums specified in the document and comply with the terms and conditions of the agreement.
"You will comply with all Central and State laws, rules and regulations applicable to you and your use of the Site and affecting any third-party rights.","तुम्ही सर्व केंद्रीय आणि राज्य कायदे, तुम्हाला लागू होणार्या आणि साइटच्या तुमच्या वापरावर आणि कोणत्याही तृतीय-पक्षाच्या अधिकारांवर परिणाम करणारे नियम आणि नियमांचे पालन कराल.","You will abide by all Central and State laws, rules and regulations governing your use of the site and any other third party rights."
You can participate in Swastha Balak Balika Spardha by registering through the website https://poshantracker.,You can participate in Swastha Balak Balika Spardha by registering through the website https://poshantracker.,You can participate in Swastha Balka Spardha by registering through the website https: / / poshantracker.
in or by downloading ‘Poshan Tracker’ App from Google Play Store.,in or by downloading 'Poshan Tracker' App from Google Play Store.,In or by downloading the 'Poshan Tracker' app from Google Play Store.
Clarification regarding Cost of Smart phones,स्मार्ट फोनच्या किमतीबाबत स्पष्टीकरण,Clarification regarding price of Smartphones
Measles Containing vaccine (MCV)/Measles & Rubella (MR)-1Japanese Encephalitis(JE)-1**PCV-Booster,गोवर (एमसीव्ही)/गोवर आणि रुबेला (एमआर)-1जापनीज एन्सेफलायटीस (जेई)-1**पीसीव्ही-बूस्टर,1 Japanese Encephalitis (JE) -1 * PCV-Booster
Mobile number need to be validated within a week,एका आठवड्यात मोबाईल क्रमांक सत्यापित करणे आवश्यक आहे,Verification of mobile number is required within a week
Currently a beneficiary can register by the help of an AWW,सध्या एक लाभार्थी अंगणवाडी सेविका च्या मदतीने नोंदणी करू शकतो,"At present, a beneficiary can register with the help of an Anganwadi worker"
Awareness for Lactating Mother Complimentary Feeding for Children,स्तनपान करणार्या मातेला मुलांसाठी पूरक आहार देण्यासाठी जागरूकता,Awareness to provide Supplementary Nutrition to Lactating Mothers
New Poshan Tracker App - CSC-SPV Nodal Person,नवीन पोषण ट्रॅकर एप - सीएससी-एसपीव्ही नोडल व्यक्ती,New POSHAN Tracker App - CSC - SPV Nodal Person
1.1. Information you provide to us.,1.1. तुम्ही आम्हाला प्रदान केलेली माहिती.,1.1.The information you have provided to us.
How can one access Poshan Tracker Dashboard?,आपण पोशन ट्रॅकर डॅशबोर्डमध्ये प्रवेश कसा करू शकतो?,How can we access the Poshan Tracker Dashboard?
Prevention of Anemia in children and adolescents girls,मुले आणि किशोरवयीन मुलींमध्ये रक्तशय प्रतिबंध,Blood donation & contraception in children and adolescents
Gangarampur Addl. I. C. D. S Project,गंगारामपूर अतिरिक्त. आय. सी. डी. एस प्रकल्प,Gangarampur Addl. ICDS Project
Can a beneficiary register directly using application.,अर्ज वापरून लाभार्थी थेट नोंदणी करू शकतो,The beneficiary can directly register using the application
The Ministry of Women and Child Development has rolled out Poshan Tracker application.,महिला व बाल विकास मंत्रालयाने पोषण ट्रॅकर अर्ज आणला आहे.,Ministry of Women and Child Development has brought out POSHAN tracker application.
"The goal is to follow nutrition systems strengthening approach for improving maternal and child undernutrition, focused on strengthening implementation bottlenecks at all levels.",माता व बालकांचे कुपोषण सुधारण्यासाठी पोषण प्रणालींचे दृढ बळकट करणे हे सर्व स्तरांवर अंमलबजावणीच्या अडथळ्यांना बळकटी देण्यावर लक्ष केंद्रित करण्याचे उद्दीष्ट आहे.,Strengthening nutrition systems to improve maternal and child malnutrition is aimed at strengthening implementation bottlenecks at all levels.
"The Poshan Tracker is built using centralized data architecture, that also aligns with the digital technology systems of other ministries and programs.","पोशन ट्रॅकर हे केंद्रीयकृत डेटा आर्किटेक्चर वापरून तयार केले गेले आहे, जे इतर मंत्रालये आणि प्रोग्रामच्या डिजिटल तंत्रज्ञानासह देखील संरेखित होते.",POSHAN tracker is built using centralized data architecture which aligns with digital technologies of other ministries and programs.
"The system provides a digital identity to each beneficiary through a digital card, and allows convergence of call centre with the technology platform.",सिस्टम प्रत्येक लाभार्थ्यास डिजिटल कार्डद्वारे डिजिटल ओळख प्रदान करते आणि तंत्रज्ञान प्लॅटफॉर्मद्वारे कॉल सेंटरच्या अभिसरणस परवानगी देते.,The system provides digital identity to each beneficiary through digital card and allows convergence of call centre through technology platform.
The system generates automated alerts to the critical last-mile beneficiaries.,सिस्टम अंतिम-मैलाच्या गंभीर लाभार्थ्यांना स्वयंचलित सतर्कता निर्माण करते.,The system automatically generates end-to-end alerts for critical beneficiaries.
"It also ensures efficient audit of the delivery system, by documenting real time attendance of beneficiaries and duty bearers.",तसेच लाभार्थी व कर्तव्य बजावणार्यांच्या रिअल टाइम उपस्थितीचे दस्तऐवजीकरण करून वितरण प्रणालीचे कुशल लेखा परीक्षणाची खात्री केली जाते.,It also ensures efficient audit of distribution system by documenting real time attendance of beneficiaries and functionaries.
"Such a robust digital technology platform and management information system, will help the mission to scale efficiently, thereby generating and documenting significant positive impact.","असा मजबूत डिजिटल तंत्रज्ञान प्लॅटफॉर्म आणि व्यवस्थापन माहिती प्रणाली, अभियानास कार्यक्षमतेने मोजमाप करण्यात मदत करेल आणि त्याद्वारे महत्त्वपूर्ण सकारात्मक प्रभावाची निर्मिती आणि दस्तऐवजीकरण होईल.",Such a robust digital technology platform and management information system will help to efficiently measure the performance of the Mission and generate and document significant positive impact.
Weight should be between 0.90 to 58,वजन 0.90 ते 58 च्या दरम्यान असावे,Weight should be in the range of 0.90 to 58
MPIN can be easily reset by any AWW/AWC user.,एमपीआयएन सहजपणे कोणत्याही एडब्ल्यूडब्ल्यू / एडब्ल्यूसी वापरकर्त्याद्वारे रीसेट केले जाऊ शकते.,MPIN can be easily reset by any AWW / AWC user.
"You are required to click on Forgot MPIN, and enter your registered mobile number.","आपल्याला विसरलेले एमपीन वर क्लिक करणे आवश्यक आहे, आणि आपला नोंदणीकृत मोबाइल नंबर प्रविष्ट करणे आवश्यक आहे.","You need to click on the forgot MPIN, and enter your registered mobile number."
You will receive and OTP on your registered mobile number and you can ealily reset your MPIN,आपल्या नोंदणीकृत मोबाइल नंबरवर आपल्याला ओटीपी प्राप्त होईल आणि आपण आपल्या एमपीनला रीसेट करू शकता.,You will receive an OTP on your registered mobile number and you can reset your MPIN.
The Poshan Tracker is a job-aid to the Anganwadi worker for efficient delivery of services along with reflection of their efforts.,पोषण ट्रॅकर अंगणवाडी कर्मचार्यांना त्यांच्या प्रयत्नांचे प्रतिबिंब देऊन कार्यक्षमतेने सेवा पुरवण्यासाठी नोकरी-सहाय्य आहे.,"The POSHAN tracker is a job-oriented service delivery platform for Anganwadi workers to provide services in an efficient manner, reflecting their efforts."
It is a critical and beneficiary-centric service delivery Application under POSHAN Abhiyaan which will promote real time data with analytics,पोषण अभियानांतर्गत हा एक गंभीर आणि लाभार्थी-केंद्रित सेवा वितरण अनुप्रयोग आहे जो विश्लेषणासह वास्तविक वेळेच्या डेटाला प्रोत्साहन देईल,This is a serious and beneficiary-centric service delivery application under POSHAN Abhiyaan which will promote real-time data with analytics
Please enter valid Date of Birth,कृपया वैध जन्मतारीख प्रविष्ट करा,Please enter a valid date of birth
Who is eligible for additional supplementary food?,अतिरिक्त पूरक आहारासाठी कोण पात्र आहे?,Who is eligible for additional supplementary diet
"We reserve the unconditional right to change, modify, add, or remove any part of these Terms at any time, without specifically notifying you of such changes.","या अटींचा कोणताही भाग बदलण्याचा, सुधारण्याचा, जोडण्याचा किंवा काढून टाकण्याचा बिनशर्त अधिकार आम्ही राखून ठेवतो, अशा बदलांबद्दल तुम्हाला विशेषतः सूचित न करता.","We reserve the unqualified right to alter, amend, add or remove any of these conditions without specifically notifying you of such changes."
Any changes or updates will be effective immediately.,कोणतेही बदल किंवा अद्यतने त्वरित प्रभावी होतील.,Any changes or updates that come into effect immediately.
You take the responsibility to check these Terms of Use periodically for changes.,बदलांसाठी वेळोवेळी या वापर अटी तपासण्याची जबाबदारी तुम्ही घेणे.,You have the responsibility of checking these usage conditions from time to time for the changes.
Your continued use of the platform post such revision shall constitute acceptance of the modified Terms.,अशा पुनरावृत्तीनंतर तुम्ही प्लॅटफॉर्मचा सतत वापर केल्यास सुधारित अटींची स्वीकृती होईल.,"After such repetition, if you continue to use the platform, the revised terms will be accepted."
How many different types of reports can be generated over Poshan Tracker Dashboard?,पोषण ट्रॅकर डॅशबोर्डवर किती वेगवेगळ्या प्रकारचे अहवाल तयार केले जाऊ शकतात?,How many different types of reports can be generated on the POSHAN Tracker Dashboard
How to revive your health if you are Severely Wasted (SAM),तुम्ही गंभीरपणे अशक्त असाल (सॅम ) तुमचे आरोग्य कसे सुधारावे,"You might be seriously ill (Sam), how to improve your health."
"See assessment charts for Stunted, Wasted and Underweight parameters","बुटकेपणा, लूकडेपणा आणि कमी वजन या मापदंडांसाठी मूल्यांकन तक्ते पहा","Check the evaluation table for the criteria of obesity, obesity and low body weight"
Resources for growth monitoring and general awareness,ग्रोथ मॉनिटरिंग आणि सामान्य जागरूकता साठी संसाधने,Resources for Growth Monitoring and General Awareness
AWW are required to enter details related to infrastructure present in a particular Anganwadi centre.,एएनडब्ल्यूडब्ल्यूला विशिष्ट अंगणवाडी केंद्रात असलेल्या पायाभूत सुविधांशी संबंधित तपशील प्रविष्ट करणे आवश्यक आहे.,ANWW is required to enter the details related to the infrastructure available in the identified Anganwadi Centres.
"This includes structure, basic amenities, facilities, sanitization, drinking water etc.","यामध्ये संरचना, मूलभूत सुविधा, सुविधा, स्वच्छता, पिण्याचे पाणी इत्यादींचा समावेश आहे.","These include infrastructure, basic amenities, facilities, sanitation, drinking water etc."
Lactating mothers who received Take Home Ration (THR),होम रेशन(टीएचआर) मिळालेल्या स्तनदा माता,Breastfeeding mothers receiving Home Ration (THR)
"Poshan Tracker reserve the unconditional right to change, modify, add, or remove any part of this Privacy Policy at any time, without specifically notifying you of such changes.","पोषण ट्रॅकर या गोपनीयता धोरणाचा कोणताही भाग कोणत्याही वेळी बदलण्याचा, सुधारण्याचा, जोडण्याचा किंवा काढून टाकण्याचा बिनशर्त अधिकार राखून ठेवतो, विशेषतः अशा बदलांबद्दल तुम्हाला सूचित न करता.","Poshan Tracker reserves the unconditional right to change, modify, add or remove any part of this Privacy Policy at any time, especially without notifying you of such changes."
Any changes or updates will be effective immediately.,कोणतेही बदल किंवा अद्यतने त्वरित प्रभावी होतील.,Any changes or updates that come into effect immediately.
You should review this Privacy Policy regularly for changes.,बदलांसाठी तुम्ही या गोपनीयता धोरणाचे नियमितपणे पुनरावलोकन करावे.,You should regularly review this Privacy Policy for changes.
"We will use commercially reasonable efforts to generally notify all users of any material changes to this Privacy Policy, such as through a notice on the System.","आम्ही या गोपनीयता धोरणातील कोणत्याही भौतिक बदलांबद्दल सर्व वापरकर्त्यांना सूचित करण्यासाठी व्यावसायिकदृष्ट्या वाजवी प्रयत्न करू, जसे की सिस्टमवरील सूचना.","We will make a professional reasonable effort to inform all users about any physical changes to this privacy policy, such as instructions on the system."
"However, as a user of the System, you should regularly check the Privacy Policy for any changes.","तथापि, सिस्टमचा वापरकर्ता म्हणून, कोणत्याही बदलांसाठी तुम्ही नियमितपणे गोपनीयता धोरण तपासले पाहिजे.","However, as a user of the system, you must regularly check the privacy policy for any changes."
"We will also update the “Last Updated” date at the top of this Privacy Policy, which reflects the effective date of this Privacy Policy.","आम्ही या गोपनीयता धोरणाच्या शीर्षस्थानी \""अंतिम अद्यतनित\"" तारीख देखील अद्यतनित करू, जी या गोपनीयता धोरणाची प्रभावी तारीख दर्शवते.",""""" ""We will also update the"" """" ""Final Update"" """" ""date at the top of this Privacy Policy, which reflects the effective date of this Privacy Policy."" """""
Your continued access or use of the System after the date of the new Privacy Policy constitutes your acceptance of the new Privacy Policy.,नवीन गोपनीयता धोरणाच्या तारखेनंतर तुमचा सतत प्रवेश किंवा सिस्टमचा वापर नवीन गोपनीयता धोरणाची तुमची स्वीकृती बनवते.,Your continued access or use of the system after the date of the new privacy policy makes your acceptance of the new privacy policy.
"If you do not agree to the new Privacy Policy, you must stop accessing and/or using the System.","तुम्ही नवीन गोपनीयता धोरणाशी सहमत नसल्यास, तुम्ही सिस्टममध्ये प्रवेश करणे आणि/किंवा वापरणे थांबवणे आवश्यक आहे.","If you do not agree with the new privacy policy, you must log in and / or stop using the system."
What is the eligibility of a beneficiary?,लाभार्थीची पात्रता काय आहे?,What is the eligibility of the beneficiary
"No, Poshan Tracker is available only for Android version",पोषण ट्रॅकर केवळ अँड्रॉइड आवृत्तीसाठी उपलब्ध आहे.,The POSHAN tracker is available only for the Android version.
 XV. INDEMNITY AND LIMITATION OF LIABILITY, XV. नुकसानभरपाई आणि दायित्वाची मर्यादा,Compensation and Liability Limit
Growth monitoring report for all health indicators,सर्व आरोग्य निर्देशकांसाठी वाढ निरीक्षण अहवाल,Enhancement Monitoring Report for all Health Indicators
Take Home Ration (THR) given in last 30 days,मागील ३० दिवसात दिलेली होम रेशन (टीएचआर),Home Ration (THR) issued during last 30 days
Children are defined as stunted if their height-for-age is more than two standard deviations below the WHO Child Growth Standards median,डब्ल्यूएचओ चाइल्ड ग्रोथ स्टँडर्ड्स मेडिअनच्या खाली दोन मानक विचलनांपेक्षा जास्त वयाची उंची असल्यास मुलांची खुंटलेले म्हणून व्याख्या केली जाते,Children are defined as stunted if they are above the age of two standard deviations under the WHO Child Growth Standards Median
What is the purpose of Launching Poshan Tracker?,पोषण ट्रॅकर लॉन्च करण्याचा हेतू काय आहे ?,What is the purpose of launching POSHAN tracker?
"As a registered user, you have the right to access your profile at any time.","नोंदणीकृत वापरकर्ता म्हणून, तुम्हाला तुमच्या प्रोफाइलमध्ये प्रवेश करण्याचा अधिकार आहे.","As a registered user, you have the right to access your profile."
"Although, the changes can only be done as prescribed by the Poshan Tracker system from time to time.","तथापि, बदल केवळ पोषण ट्रॅकर प्रणालीद्वारे वेळोवेळी निर्धारित केल्यानुसारच केले जाऊ शकतात.","However, changes can be made only through the POSHAN tracker system as prescribed from time to time."
You cannot manage the communications that you receive from us or how you receive them.,तुम्ही आमच्याकडून प्राप्त झालेले संप्रेषण किंवा ते कसे प्राप्त करता ते तुम्ही व्यवस्थापित करू शकत नाही.,You cannot manage the communications you receive from us or how you receive them.
" XIII. COMPLIANCE WITH LAW, THIRD PARTY RIGHTS, AND OTHER TERMS OF SERVICE"," XIII. कायद्याचे पालन, तृतीय पक्षाचे अधिकार आणि इतर सेवा अटी","Enforcement of laws, rights of third parties and other conditions of service."
"repeated infection, and inadequate psychosocial stimulation","वारंवार संसर्ग, आणि अपुरी मनोसामाजिक उत्तेजना","Frequent infections, and insufficient psychosocial stimulation"
Beneficiary migration from one AWC to another AWC,एका एडब्ल्यूसी मधून दुसर्या एडब्ल्यूसी मध्ये लाभार्थी स्थलांतर,Beneficiary migration from one AWC to another AWC
"Training on ICT Platform under POSHAN Abhiyaan (02 February, 2021)","पोषण अभियानांतर्गत आयसीटी प्लॅटफॉर्मवर प्रशिक्षण (०२ फेब्रुवारी, २०२१)",Training on ICT Platform under POSHAN Abhiyaan (02 February 2021)
You may browse the Site without registering for an account.,तुम्ही खात्यासाठी नोंदणी न करता साइट ब्राउझ करू शकता.,You can browse the site without registering for the account.
"You will be required to register for an account with your mobile number, if you intent to use certain features or services offered by the Site.","साइटद्वारे ऑफर केलेली काही वैशिष्ट्ये किंवा सेवा वापरण्याचा तुमचा हेतू असल्यास, तुम्हाला तुमच्या मोबाइल नंबरसह खात्यासाठी नोंदणी करणे आवश्यक आहे.","If you intend to use any of the features or services offered by the site, you are required to register for the account with your mobile number."
You are solely responsible for maintaining the confidentiality of your personal information and registration and all activities that might result from you failing from keeping this information secure.,तुमची वैयक्तिक माहिती आणि नोंदणी आणि ही माहिती सुरक्षित ठेवण्यात तुम्ही अयशस्वी झाल्यामुळे होणार्या सर्व क्रियाकलापांची गोपनीयता राखण्यासाठी तुम्ही पूर्णपणे जबाबदार आहात.,You are fully responsible for maintaining confidentiality of your personal information and registration and all activities that take place due to your failure to protect this information.
Your registration or mobile number shall be kept confidentialYou undertake that:You have obtained consent from the concerned individuals for creating their records through your account.,तुमची नोंदणी किंवा मोबाईल क्रमांक गोपनीय ठेवला जाईलतुम्ही ते हाती घ्याःतुमच्या खात्याद्वारे त्यांचे रेकॉर्ड तयार करण्यासाठी तुम्ही संबंधित व्यक्तींकडून संमती घेतली आहे.,Your registration or mobile number will be kept confidential: You have taken the consent of the concerned person to create their record through your account.
Your account or mobile number shall not include the name of another person with the intent to impersonate that person.,तुमच्या खात्यात किंवा मोबाईल नंबरमध्ये त्या व्यक्तीची तोतयागिरी करण्याच्या हेतूने दुसर्या व्यक्तीचे नाव समाविष्ट नसावे.,Your account or mobile number should not contain the name of another person for the purpose of tracing that person.
You shall not use another user's account without their permission.,तुम्ही दुसर्या वापरकर्त्याचे खाते त्यांच्या परवानगीशिवाय वापरू नये.,You should not use another user's account without their permission.
"You shall immediately notify us in writing, if you discover any unauthorized use of your account or other account-related security breach.","तुम्हाला तुमच्या खात्याचा कोणताही अनधिकृत वापर किंवा इतर खाते-संबंधित सुरक्षा उल्लंघन आढळल्यास, तुम्ही आम्हाला त्वरित लेखी सूचित कराल.","If you find any unauthorized use of your account or other account-related security breach, you will immediately inform us in writing."
"If we receive a complaint that your account violates someone else's rights, or violates our policies we may cancel or block your account.",तुमचे खाते दुसर्याच्या अधिकारांचे उल्लंघन करत असल्याची किंवा आमच्या धोरणांचे उल्लंघन करत असल्याची तक्रार आम्हाला मिळाल्यास आम्ही तुमचे खाते रद्द करू किंवा ब्लॉक करू.,"If we receive a complaint that your account is violating the rights of others or is in violation of our policies, we will block or suspend your account."
"You shall not attempt to conceal your identity by using multiple Internet Protocol addresses or mobile no, or by any other means, to register participants on the Site",साइटवर सहभागींची नोंदणी करण्यासाठी तुम्ही एकाधिक इंटरनेट प्रोटोकॉल पत्ते किंवा मोबाइल नंबर वापरून किंवा इतर कोणत्याही मार्गाने तुमची ओळख लपवण्याचा प्रयत्न करू नका,Do not try to hide your identity using multiple internet protocol addresses or mobile numbers or in any other way to register participants on the site
Poshan Tracker App is available in 22 different languagesThe various languages available are:EnglishHindiGujaratiPunjabiMarathiBanglaKannadaTamilTeluguMalyalamOdiaAssameseNepaliDogriKonkaniSindhiBodoMaithiliManipuriSanthaliUrduKashmiri,पोषण ट्रॅकर अॅप २२ वेगवेगळ्या भाषांमध्ये उपलब्ध आहे.उपलब्ध विविध भाषा या आहेतःइंग्रजीहिंदीगुजरातीपंजाबीमराठीबंगालकन्नडतमिळतेलुगुमल्याळमओडियाआसामीNepaliDogriKonkaniSindhiBodoMaithiliManipuriSanthaliUrduKashmiri,"POSHAN tracker app is available in 22 different languages: English, Hindi, Gujarati, Punjabi, Marathi, Bengali, Kannada, Tamil, Malayalam, Odiya, Assamese, Nepali, Konkani, Sindhi, Maithili, Manipuri, Kashmiri"
"The proposed system should enable real-time monitoring and tracking of all AWCs, AWWs and beneficiaries on the defined indicators.","प्रस्तावित सिस्टीमने निश्चित निर्देशकांवरील सर्व AWCs, AWWs आणि लाभार्थ्यांचे वास्तविक-वेळ देखरेख आणि ट्रॅक करण्यास सक्षम केले पाहिजे.","The proposed system should enable real time monitoring and tracking of all AWCs, AWWs and beneficiaries on specified indicators."
How to Login in Poshan Tracker App?,पोषण ट्रॅकर अॅपमध्ये लॉग इन कसे करावे?,How to log into POSHAN Tracker App?
Height and weight of child has not been measured,मुलाची उंची आणि वजन मोजले गेले नाही,The height and weight of the child were not measured
Calculator to measure the child growth based on the WHO Child Growth Standards.,डब्ल्यूएचओ चाइल्ड ग्रोथ स्टँडर्ड्सवर आधारित मुलांची वाढ मोजण्यासाठी कॅल्क्युलेटर,Calculator to measure the growth of children based on WHO Child Development Standards
TAKE HOME RATION (THR) GIVEN TODAY,आज दिले गेलेले घर रेशन (THR),Today's Home Ration (THR)
A beneficiary is eligible for THR for at least 21 days in a month.,एक लाभार्थी महिन्यातून किमान 21 दिवस टीएचआर साठी पात्र आहे.,A beneficiary is eligible for a minimum period of 21 days in a month.
 III. NOTICE REGARDING FUTURE CHANGES TO TERMS:, III. अटींमधील भविष्यातील बदलांबाबत सूचनाः,Suggestions for future changes:
Planning And Organising Community Based Events At AWC,अंगणवाडी केंद्रामध्ये समुदाय आधारित कार्यक्रमांचे नियोजन आणि आयोजन,Planning and Management of Community Based Programmes at Anganwadi Centres
Please find the following steps to LoginStep 1- Click on Poshan Tracker Website https://poshantracker.,Please find the following steps to LoginStep 1- Click on Poshan Tracker Website https://poshantracker.,Please find the following steps to Login Step 1 - Click on Poshan Tracker Website https: / / posttracker.
inStep 2- Enter your registered Mobile Number and pre-set 4 digit MPIN.,inStep 2- Enter your registered Mobile Number and pre-set 4 digit MPIN.,Step 2 - Enter your registered mobile number and pre-set 4 digit MPIN.
How AWWS can sign up on the app if they are unable to register via their mobile numbers?,अॅडब्ल्यूडब्ल्यूएस त्यांच्या मोबाईल नंबरद्वारे नोंदणी करण्यात अक्षम असल्यास अॅपवर कसे साइन अप करू शकते?,How can AWWs sign up on the app if they are unable to register through their mobile number?
Poshan Tracker adds new Reports feature,पोशन ट्रॅकरने नवीन अहवाल वैशिष्ट्य जोडले आहे,New report feature added by POSHAN Tracker
General Awareness about preventing illness in Children,मुलांमध्ये आजार टाळण्यासाठी सामान्य जागरूकता,General Awareness to Prevent Disease in Children
2. HOW WE USE PERSONAL INFORMATION,2. आम्ही वैयक्तिक माहिती कशी वापरतो,How do we use personal information?
The following are the Terms of Service (“Terms”) that govern your use of the Swastha Balak Balika Spardha Platform hosted at https://poshantracker.,"The following are the Terms of Service (""Terms"") that govern your use of the Swastha Balak Balika Spardha Platform hosted at https://poshantracker.","""The following are the Terms of Service ("" ""Terms"" "") that govern your use of the Swasth Balak Balika Spardha Platform hosted at https: / / posttracker."""
"in, and all associated sites linked to it, its subsidiaries, and affiliates (collectively, the “Site”).","in, and all associated sites linked to it, its subsidiaries, and affiliates (collectively, the ""Site"").","""and all associated sites linked to it, its subsidiaries, and affiliates (collectively, the"" ""site"" "")."""
Please provide your mobile number and a ticket number.,कृपया तुमचा मोबाईल नंबर आणि तिकीट क्रमांक द्या.,Please provide your mobile number and ticket number.
Please contact your respective Anganwadi worker.,कृपया तुमच्या संबंधित अंगणवाडी सेविकेशी संपर्क साधा.,Please contact your respective Anganwadi Worker.
SAM Children under 5 years who received Supplementary Nutrition,सॅम 5 वर्षाखालील मुले ज्यांना पूरक पोषण मिळाले,SAM children under 5 years of age who received supplementary nutrition
OPV-1Pentavalent-1Rotavirus Vaccine (RVV)-1Fractional dose of Inactivated Polio Vaccine (fIPV)-1Pneumococcal Conjugate Vaccine (PCV) -1,ओपीव्ही-1पेंटावॅलेंट-1रोटाव्हायरस व्हॅक्सिन (आरव्हीव्ही)-1फ्रॅक्शनल डोस ऑफ इनॅक्टिवेटेड पोलिओ व्हॅक्सिन (एफएलपीव्ही)-1न्यूमोकोकल काॅन्जुगेट व्हॅक्सिन (पीसीव्ही)-1,OPV - 1 Pentavalent - 1 Rotavirus Vaccine (RVV) - 1 Fractional Dose of Inactivated Polio Vaccine (FLPV) - 1 Pneumococcal Conjugate Vaccine (PCV) - 1
Height should be between 38 to 150,उंची 38 ते 150 च्या दरम्यान असावी,Height ranges from 38 to 150 feet.
How to contact Poshan Tracker Team?,पोषण ट्रॅकर कार्यसंघाशी संपर्क कसा साधावा?,How to contact the POSHAN Tracker Working Group?
Take Home Ration (THR) Given Today,आज दिले गेलेले घर रेशन (THR),Today's Home Ration (THR)
How many different forms are there in Poshan Tracker App?,पोषण ट्रॅकर अॅपमध्ये किती भिन्न प्रकारचे फॉर्म आहेत?,How many different forms are there in the Poshan Tracker App?
There are 7 different types of forms for beneficiaries.,लाभार्थींसाठी ७ वेगवेगळे प्रकारचे फॉर्म आहेत.,There are 7 different types of forms for the beneficiaries.
This includes:Lactating motherPregnant womenChild 0-6 MonthsChild 6 Months to 3 YearsChild  3 Years to 6 YearsAdolescent Girls (11 Years-19 Years),यात हे समाविष्ट आहेः स्तनपान करणारी आईगर्भवती महिलामुलाचे ०-६ महिनेमुलाचे ६ महिने ते ३ वर्षांपर्यंतलहान मुले ३ वर्षे ते ६ वर्षेपौगंडावस्थेतील मुली (११ वर्षे-१९ वर्षे),These include: lactating mother Pregnant women 0-6 months Children 6 months to 3 years Children 3 years to 6 years Adolescent girls (11-19 years)
Shibpur I C D S Project,शिबपूर आयसीडीएस प्रकल्प,Shibpur ICDS Project
"In the recent one to three months, no Aanganwadi Worker has visited the beneficiary's home",अलिकडच्या एक ते तीन महिन्यांत एकाही अंगणवाडी सेविकेने लाभार्थ्यांच्या घरी भेट दिलेली नाही,"In the last one to three months, not a single Anganwadi worker has visited the houses of the beneficiaries"
You can register with your mobile number directly through the website https://poshantracker.,You can register with your mobile number directly through the website https://poshantracker.,You can register with your mobile number directly through the website https: / / posttracker.
in or by downloading the Poshan Tracker App.,in or by downloading the Poshan Tracker App.,In or by downloading the Poshan Tracker App.
MPIN is a 4 digits passcode which is set by an Anganwadi worker while registering over the Poshan Tracker App.,एमपीन हा ४ अंकांचा पासकोड आहे जो पोषण ट्रॅकर अॅप वर नोंदणी करताना अंगणवाडी सेवकाने सेट केला असतो.,MPIN is a 4-digit passcode that is set by the Anganwadi Worker while registering on the Poshan Tracker App.
"Specifications of Smart phone and Technical Compatibility Testing (02 February, 2021)","स्मार्ट फोन आणि तांत्रिक सुसंगतता चाचणीचे तपशील (०२ फेब्रुवारी, २०२१)","Details of Smart Phones and Technical Compatibility Test (February 02, 2021)"
Request for child's height and weight measurement,मुलाची उंची आणि वजन मोजण्यासाठी विनंती,Measure your childs height and weight
Children (6 months - 3 years),मुले (6 महिने - 3 वर्षे),Children (6 Months - 3 Years)
"We log usage data when you visit or otherwise use our Services, including our sites, app and platform technology.","तुम्ही आमच्या साइट्स, एप आणि प्लॅटफॉर्म तंत्रज्ञानासह आमच्या सेवांना भेट देता किंवा अन्यथा वापरता तेव्हा आम्ही वापर डेटा लॉग करतो.","We log in to usage data when you visit our services or otherwise use them with our sites, apps and platform technology."
"Result couldn't be fetch, please enter valid data","परिणाम शोधणे शक्य नाही, कृपया वैध डेटा प्रविष्ट करा","Cannot find result, please enter valid data"
Central Golaghat I. C. D. S. Project,मध्य गोलाघाट आयसीडीएस प्रकल्प,Central Golaghat ICDS Project
