eng,ta,indic_trans_translated
The Site is directed to the people residing in India.,இந்த தளம் இந்தியாவில் வசிக்கும் மக்களுக்கு மட்டுமே.,This platform is for the people of India only.
We do not represent that Content available on or through the Site is appropriate or available in other locations.,தளத்தில் கிடைக்கும் உள்ளடக்கம் சரியானது அல்லது பிற இடங்களில் உள்ளது என்பதை நாங்கள் குறிப்பிடவில்லை.,We do not specify whether the content available on the site is correct or elsewhere.
We may limit the availability of the Site or any service or product described on the Site to any person or geographic area at any time.,எந்த நேரத்திலும் எந்தவொரு நபருக்கும் அல்லது புவியியல் பகுதிக்கும் தளத்தில் விவரிக்கப்பட்டுள்ள தளம் அல்லது எந்தவொரு சேவை அல்லது தயாரிப்பின் கிடைக்கும் தன்மையை நாங்கள் கட்டுப்படுத்தலாம்.,We may at any time limit the availability of any site or service or product to any person or geographical area as defined in the site.
"If you choose to access the Site from outside India, you do so at your own risk.","இந்தியாவிற்கு வெளியே இருந்து தளத்தை அணுக நீங்கள் தேர்வுசெய்தால், உங்கள் சொந்த ஆபத்தில் அதைச் செய்கிறீர்கள்.","If you choose to access the site from outside India, you do so at your own risk."
Please go back to the homepage,முகப்புப்பக்கத்திற்குச் செல்லவும்,Go to home page
Please enter Height greater than 29.99 and less than 140.01,29.99 க்கும் அதிகமான உயரம் மற்றும் 140.01 க்கும் குறைவான உயரத்தை உள்ளிடவும்,Enter height more than 29.99 and less than 140.01
"While login to the Poshan Tracker App, AWWs are required to enter the MPIN set by them.","போஷன் ட்ராக்ஜெர் பயன்பாட்டில் உள்நுழையும்போது, அங்கன்வாடி ஊழியர்கள் அவர்கள் அமைத்த எம்பின் ஐ உள்ளிட வேண்டும்.","While logging into the application of the POSHAN trackger, the anganwadi workers will have to enter the MPI set up by them."
This MPIN will act as a passcode to run the Poshan Tracker App and entering the information in the beneficiaries forms.,இந்த எம்பிநான்என் போஷன் டிராக்கர் பயன்பாட்டை இயக்குவதற்கான கடவுக்குறியீடாக செயல்படும் மற்றும் பயனாளிகளின் படிவங்களில் தகவல்களை உள்ளிடும்.,This MPI will serve as a password to run my POSHAN tracker application and enter the information in the beneficiary's forms
How to ensure timely initiation of complementary feeding,துணை உணவுகளை சரியான நேரத்தில் தொடங்குவதை எவ்வாறு உறுதிப்படுத்துவது,How to ensure timely initiation of Supplementary Nutrition
Poshan Tracker App can only be installed in Android Phone with Android version 6.0 and above.,போஷான் டிராக்கர் பயன்பாட்டை ஆண்ட்ராய்டு பதிப்பு 6.0 மற்றும் அதற்கு மேற்பட்ட ஆண்ட்ராய்டு தொலைபேசியில் மட்டுமே நிறுவ முடியும்.,The app is only available on Android devices running Android 6.0 and above.
General Awareness about Growth Monitoring of Children,குழந்தைகளின் வளர்ச்சி கண்காணிப்பு பற்றிய பொது விழிப்புணர்வு,Public Awareness of Child Development Monitoring
Wasting is defined as low weight-for-height,ஊட்டச்சத்து குறைபாடு என்பது குறைந்த எடை-உயரம் என வரையறுக்கப்படுகிறது,Malnutrition is defined as low weight and height
Hot Cooked Meal (HCM) Given Today,இன்று கொடுக்கப்பட்ட சூடான சமைத்த உணவு (HCM),Hot Cooked Food (HCM) served today
There are 6 categories for beneficiariesPregnant WomenLactating MotherChildren from 0 to 6 monthsChildren from 6 months to 3 yearsChildren from 3 years to 6 yearsAdolescent girls,பயனாளிகளுக்கு 6 பிரிவுகள் உள்ளனகர்ப்பிணி பெண்கள்பாலூட்டும் தாய்மார்கள்0 முதல் 6 மாதங்கள் வரை உள்ள குழந்தைகள்6 மாதங்கள் முதல் 3 ஆண்டுகள் வரை உள்ள குழந்தைகள்3 வயது முதல் 6 வயது வரையிலான குழந்தைகள்வாலிபப் பெண்கள்,"Pregnant women, Lactating mothers, Children in the age group of 0-6 months, Children in the age group of 6-3 years, Children in the age group of 3-6 years, Adolescent girls"
"Data Plan for Mobile Application (01 March, 2021)","மொபைல் பயன்பாட்டிற்கான தரவு திட்டம் (01 மார்ச், 2021)","Data Scheme for Mobile Usage (March 01, 2021)"
 VIII. LIMITATIONS OF MULTI- LINGUAL INTERFACE, VIII. பல மொழி இடைமுகத்தின் வரம்புகள்,LIMITED LANGUAGE INTERNATIONS
Srijangram I. C. D. S. Project,ஸ்ரீஜான்கிராம் ஐ. சி. டி. எஸ். புராஜக்ட்,SRIJANGRAM ICDS PROJECT
"We may investigate any violation of these Terms, including unauthorized use of the Site.","தளத்தின் அங்கீகரிக்கப்படாத பயன்பாடு உட்பட, இந்த விதிமுறைகளை மீறினால் நாங்கள் விசாரிக்கலாம்.","We can investigate if these regulations are violated, including unauthorized use of the site."
We may provide law enforcement with information you provide to us related to your transactions to assist in any investigation or prosecution of you.,உங்கள் பரிவர்த்தனைகள் தொடர்பாக நீங்கள் எங்களுக்கு வழங்கிய தகவலை சட்ட அமலாக்கத்திற்கு நாங்கள் வழங்கலாம்.,We can provide the information you have given us about your transactions to law enforcement.
We may take legal action that we feel is appropriate.,பொருத்தமற்றதாக நாங்கள் கருதும் தகவலின் மீது சட்ட நடவடிக்கை எடுக்கலாம்.,We can take legal action on information that we consider to be inappropriate.
Poshan Calculator helps to identify various health conditions of the child as per World Health Organization (WHO) standards,உலக சுகாதார அமைப்பின் (WHO) தரநிலைகளின்படி குழந்தையின் பல்வேறு சுகாதார நிலைமைகளை கண்டறிய போஷன் கால்குலேட்டர் உதவுகிறது,POSHAN calculator helps in mapping the various health conditions of the child as per WHO standards
How to take care of weak newborn with the help of Kangaroo Mother Care,கங்காரு மதர் கேரின் உதவியுடன் பலவீனமான புதிதாகப் பிறந்த குழந்தையை எவ்வாறு பராமரிப்பது,How to take care of a weak newborn with the help of Kangaroo Mother Care
"Any liabilities civil or criminal, arising out of any incorrect data, shall solely lie with the concerned ASP.","தவறான தரவுகளிலிருந்து எழும், எந்தவொரு சிவில் அல்லது கிரிமினல் பொறுப்புகள், ஏதேனும் சம்பந்தப்பட்ட ஏஎஸ்பியிடம் மட்டுமே இருக்கும்.",Any civil or criminal liability arising out of incorrect data shall be with the concerned ASP only.
Poshan Tracker App is available over Google playstore https://play. google. com/store/apps/details?,கூகிள் பிளேஸ்டோர் மூலம் போஷன் டிராக்கர் பயன்பாடு https://play. google. com/store/apps/details?,POSHAN tracker application through Google Play Store https: / / play.google.com / store / apps / details
Can App be accessed without internet?,இணையம் இல்லாமல் அபிபி ஐ அணுக முடியுமா?,Is it possible to access UPI without internet?
The Government has taken several initiatives to break the intergenerational cycle of malnutrition in children.,குழந்தைகளில் ஊட்டச்சத்து குறைபாட்டின் இடைநிலை சுழற்சியை உடைக்க அரசாங்கம் பல முயற்சிகளை எடுத்துள்ளது.,The Government has taken several initiatives to break the intermediate cycle of malnutrition among children
"Adopting a life-cycle approach, interventions have been designed to meet the nutritional requirement of adolescent girls and boys, pregnant women, lactating mothers and children.","வாழ்க்கைச் சுழற்சி அணுகுமுறையை ஏற்றுக்கொள்வது, இளம் பருவ பெண்கள் மற்றும் சிறுவர்கள், கர்ப்பிணிப் பெண்கள், பாலூட்டும் தாய்மார்கள் மற்றும் குழந்தைகளின் ஊட்டச்சத்து தேவைகளைப் பூர்த்தி செய்ய தலையீடுகள் வடிவமைக்கப்பட்டுள்ளன.","Adoption of life cycle approach interventions have been designed to meet the nutritional needs of young women and children, pregnant women, lactating mothers and children"
Awareness for Pregnancy in Preventing Anemia,கர்ப்ப காலத்தில் இரத்த சோகை வராமல் தடுப்பது குறித்த விழிப்புணர்வு,Awareness on preventing anemia during pregnancy
"Howrah North (U) I. C. D. S. Project, Howrah","ஹௌரா வடக்கு (யு) ஐ. சி. டி. எஸ். புராஜக்ட், ஹௌரா","Howrah North (U) ICDS Project, Howrah"
Birth Preparedness- For Institutional and Home Delivery,பிறப்புத் தயார்நிலை- நிறுவன மற்றும் வீட்டுப் பிரசவத்திற்கு,Birth preparedness for institutional and home delivery
New beneficiary addition with skip OTP option,ஓ டி பியைத் தவிர்க்கும் விருப்பத் தேர்வுடனான புதிய பயனாளர் சேர்ப்பு,New user addition with ODB avoidance option
We are now available on Video Conference,வீடியோ கான்பரன்ஸ் மூலம் தற்போது நாம்,We are currently connected through a video conference
"Poshan Tracker App is meant for Aanganwadi workers, Anganwadi centers to enter beneficiaries data in the forms.","போஷன் டிராக்கர் ஆப் என்பது ஆங்கன்வாடி தொழிலாளர்கள், அங்கன்வாடி மையங்கள் பயனாளிகளின் தரவை படிவங்களில் உள்ளிடுவதற்கானது.",POSHAN Tracker App is for capturing the data of Anganwadi Workers and Anganwadi Centres (AWCs) beneficiaries in the form
It is not at all developed for general public.,இது பொது மக்களுக்காக உருவாக்கப்படவில்லை.,This is not for the public.
Swastha Balak/Balika Spardha Mission is about celebrating the health of children in India.,Swastha Balak/Balika Spardha Mission is about celebrating the health of children in India.,Swastha Balak / Balika Spardha Mission is about celebrating the health of children in India.
It entails identification and awareness of health conditions and providing necessary support wherever required.,It entails identification and awareness of health conditions and providing necessary support wherever required.,It indicates identification and awareness of health conditions and providing adequate support wherever required.
”Our Privacy Policy applies when you use our Services (described below).,"""Our Privacy Policy applies when you use our Services (described below).",Our Privacy Policy applies when you use our Services (described below).
"This Privacy Policy is meant to help you understand what information we collect, why we collect it, and how it is used and shared.","This Privacy Policy is meant to help you understand what information we collect, why we collect it, and how it is used and shared.","This Privacy Policy is meant to help you understand what information we collect, why we collect it, and how it is used and shared."
The collecting and retaining agency in respect of your information is Ministry of Women and Child Development.,The collecting and retaining agency in respect of your information is Ministry of Women and Child Development.,The collecting and retaining agency in respect of your information is Ministry of Women and Child Development.
We are committed to protecting the security of your personal information and safeguarding your privacy.,We are committed to protecting the security of your personal information and safeguarding your privacy.,We are committed to protect the security of your personal information and protecting your privacy.
How to revive your health if you are Underweight,நீங்கள் எடை குறைவாக இருந்தால் உங்கள் ஆரோக்கியத்தை எவ்வாறு மீட்டெடுப்பது,How to maintain your health if you are underweight
Can a beneficiary change his/her AWC?,ஒரு பயனாளி தனது AWCயை மாற்ற முடியுமா?,Can a user change his AWC?
"We use the information we have, to help verify accounts.",கணக்குகளைச் சரிபார்க்க எங்களிடம் உள்ள தகவலைப் பயன்படுத்துகிறோம்.,We use the information available with us to verify the accounts.
The records may be used for verification of health status for the purposes of Poshan Tracker control and response.,"போஷன் டிராக்கர் கட்டுப்பாடு, பதிலளிப்பு நோக்கங்களுக்காக மற்றும் சுகாதார நிலையை சரிபார்ப்பதற்காக பதிவுகள் பயன்படுத்தப்படலாம்.","The entries can be used for POSHAN tracker control, response purposes and for checking the health status"
Scan the QR Code to Download the App,பயன்பாட்டை ப்பதிவிறக்க க்யூஆர் குறியீட்டை ஸ்கேன் செய்யவும்,Scan the QR code to download the application
Who is eligible for Hot Cooked Meal?,சூடான சமைத்த உணவுக்கு யார் தகுதியானவர்?,Who is eligible for hot cooked meals?
Identifying and preventing Severe Acute Malnutrition,கடுமையான ஊட்டச்சத்துக் குறைபாட்டைக் கண்டறிந்து தடுப்பது,To identify and prevent severe malnutrition
Children who are identified as deficit on nutrition are eligible for additional food supplements.,ஊட்டச்சத்து குறைபாடு உள்ள குழந்தைகள் கூடுதல் உணவுப் பொருட்களுக்கு தகுதியுடையவர்கள்.,Malnourished children are entitled to additional food items.
Who is eligible for additional supplementary food.,கூடுதல் துணை உணவுக்கு யார் தகுதியானவர்.,Who is eligible for additional supplementary food
"Uploading of Data of Anganwadi Services Schemes in Poshan Tracker (24 May, 2021)","போஷன் டிராக்கரில் அங்கன்வாடி சேவைத் திட்டங்களின் தரவைப் பதிவேற்றம் செய்தல் (24 மே, 2021)","Uploading of data on Anganwadi Services Schemes on POSHAN Tracker (24th May, 2021)"
Children between 6 months - 3 years,6 மாதங்கள் -3 வயதுக்கு இடைப்பட்ட குழந்தைகள்,Children between 6 months and 3 years
"Ministry of Women and Child Development, Government of India, Shastri Bhawan, New Delhi","பெண்கள் மற்றும் குழந்தைகள் மேம்பாட்டு அமைச்சகம், இந்திய அரசு, சாஸ்திரி பவன், புது தில்லி","Ministry of Women and Child Development, Government of India, Shastri Bhawan, New Delhi"
Care of the weak newborn baby - How many weak babies are we missing?,பலவீனமான புதிதாகப் பிறந்த குழந்தையின் பராமரிப்பு - எத்தனை பலவீனமான குழந்தைகளை நாம் காணவில்லை?,Care of Weaker Newborn - How many weak children do we not find?
Underweight children who received Supplementary Nutrition,கூடுதல் ஊட்டச்சத்து பெற்ற எடை குறைந்த குழந்தைகள்,Overweight and underweight children
Identification and care of a Weak Newborn baby,புதிதாகப் பிறந்த பலவீனமான குழந்தையை அடையாளம் காணுதல் மற்றும் பராமரித்தல்,Identification and Nurturing of a Newborn Weaker Child
1.2. Information from use of services.,1.2. சேவைகளின் பயன்பாட்டிலிருந்து தகவல்.,1.2 Information from use of services.
Please contact your respective Anganwadi Centre.,உங்கள் அங்கன்வாடி மையத்தைத் தொடர்பு கொள்ளவும்.,Contact your Anganwadi Centre.
GOBARDANGA I. C. D. S PROJECT(U),கோபர்தங்கா ஐ. சி. டி. எஸ். புராஜக்ட்(யு),Gobardanga ICDS Project (U)
Please fill in the form below to create a new ticket.,புதிய டிக்கெட்டை உருவாக்க கீழே உள்ள படிவத்தை நிரப்பவும்.,To create a new ticket fill up the form below.
Anganwadi Worker will reach out to you within 48 hours.,அங்கன்வாடி பணியாளர் 48 மணி நேரத்திற்குள் உங்களைத் தொடர்புகொள்வார்.,The Anganwadi worker will contact you within 48 hours.
Your request is received.Please note down the ticket number for future reference.,உங்கள் கோரிக்கை வரப்பெற்றது எதிர்காலக் குறிப்புக்காக தயவு செய்து டிக்கட் எண்ணைக் குறித்துக் கொள்ளவும்,Please note down the ticket number for future reference of your request
Is poshan trackers app available over Apple I Store also?,ஆப்பிள் ஐ ஸ்டோரிலும் போஷன் டிராக்ஸ் பயன்பாடு கிடைக்குமா?,Will POSHAN TRAX be available on Apple iStore?
Number of records becoming inactive and number of records migrating from one category to another,செயலற்றவையாக ஆகிக் கொண்டிருக்கும் பதிவுகளின் எண்ணிக்கை மற்றும் ஒரு வகையிலிருந்து இன்னொன்றுக்கு மாறும் பதிவுகளின் எண்ணிக்கை,Number of inoperative entries and the number of entries which vary from one category to another
In How many languages the Poshan Tracker App is available?,போஷன் டிராக்கர் பயன்பாடு எத்தனை மொழிகளில் கிடைக்கிறது?,How many languages is POSHAN Tracker available?
AWWs are requested to enter their mobile numbers in the Login screen.,அங்கன்வாடி ஊழியர்கள் உள்நுழைவுத் திரையில் தங்கள் மொபைல் எண்களை உள்ளிடுமாறு கேட்டுகொள்ளப்படுகின்றனர்.,Anganwadi workers are requested to enter their mobile numbers on the login screen.
"An OTP will be sent to your registered mobile number, post which you are required too set your MPIN.","உங்கள் பதிவுசெய்யப்பட்ட மொபைல் எண்ணுக்கு ஒரு OTP அனுப்பப்படும்,அதற்கு பிறகு உங்கள் எம்பின் ஐ அமைக்கவும்.",An OTP will be sent to your registered mobile number and then set up your MP.
Measles Containing vaccine (MCV)/MR-2JE-2**DiphtheriaPertussis & Tetanus (DPT)-Booster-1OPV –Booster,தட்டம்மை கொண்ட தடுப்பூசி (MCV)/MR-2JE-2**தொண்டை அடைப்பான் நோய்பெர்டுசிஸ் & டெட்டனஸ் (DPT)-பூஸ்டர்-1OPV - பூஸ்டர்,Measles Vaccine (MCV) / MR-2JE-2 * Oral Polio Vaccine (DPT) -Booster-1OPV-Booster
The Poshan Tracker enables real-time monitoring and tracking of all AWCs and beneficiaries on defined indicators.,போஷன் டிராக்கர் ஆனது அனைத்து AWCகள் மற்றும் பயனாளிகளின் நிகழ்நேர கண்காணிப்பு மற்றும் வரையறுக்கப்பட்ட குறிகாட்டிகளில் கண்காணிப்பதை செயல்படுத்துகிறது.,POSHAN tracker enables real time monitoring of all AWCs and beneficiaries and monitoring in defined indicators.
It is built using centralized data architecture that also aligns with the digital technology systems of other ministries and programs.,இது மற்ற அமைச்சகங்கள் மற்றும் திட்டங்களின் டிஜிட்டல் தொழில்நுட்ப அமைப்புகளுடன் இணைந்த மையப்படுத்தப்பட்ட தரவு கட்டமைப்பைப் பயன்படுத்தி கட்டமைக்கப்பட்டுள்ளது.,It is built on a centralized data architecture integrated with the digital technology systems of other Ministries and Schemes.
The public dashboard helps to impart transparency on services delivered to beneficiaries,public dashboard பயனாளிகளுக்கு வழங்கப்படும் சேவைகளில் வெளிப்படைத்தன்மையை வழங்க உதவுகிறது,Public dashboard enables transparency in services provided to the beneficiaries
Translations on the Poshan Tracker Portal & App Chabot are done by third party translators.,போஷன் டிராக்கர் போர்ட்டல் & ஆப் சாட்போட் இல் மொழிபெயர்ப்புகள் மூன்றாம் தரப்பு மொழிபெயர்ப்பாளர்களால் செய்யப்படுகின்றன.,Translations on the POSHAN Tracker Portal & of Chattogram are done by third party interpreters.
"While the translations are done on a best effort basis, some of the parts may be incorrect.","மொழிபெயர்ப்புகள் சிறந்த முயற்சியின் அடிப்படையில் செய்யப்பட்டாலும், சில பகுதிகள் தவறாக இருக்கலாம்.","While the translations are based on best effort, there may be portions that are incorrect."
Certain files and other items on the website cannot be translated.,இணையதளத்தில் உள்ள சில கோப்புகள் மற்றும் பிற உருப்படிகளை மொழிபெயர்க்க முடியாது.,Some of the files and other items on the website cannot be translated.
"In addition, on translation, some applications and/or services may not function as expected, due to language barriers.","கூடுதலாக, மொழிபெயர்ப்பில், மொழி தடைகள் காரணமாக, சில பயன்பாடுகள் அல்லது சேவைகள் மொழி தடைகள் காரணமாக எதிர்பார்த்தபடி செயல்படாமல் போகலாம்.","Additionally, in translation, due to language barriers, some applications or services may not function as expected due to language barriers."
"We are working constantly to rectify any errors, omissions, or ambiguities in the translations provided on this portal.","இந்த போர்ட்டலில் வழங்கப்பட்டுள்ள மொழிபெயர்ப்புகளில் ஏதேனும் பிழைகள், தவறுகள் அல்லது தெளிவின்மைகள் இருந்தால் அவற்றைத் திருத்துவதற்கு நாங்கள் தொடர்ந்து பணியாற்றி வருகிறோம்.","We are constantly working to rectify any errors, errors or ambiguities in the translations provided on this portal"
"The MGRS collected primary growth data and related information from approximately 8500 children from widely different ethnic backgrounds and cultural settings (Brazil, Ghana, India, Norway, Oman and the USA)","MGRS ஆனது பல்வேறு இனப் பின்னணிகள் மற்றும் கலாச்சார அமைப்புகளைச் சேர்ந்த (பிரேசில், கானா, இந்தியா, நார்வே, ஓமன் மற்றும் அமெரிக்கா) சுமார் 8500 குழந்தைகளிடமிருந்து முதன்மை வளர்ச்சித் தரவு மற்றும் தொடர்புடைய தகவல்களைச் சேகரித்தது","MGRS collected primary developmental data and related information from around 8500 children of different ethnic and cultural backgrounds (Brazil, Ghana, India, Norway, Oman and USA)"
Children of different age groups are monitored on monthly basis by AWWs.,வெவ்வேறு வயது குழந்தைகள் AWW களால் மாதாந்திர அடிப்படையில் கண்காணிக்கப்படுகிறார்கள்.,Children of different ages are monitored on a monthly basis by AWWs.
"Health indicators like Stunting, Wasting and Underweight prevalence are measured as per WHO standards.","உடல் வளர்ச்சி குன்றிய நிலை, உடல் தேய்மானம் மற்றும் எடை குறைவாக இருப்பது போன்ற சுகாதார குறிகாட்டிகள் WHO தரத்தின்படி அளவிடப்படுகிறது.","Health indicators like stunting, wasting and underweight prevalence are measured as per WHO standards."
Regular growth monitoring helps AWWs to provide relevant and timely assistance to children,வளர்ச்சி கண்காணிப்பு AWW கள் குழந்தைகளுக்கு பொருத்தமான மற்றும் சரியான நேரத்தில் உதவி வழங்க உதவுகிறது,Growth monitoring helps AWWs to provide appropriate and timely support to children
"Awareness for Children Stunting, Wasting to prevent malnutrition in children",குழந்தைகளின் வளர்ச்சி குன்றியிருப்பதற்கான விழிப்புணர்வு மற்றும் குழந்தைகளின் ஊட்டச்சத்து குறைபாட்டை தடுப்பதற்கான விழிப்புணர்வு,Awareness on stunting and under-nutrition among children
Poshan Tracker adds new application features,ரோஷன் டிராக்கர் புதிய பயன்பாடு அம்சங்களைச் சேர்க்கிறது,Roshan Tracker Adds New App Features
Making or Updating Home Visit Planner and Initiating home visits,ஹோம் விசிட் பிளானரை உருவாக்குதல் அல்லது புதுப்பித்தல் மற்றும் வீட்டுச் சந்திப்புகளைத் தொடங்குதல்,Create or renew a Home Visit Planner and initiate home visits
Poshan Calculator is designed to measure growth of the child based on standards defined by World Health Organization (WHO),உலக சுகாதார அமைப்பு (WHO) வரையறுத்துள்ள தரநிலைகளின் அடிப்படையில் குழந்தையின் வளர்ச்சியை அளவிடும் வகையில் போஷன் கால்குலேட்டர் வடிவமைக்கப்பட்டுள்ளது,The POSHAN calculator is designed to measure the growth and development of a child as per WHO standards
Migrated from one category to another,ஒரு பிரிவிலிருந்து இன்னொன்றுக்கு மாறி இருக்கிறார்,He has changed from one category to another
It usually occurs when a person has not had food of adequate quality and quantity and/or they have had frequent or prolonged illnesses,"ஒரு நபர் நல்ல தரமான மற்றும் போதுமான அளவு உணவை உட்கொள்ளாதபோதும், அடிக்கடி உடல்நிலை சரியில்லாமல் போவதும் அல்லது நீண்ட கால நோய்களை கொண்டிருக்கும்போதும் இது பொதுவாக நிகழ்கிறது","It usually occurs when a person does not eat good quality and adequate food, often falls ill or has chronic diseases"
"Poshan Abhiyaan is India’s flagship programme to improve nutritional outcomes for children, adolescents, pregnant women and lactating mothers by leveraging technology, a targeted approach and convergence.","போஷன் அபியான் என்பது குழந்தைகள், இளம் பருவத்தினர், முன்னுரிமைக்கான ஊட்டச்சத்து விளைவுகளை மேம்படுத்துவதற்கான இந்தியாவின் முதன்மை திட்டமாகும்.","POSHAN Abhiyaan is India's flagship programme to improve the nutritional outcomes of children, adolescents and women on priority"
Hot Cooked Meal (HCM) given in last 30 days,கடந்த 30 நாட்களில் வழங்கப்பட்ட சூடான சமைத்த உணவு (HCM),Hot Cooked Meals (HCM) served during last 30 days
Uploading of Data of Anganwadi Services Schemes in Poshan Tracker,போஷன் டிராக்கரில் அங்கன்வாடி சேவைகள் திட்டங்களின் தரவைப் பதிவேற்றுதல்,Uploading of data on Anganwadi Services Schemes on POSHAN Tracker
The Poshan Tracker generates automated alerts to the critical last-mile beneficiaries.,போஷன் டிராக்கர் ஆனது முக்கியமான கடைசி மைல் பயனாளிகளுக்கு தானியங்கி விழிப்பூட்டல்களை உருவாக்குகிறது.,POSHAN tracker generates automated awareness for important last mile beneficiaries.
It also ensures efficient audit of the delivery system by documenting real time attendance of beneficiaries and duty bearers.,பயனாளிகள் மற்றும் கடமை தாங்குபவர்களின் உண்மையான நேர வருகையை ஆவணப்படுத்துவதன் மூலம் திறமையான தணிக்கையையும் இது உறுதி செய்கிறது.,It also ensures efficient audit by documenting real time attendance of beneficiaries and stakeholders.
"This management information system will help the nutrition programme to scale efficiently, thereby generating and documenting positive impact","இந்த மேலாண்மை தகவல் அமைப்பு ஊட்டச்சத்து திட்டத்தை திறம்பட அளவிடுவதற்கும், நேர்மறையான தாக்கத்தை உருவாக்கி ஆவணப்படுத்துவதற்கும் உதவும்",The Management Information System (MIS) will help in effective measurement and documentation of nutrition outcomes
How can one Download Poshan Tracker App?,போஷன் டிராக்கர் அபிபி ஐ எவ்வாறு பதிவிறக்கம் செய்யலாம்?,How to download POSHAN Tracker UPI?
"Clarification regarding Cost of Smart phones (03 June, 2021)","ஸ்மார்ட் போன்களின் விலை தொடர்பான தெளிவுபடுத்தல் (03 ஜூன், 2021)","Clarification regarding Price of Smartphones (June 03, 2021)"
along with status update once resolved,நிலை புதுப்பித்தலுடன் சேர்த்து ஒருமுறை தீர்க்கப்பட்டது,Resolved once with status update
"The Poshan Tracker system is regularly audited by auditors engaged by MWCD, for security and scalability of the system.","போஷன் டிராக்கர் அமைப்பு, அமைப்பின் பாதுகாப்பு மற்றும் அளவிடுதல் ஆகியவற்றிற்காக, MWCD ஆல் ஈடுபட்டுள்ள தணிக்கையாளர்களால் தொடர்ந்து தணிக்கை செய்யப்படுகிறது.",The POSHAN tracker system is continuously audited by auditors engaged by MWCD for protection and measurement of the system.
The records may be used for such audits.,அத்தகைய தணிக்கைகளுக்கு பதிவுகள் பயன்படுத்தப்படலாம்.,Records can be used for such audits.
Poshan Tracker adds new Resources on Website,ரோஷன் இணையதள அம்சத்தில் புதிய வளங்களைச் சேர்க்கிறது,Adding new resources to the Roshan Portal
"If this is your first time contacting us or you've lost the ticket number, please open a new ticket","நீங்கள் எங்களைத் தொடர்புகொள்வது இதுவே முதல் முறை என்றால் அல்லது டிக்கெட் நம்பரைத் தொலைத்துவிட்டால், தயவுசெய்து புதிய டிக்கெட்டைத் திறக்கவும்","If this is the first time you have contacted us or if you have lost your ticket number, please open a new ticket"
"Technology under Poshan Tracker is being leveraged for dynamic identification of stunting, wasting, under-weight prevalence among children and last mile tracking of nutrition service delivery","போஷான் டிராக்கரின் கீழ் உள்ள தொழில்நுட்பம், குழந்தைகளிடையே வளர்ச்சி குன்றிய நிலை, உடல் எடை குறைதல், உடல் எடை குறைவாக இருப்பது மற்றும் ஊட்டச்சத்து சேவை விநியோகத்தின் கடைசி மைல் கண்காணிப்பு போன்றவற்றின் ஆற்றல்மிக்க அடையாளத்திற்காக பயன்படுத்தப்படுகிறது","The technology under POSHAN tracker is being used for effective identification of stunting among children, weight loss, underweight and last-mile monitoring of nutrition service delivery"
The System also takes feedback about system performance and experience.,கணினி செயல்திறன் மற்றும் அனுபவம் பற்றிய கருத்துக்களையும் கணினி எடுத்துக்கொள்கிறது.,The system also takes feedback on computer performance and experience.
"Information on name, mobile number, date of registration and health status may be used for these purposes","இந்த நோக்கங்களுக்காக பெயர், மொபைல் எண், பதிவு செய்யப்பட்ட தேதி மற்றும் சுகாதார நிலை பற்றிய தகவல்கள் பயன்படுத்தப்படலாம்","Name, mobile number, date of registration and health status information may be used for these purposes"
"We collect the content and other information that you provide when you use our Services, including when you sign up for an account.","நீங்கள் எங்கள் சேவைகளைப் பயன்படுத்தும் போது நீங்கள் வழங்கும் உள்ளடக்கம் மற்றும் பிற தகவல்களை நாங்கள் சேகரிக்கிறோம், நீங்கள் கணக்கில் பதிவு செய்வது உட்பட.","We collect the content and other information you provide when you use our services, including when you register to account."
"You may, however, choose not to share personal data where providing the data is optional.","இருப்பினும், தரவை வழங்குவது விருப்பமானதாக இருந்தால், தனிப்பட்ட தரவைப் பகிர வேண்டாம் என்று நீங்கள் தேர்வு செய்யலாம்.","However, if it is optional to provide data, you may choose not to share personal data."
Tracking of services to the end beneficiary at a click of a button.,ஒரு பொத்தானைக் கிளிக் செய்வதன் மூலம் பயனாளிக்கான சேவைகளைக் கண்காணித்தல்.,Monitoring of beneficiary services with click of a button.
"Services like Take Home Ration (THR) and Hot cooked Meal (HCM), vaccination for Infants and Pregnant Women","டேக் ஹோம் ரேஷன் (THR) மற்றும் சூடான சமைத்த உணவு (HCM), கைக்குழந்தைகள் மற்றும் கர்ப்பிணிப் பெண்களுக்கு தடுப்பூசி போடுதல் போன்ற சேவைகள்","Services such as Take Home Ration (THR) and Hot Cooked Meals (HCM), immunization of children and pregnant women"
"New Poshan Tracker App (13 January, 2021)","புதிய போஷன் டிராக்கர் பயன்பாடு (13 ஜனவரி, 2021)","New POSHAN tracker usage (13th January, 2021)"
Preventing illnesses to avert Malnutrition and Death,ஊட்டச்சத்து குறைபாடு மற்றும் மரணத்தைத் தவிர்க்க நோய்களைத் தடுக்கிறது,Prevents Malnutrition and Malnutrition
Scan the QR Code to Download the App,பயன்பாட்டைப் பதிவிறக்க QR கோடை ஸ்கேன் செய்யவும்,Scan the QR Summer to download the app
Pregnant women who received Take Home Ration (THR),டேக் ஹோம் ரேஷன் (THR) பெற்ற கர்ப்பிணிப் பெண்கள்,Pregnant Women with Take Home Ration (THR)
General Awareness on SAM and MAM,SAM மற்றும் MAM பற்றிய பொது விழிப்புணர்வு,Public awareness about SAM and MAM
"App can be accessed offline, currently daily tracking feature is available for offline data entry.Offline mode can store latest 3 days data.","இல்லை, சரியான இணைய இணைப்பு இல்லாமல் பயன்பாடு செயல்படாது.","No, the application will not work without a proper internet connection."
These organizations will not use the APIs/ No-code webpage integration to encourage or promote illegal activity or violation of third-party rights including these Terms with Poshan Tracker.,இந்த நிறுவனங்கள் போஷன் டிராக்கர் உடன் இந்த விதிமுறைகள் உட்பட சட்டவிரோத செயல்பாடு அல்லது மூன்றாம் தரப்பு உரிமைகளை மீறுவதை ஊக்குவிக்க APIகள்/குறியீடு இல்லாத வலைப்பக்க ஒருங்கிணைப்பைப் பயன்படுத்தாது.,These entities will not use API / non-coded web page integration with POSHAN tracker to promote illegal activity or violation of third party rights including these provisions.
"Pregnant Women, Lactating Mothers, Children from 6 months to 3 years and adolescent girls.","கர்ப்பிணிப் பெண்கள், பாலூட்டும் தாய்மார்கள், 6 மாதங்கள் முதல் 3 வயது வரையிலான குழந்தைகள் மற்றும் பருவப் பெண்கள்.","Pregnant women, lactating mothers, children in the age group of 6 months to 3 years and adolescent girls."
"New Poshan Tracker App : CSC-SPV Nodal Person (02 February, 2021)","புதிய போஷன் டிராக்கர் பயன்பாடுஃ சி. எஸ். சி-எஸ். பி. வி நோடல் நபர் (02 பிப்ரவரி, 2021)",Use of New POSHAN Tracker: CSC-SPV Nodal Person (02 February 2021)
An AWW can use ‘Migrate Beneficiary’ option to migrate a beneficiary from one AWC to another AWC basis their Aadhaar number.,AWW ஆனது ஒரு பயனாளியை அவர்களின் ஆதார் எண்ணின் அடிப்படையில் ஒரு AWC இலிருந்து மற்றொரு AWC க்கு நகர்த்துவதற்கு 'Migrate Beneficiary' விருப்பத்தைப் பயன்படுத்தலாம்.,AWW can use the 'Migrate Beneficiary' option to move a beneficiary from one AWC to another based on their Aadhaar number.
A beneficiary is eligible for HCM for at least 21 days in a month.,ஒரு பயனாளி ஒரு மாதத்தில் குறைந்தது 21 நாட்களுக்கு HCM க்கு தகுதியுடையவர்.,A beneficiary is eligible for HCM for at least 21 days in a month.
ABHA (Health ID) and its Benefits,ABHA (ஹெல்த் ஐடி) மற்றும் அதன் நன்மைகள்,ABHA (Health ID) and its benefits
"We'ar sorry, the page you requested could not be found.","மன்னிக்கவும், நீங்கள் கோரிய பக்கத்தைக் கண்டுபிடிக்க முடியவில்லை.","Sorry, the page you requested could not be found."
Dadra & Nagar Haveli - Daman & Diu,தாத்ரா மற்றும் நாகர் அவெலி - தமன் மற்றும் டையூ,Dadra and Nagar Haveli Daman and Diu
Download Mobile App from Play Store,Play Store இலிருந்து மொபைல் பயன்பாட்டைப் பதிவிறக்கவும்,Download the app from the Play Store
General Awareness on the Delivery of the child,குழந்தை பிரசவம் பற்றிய பொது விழிப்புணர்வு,Public Awareness on Childbirth
"We also use the data to operate our services, which includes analyzing our performance, meeting our legal obligations, developing our workforce, and doing research.","எங்கள் சேவைகளை இயக்கவும் தரவைப் பயன்படுத்துகிறோம், இதில் எங்கள் செயல்திறனைப் பகுப்பாய்வு செய்தல், எங்கள் சட்டப்பூர்வ கடமைகளை நிறைவேற்றுதல், எங்கள் பணியாளர்களை மேம்படுத்துதல் மற்றும் ஆராய்ச்சி செய்தல் ஆகியவை அடங்கும்.","We are also using data to run our services, which includes analysing our performance, fulfilling our legal obligations, upgrading our staff and doing research."
Where can I enquire about Hot Cooked Meal?,சூடான சமைத்த உணவைப் பற்றி நான் எங்கே கேட்கலாம்?,Where can I ask about hot cooked food?
"The Site may contain links to other websites that may not be owned, maintained, or operated by us.","தளத்தில் எங்களுக்குச் சொந்தமான, பராமரிக்கப்படாத அல்லது இயக்கப்படாத பிற இணையதளங்களுக்கான இணைப்புகள் இருக்கலாம்.","The site may have links to other websites that we own, are not maintained or are not operated."
"The fact that these websites are linked, does not indicate any endorsement of these websites from us, since we do have any control over these websites.","இந்த இணையதளங்கள் இணைக்கப்பட்டிருப்பது, இந்த இணையதளங்களின் மீது எங்களிடம் எந்தக் கட்டுப்பாடும் இல்லாததால், இந்த இணையதளங்களுக்கு எங்களிடமிருந்து எந்த ஒப்புதலும் இல்லை.",The integration of these websites is not approved by us as we do not have any control over these websites.
We are not responsible for these websites including any content or the privacy practices of these websites.,எந்தவொரு உள்ளடக்கம் அல்லது இந்த வலைத்தளங்களின் தனியுரிமை நடைமுறைகள் உட்பட இந்த வலைத்தளங்களுக்கு நாங்கள் பொறுப்பல்ல.,"We are not responsible for these websites, including any content or privacy practices of these websites."
We strongly encourage you to familiarize yourself with the terms of use of these websites.,இந்த வலைத்தளங்களின் பயன்பாட்டு விதிமுறைகளுடன் உங்களைப் பழக்கப்படுத்திக்கொள்ள நாங்கள் கடுமையாக ஊக்குவிக்கிறோம்.,We strongly encourage you to get used to the Terms of Use of these websites.
Your use of these websites is at your own risk and peril.,இந்த இணையதளங்களைப் பயன்படுத்துவது உங்கள் சொந்த ஆபத்தில் உள்ளது.,Using these websites is at your own risk.
In how many languages AWW can enter the data while filling up the form?,படிவத்தை நிரப்பும்போது அடபிள்யூடபிள்யூ அல்லது அடபிள்யூசி எத்தனை மொழிகளில் தரவை உள்ளிடலாம்?,How many languages can AWW or AWC enter data while filling up the form?
Children who are identified as deficit on nutrition are eligible for additional food supplements.,ஊட்டச்சத்து குறைபாடு உள்ள குழந்தைகள் கூடுதல் உணவுப் பொருட்களுக்கு தகுதியுடையவர்கள்.,Malnourished children are entitled to additional food items.
An underweight person is a person whose body weight is considered too low to be healthy,சாதாரண நபரின் எடையை விட உடல் எடை குறைவாக இருக்கும் நபர் எடை குறைந்தவராக கருதப்படுகிறார்,A person who is underweight is considered underweight
When and how to use MPIN?,"எம்பின் ஐ எப்போது,   எப்படிப் பயன்படுத்துவது?",How and when to use it?
Ensuring that complementary feeding improves over time,காலப்போக்கில் துணை உணவு மேம்படுவதை உறுதி செய்தல்,Ensuring timely upgradation of supplements.
Using ABHA (Health ID) is the first step towards creating safer and efficient digital health records for you and your family.,உங்களுக்கும் உங்கள் குடும்பத்துக்கும் பாதுகாப்பான மற்றும் திறமையான டிஜிட்டல் ஹெல்த் ரெக்கார்டுகளை உருவாக்குவதற்கான முதல் படி ABHA (ஹெல்த் ஐடி) ஐப் பயன்படுத்துவது தான்.,Use of ABHA (Health ID) is the first step towards creating safe and efficient digital health records for yourself and your family.
ABHA (earlier known as Health ID) is an acronym for Ayushman Bharat Health Account.,ABHA (முன்பு ஹெல்த் ஐடி என அறியப்பட்டது) என்பது ஆயுஷ்மான் பாரத் ஹெல்த் அக்கவுண்ட் என்பதன் சுருக்கமாகும்.,ABHA stands for Ayushman Bharat Health Account.
AWW/AWCs can only be added by nodal level official.Anybody in the above rank in the hierarchy.,"அடபிள்யூடபிள்யூ / அடபிள்யூசி களை நோடல் நிலை அதிகாரியால் மட்டுமே சேர்க்க முடியும்.வரிசைக்கு மேலே உள்ள எவரும்.தேசிய அளவிலான பயனர் மாநில, மாவட்டம், திட்டம் மற்றும் துறை அளவிலான பயனர்களை உருவாக்க முடியும்.மாநில அளவிலான பயனர் மாவட்ட, திட்ட மற்றும் துறை அளவிலான பயனர்களை உருவாக்க முடியும், மாவட்ட அளவிலான பயனர் திட்ட மற்றும் துறை மட்ட பயனரை உருவாக்க முடியும், திட்ட அளவிலான பயனர் துறை அளவிலான பயனர்.காவை உருவாக்க முடியும்.","The AWCs / AWCs can be added only by the Nodal Officer. anyone above the line can create the users at the state, district, project and sector level at the national level, the user at the state level can create the users at the district, project and sector level, the user at the district level can create the user at the project and sector level, the user at the project level can create the user at the department level and the user at the project level can create the user at the project level."
Where can I enquire about take home ration?,வீட்டிற்கு எடுத்துச் செல்லும் ரேஷன் பற்றி நான் எங்கே கேட்கலாம்?,Where can I ask about home delivery of ration?
We use the information we collect from all our services for the following purposes:,எங்கள் எல்லா சேவைகளிலிருந்தும் நாங்கள் சேகரிக்கும் தகவலை பின்வரும் நோக்கங்களுக்காகப் பயன்படுத்துகிறோம்ஃ,We use the information we collect from all our services for the following purposes:
Identification & Referral of Sick Newborn,உடம்பு சரியில்லாத புதிதாகப் பிறந்த குழந்தையை அடையாளம் கண்டு பரிந்துரைத்தல்,Identification and Recommendation of Sick Newborn
 XIV. CORRECTNESS OF DATA PROVIDED BY THIRD PARTY SYSTEMS, XIV. மூன்றாம் தரப்பு அமைப்புகளால் வழங்கப்பட்ட தரவுகளின் சரியான தன்மை,XIV. Accuracy of data provided by third party organizations
Who is eligible for Take Home Ration?,வீட்டுக்கு ரேஷன் எடுத்துச் செல்ல யார் தகுதியானவர்?,Who is eligible to take home ration
Supporting mothers with issues in Breastfeeding,தாய்ப்பால் கொடுப்பதில் சிக்கல் உள்ள தாய்மார்களுக்கு ஆதரவு அளித்தல்,Support to Mothers who are in difficulty in breastfeeding
Above standards are defined as per given above mentioned age brackets,மேலே குறிப்பிடப்பட்ட தரநிலைகள் வயது வரம்புகளின்படி வரையறுக்கப்பட்டுள்ளன,The above-mentioned standards are defined in terms of age
"If a person is underweight, their body may not be getting the nutrients it needs to build healthy bones, skin and hair","ஒரு நபர் எடை குறைவாக இருந்தால், ஆரோக்கியமான எலும்புகள், தோல் மற்றும் முடியை உருவாக்க தேவையான ஊட்டச்சத்துக்கள் அவரது உடலுக்கு கிடைக்காமல் போயிருக்கலாம்","If a person is underweight, his or her body may be deprived of the nutrition needed for healthy bones, skin and hair"
MPIN can be set by respective Anganwadi worker by requesting an OTP against his/her mobile number.,அந்தந்த அங்கன்வாடி ஊழியரால் அவரது / அவள் மொபைல் எண்ணுக்கு எதிராக OTP கோருவதன் மூலம் எம்பின் ஐ அமைக்கலாம்.,The MP can be set up by the concerned Anganwadi worker by requesting OTP against his / her mobile number.
"If Mobile number is already present in the database, the respective Anganwadi person will receive 4 digits OTP on registered mobile number.","மொபைல் எண் ஏற்கனவே தரவுத்தளத்தில் இருந்தால், அந்தந்த அங்கன்வாடி நபர் பதிவு செய்யப்பட்ட மொபைல் எண்ணில் 4 இலக்க OTP ஐப் பெறுவார்.","If the mobile number is already in the database, the concerned Anganwadi worker will receive a 4-digit OTP on the registered mobile number"
"Post entering the OTP, AWW can easily set customized MPIN.","OTP க்குள் நுழைந்த பின், அங்கன்வாடி ஊழியர்கள் தனிப்பயனாக்கப்பட்ட எம்பின் ஐ எளிதாக அமைக்க முடியும்.","Once the OTP is entered, the Anganwadi workers will be able to set up a customized MPIN."
"It enables your interaction with participating healthcare providers, and allows you to receive your digital lab reports, prescriptions and diagnosis seamlessly from verified healthcare professionals and health service providers.","இது சுகாதார வழங்குநர்களுடன் உங்கள் தொடர்புகளை செயல்படுத்துகிறது, மேலும் சுகாதார நிபுணர்கள் மற்றும் சுகாதார சேவை வழங்குநர்களிடமிருந்து உங்கள் டிஜிட்டல் ஆய்வக அறிக்கைகள், மருந்துச்சீட்டுகள் மற்றும் நோயறிதல் ஆகியவற்றை தடையின்றி பெற அனுமதிக்கிறது.","It executes your contacts with health providers, and allows you to seamlessly access your digital lab reports, medicine bills and diagnostics from health experts and health care providers."
Our System provides API to Third – Party Sites that may collect your personal information.,உங்கள் தனிப்பட்ட தகவல்களைச் சேகரிக்கக்கூடிய மூன்றாம் தரப்பு தளங்களுக்கு எங்கள் அமைப்பு API ஐ வழங்குகிறது.,Our system provides API to third-party sites that can collect your personal information.
Poshan Tracker is not in any manner responsible for the security of such information or their privacy practices or content of those Third – Party Sites.,அத்தகைய தகவல் அல்லது அவர்களின் தனியுரிமை நடைமுறைகள் அல்லது அந்த மூன்றாம் தரப்பு தளங்களின் உள்ளடக்கத்திற்கு போஷன் டிராக்கர் எந்த வகையிலும் பொறுப்பாக இல்லை.,POSHAN tracker is in no way responsible for such information or their privacy practices or the content of those third party sites.
These third-party service providers and Third-Party Sites may have their own privacy policies governing the storage and retention of your information that you may be subject to.,இந்த மூன்றாம் தரப்பு சேவை வழங்குநர்கள் மற்றும் மூன்றாம் தரப்பு தளங்கள் நீங்கள் உட்பட்ட உங்கள் தகவலைச் சேமித்து வைத்திருத்தல் ஆகியவற்றை நிர்வகிக்கும் தங்கள் தனியுரிமைக் கொள்கைகளைக் கொண்டிருக்கலாம்.,These third party service providers and third party sites may have their own privacy policies governing the storage of your information including you.
"This Privacy Policy does not govern any information provided to, stored on, or used by these third-party providers and Third-Party Sites.","இந்தத் தனியுரிமைக் கொள்கையானது, இந்த மூன்றாம் தரப்பு வழங்குநர்கள் மற்றும் மூன்றாம் தரப்பு தளங்களுக்கு வழங்கப்படும், சேமித்து வைத்திருக்கும் அல்லது பயன்படுத்தப்படும் எந்தத் தகவலையும் நிர்வகிக்காது.","The Privacy Policy does not deal with any information provided, stored or used by third party providers and third party platforms."
"We recommend that when you enter a Third-Party Site, you review the Third Party Site’s privacy policy as it relates to safeguarding of your information.","நீங்கள் மூன்றாம் தரப்பு தளத்தை உள்ளிடும்போது, உங்கள் தகவலைப் பாதுகாப்பது தொடர்பான மூன்றாம் தரப்பு தளத்தின் தனியுரிமைக் கொள்கையை மதிப்பாய்வு செய்யுமாறு பரிந்துரைக்கிறோம்.","When you enter a third party site, we recommend you review the privacy policy of a third party site related to protecting your information."
You agree and acknowledge that Poshan Tracker will not be liable for the information published in search results or by any Third-Party Sites.,தேடல் முடிவுகளிலோ அல்லது எந்த மூன்றாம் தரப்பு தளங்களிலோ வெளியிடப்படும் தகவல்களுக்கு போஷன் டிராக்கர் பொறுப்பேற்காது என்பதை நீங்கள் ஒப்புக்கொள்கிறீர்கள்.,You agree that POSHAN tracker will not be responsible for the information published in search results or any third party websites.
Your Reference ID (Mobile number) will only be co-related with your personal information in order to communicate to you through SMS as per the clause 1 above.,மேலே உள்ள பிரிவு 1 இன் படி SMS மூலம் உங்களுடன் தொடர்புகொள்வதற்காக உங்கள் குறிப்பு ஐடி (மொபைல் எண்) உங்கள் தனிப்பட்ட தகவலுடன் மட்டுமே தொடர்புடையதாக இருக்கும்.,"As per section 1 above, your reference ID (mobile number) will be linked to your personal information only for communicating with you through SMS."
"By visiting or using the Site, you expressly agree to these Terms, as updated from time to time.","தளத்தைப் பார்வையிடுவதன் மூலம் அல்லது பயன்படுத்துவதன் மூலம், அவ்வப்போது புதுப்பிக்கப்படும் இந்த விதிமுறைகளை நீங்கள் வெளிப்படையாக ஒப்புக்கொள்கிறீர்கள்.","You openly agree to these regulations, which are updated from time to time, by visiting or using the site"
"If you do not agree with any part of these terms, do not use the site.","இந்த விதிமுறைகளில் ஏதேனும் ஒரு பகுதியை நீங்கள் ஏற்கவில்லை என்றால், தளத்தைப் பயன்படுத்த வேண்டாம்.","If you do not agree to any of these terms and conditions, do not use the site."
You may not use the Site in any manner and may not accept the Terms if you are not of legal age to form a binding contract.,நீங்கள் எந்த வகையிலும் தளத்தைப் பயன்படுத்தக்கூடாது மற்றும் பிணைப்பு ஒப்பந்தத்தை உருவாக்குவதற்கு நீங்கள் சட்டப்பூர்வ வயதுடையவராக இல்லாவிட்டால் விதிமுறைகளை ஏற்க முடியாது.,You must not use the platform in any way and cannot accept the terms unless you are of legal age to create a binding agreement.
Bacillus Calmette Guerin (BCG)Oral Polio Vaccine (OPV)-0 dose Hepatitis B birth dose OPV-1 T,பேசிலஸ் கால்மெட் குரின் (BCG)வாய்வழி போலியோ தடுப்பூசி (OPV)-0 அளவு ஹெபடைடிஸ் பி பிறப்பு டோஸ் OPV-1 T,Bacillus Calmed Corine (BCG) Oral Polio Vaccine (OPV) - 0 Measles Hepatitis B Birth Dose OPV-1 T
"The information collected under Clause 1, shall be used for the purpose of facilitating the health of the beneficiaries.","பிரிவு 1-ன் கீழ் சேகரிக்கப்பட்ட தகவல்கள், பயனாளிகளின் ஆரோக்கியத்தை எளிதாக்கும் நோக்கத்திற்காகப் பயன்படுத்தப்படும்.",The information collected under Section 1 will be used for the purpose of facilitating the health of the beneficiaries.
"We provide our products, which includes updating, securing, and troubleshooting the information/data/ materials and contents of the System, as well as providing support.","கணினியின் தகவல்/தரவு/ பொருட்கள் மற்றும் உள்ளடக்கங்களை புதுப்பித்தல், பாதுகாத்தல் மற்றும் சரிசெய்தல் மற்றும் ஆதரவை வழங்குதல் உள்ளிட்ட எங்கள் தயாரிப்புகளை நாங்கள் வழங்குகிறோம்.","We offer our products including updating, preserving and repairing the information / data / products and contents of the system and providing support."
"When you register on Poshan Tracker, the Mobile number with which you registered, will be used to locate your record from the database.","நீங்கள் போஷன் டிராக்கர் இல் பதிவு செய்யும் போது, நீங்கள் பதிவு செய்த மொபைல் எண், தரவுத்தளத்திலிருந்து உங்கள் பதிவைக் கண்டறிய பயன்படுத்தப்படும்.","While you register with POSHAN tracker, your registered mobile number will be used to track your registration from the database."
These can also be used to assess the health status as recorded in the Poshan Tracker system.,போஷன் டிராக்கர் அமைப்பில் பதிவு செய்யப்பட்டுள்ள சுகாதார நிலையை மதிப்பிடவும் இவை பயன்படுத்தப்படலாம்.,These can also be used to assess the health status recorded in the POSHAN tracker system.
Training on ICT Platform under POSHAN Abhiyaan,போஷன் அபியான் கீழ் ICT பிளாட்ஃபார்மில் பயிற்சி,Training on ICT Platform under POSHAN Abhiyaan
"Know more about stunting, wasting and underweight","வளர்ச்சி குன்றிய நிலை, ஊட்டச்சத்து குறைபாடு மற்றும் எடை குறைவு பற்றி மேலும் அறிக","Learn more about stunting, undernutrition and weight loss"
What information to be added in AWC forms?,அடபிள்யூசி படிவங்களில் என்ன தகவல் சேர்க்கப்பட வேண்டும்?,What information should be included in the WCC forms?
How to revive your health if you are Moderately Wasted (MAM),நீங்கள் மிதமான ஊட்டச்சத்து குறைபாடு உள்ளவராக இருந்தால் (MAM) உங்கள் ஆரோக்கியத்தை எவ்வாறு மீட்டெடுப்பது,"If you are moderately undernourished (MAM), how to restore your health"
AWC Workers Registered In Last 30 Days,கடந்த 30 நாட்களில் AWC தொழிலாளர்கள் பதிவு செய்யப்பட்டது,AWC Workers Registered in Last 30 Days
Click on above button to get this App,இந்த பயன்பாட்டைப் பெற மேலே உள்ள பொத்தானைக் கிளிக் செய்க,Click on the button above to avail this service.
Beneficiaries Registered In Last 30 Days,கடந்த 30 நாட்களில் பதிவு செய்யப்பட்ட பயனாளிகள்,Number of Beneficiaries Registered in Last 30 Days
Specifications of Smart phone and Technical Compatibility Testing,ஸ்மார்ட் ஃபோனின் விவரக்குறிப்புகள் மற்றும் தொழில்நுட்ப இணக்கத்தன்மை சோதனை,Smartphone specifications and technology compatibility test
Preparation During Pregnancy - For NewBorn Care & Family Planning,கர்ப்ப காலத்தில் தயாரித்தல் - புதிதாகப் பிறந்த குழந்தை பராமரிப்பு மற்றும் குடும்பக் கட்டுப்பாடு,Preparation of Pregnancy - Newborn Care and Family Planning
Stunting is the impaired growth and development that children experience from poor nutrition,வளர்ச்சி குன்றிய நிலை என்பது குழந்தைகளின் மோசமான ஊட்டச்சத்தால் ஏற்படும் வளர்ச்சி குறைதல் ஆகும்,Malnutrition is the cause of stunting in children
Children in the age group of 3 years to 6 years,3 வயது முதல் 6 வயது வரை இருக்கும் குழந்தைகள்,Children in the age group of 3 to 6 years
What is the eligibility of a beneficiary?,ஒரு பயனாளியின் தகுதி என்ன?,What is the eligibility of a beneficiary?
Who are the target userbase of Poshan Tracker App?,போஷன் டிராக்கர் பயன்பாட்டின் இலக்கு பயனர் தளம் யார்?,Who is the target user platform for the POSHAN tracker application?
"It often indicates recent and severe weight loss, although it can also persist for a long time","இது பெரும்பாலும் சமீபத்திய மற்றும் கடுமையான எடை இழப்பைக் குறிக்கிறது, இருப்பினும் இது நீண்ட காலத்திற்கு நீடிக்கும்","This often refers to recent and severe weight loss, although it will last for a long time"
What is the minimum requirement to install Poshan Tracker App in mobile?,போஷன் டிராக்கர் பயன்பாட்டை மொபைலில் நிறுவ குறைந்தபட்ச தேவை என்ன?,What is the minimum requirement to install POSHAN tracker on mobile?
You will only access (or attempt to access) the Site by the means described in the Documentation and will comply with the terms and conditions of this Agreement.,ஆவணத்தில் விவரிக்கப்பட்டுள்ள வழிமுறைகளின் மூலம் மட்டுமே நீங்கள் தளத்தை அணுகுவீர்கள் (அல்லது அணுக முயற்சிப்பீர்கள்) மேலும் இந்த ஒப்பந்தத்தின் விதிமுறைகள் மற்றும் நிபந்தனைகளுக்கு இணங்குவீர்கள்.,You will be able to access (or attempt to access) the site only through the procedures described in the document and comply with the terms and conditions of the agreement.
"You will comply with all Central and State laws, rules and regulations applicable to you and your use of the Site and affecting any third-party rights.","எந்த மூன்றாம் தரப்பு உரிமைகளையும் பாதிக்காமல் உங்களுக்கும் உங்கள் தளத்தைப் பயன்படுத்துவதற்கும் பொருந்தக்கூடிய அனைத்து மத்திய மற்றும் மாநில சட்டங்கள், விதிகள் மற்றும் ஒழுங்குமுறைகளுக்கு நீங்கள் இணங்குவீர்கள்.","You will comply with all Central and State laws, rules and regulations applicable to you and to the use of your platform without affecting the rights of any third party"
You can participate in Swastha Balak Balika Spardha by registering through the website https://poshantracker.,You can participate in Swastha Balak Balika Spardha by registering through the website https://poshantracker.,You can participate in Swastha Balka Spardha by registering through the website https: / / poshantracker.
in or by downloading ‘Poshan Tracker’ App from Google Play Store.,in or by downloading 'Poshan Tracker' App from Google Play Store.,In or by downloading 'Poshan Tracker' App from Google Play Store.
The following are the Terms of Service (“Terms”) that govern your use of the Poshan Tracker Platform hosted at https://poshantracker.,பின்வருபவை https://poshantracker.,The following are available at https: / / poshantracker.
"in, and all associated sites linked to it, its subsidiaries, and affiliates (collectively, the “Site”).","in இல் ஹோஸ்ட் செய்யப்பட்ட போஷன் டிராக்கர் பிளாட்ஃபார்ம் மற்றும் இணைக்கப்பட்ட அனைத்து தளங்களும் அதன் நிறுவனங்கள் மற்றும் துணை நிறுவனங்கள் (ஒட்டுமொத்தமாக, ""தளம்"") உங்கள் பயன்பாட்டை நிர்வகிக்கும் சேவை விதிமுறைகள் (""விதிமுறைகள்"").","POSHAN tracker platform hosted on and all the sites connected to it, its companies and subsidiaries (collectively, the site) are the service rules (Regulations) that govern your use."
Clarification regarding Cost of Smart phones,ஸ்மார்ட் போன்களின் விலை பற்றிய விளக்கம்,Clarification on prices of smartphones
Measles Containing vaccine (MCV)/Measles & Rubella (MR)-1Japanese Encephalitis(JE)-1**PCV-Booster,தட்டம்மை கொண்ட தடுப்பூசி (MCV)/தட்டம்மை & ரூபெல்லா (MR)-1ஜப்பானிய மூளைக்காய்ச்சல்(JE)-1**PCV-பூஸ்டர்,Measles Vaccine (MCV) / Measles & Rubella (MR) -1 Japanese Encephalitis (JE) -1 * PCV-Booster
Mobile number need to be validated within a week,கைபேசி எண் ஒரு வாரத்துக்குள் சரிபார்க்கப்பட வேண்டும்,Mobile number to be verified within a week
Currently a beneficiary can register by the help of an AWW,தற்போது ஒரு பயனாளி AWW இன் உதவியுடன் பதிவு செய்யலாம்,Now a user can register with the help of AWW
Awareness for Lactating Mother Complimentary Feeding for Children,பாலூட்டும் தாய்மார்களுக்கான விழிப்புணர்வு மற்றும் குழந்தைகளுக்கு துணை உணவு வழங்குதல் குறித்த விழிப்புணர்வு,Awareness for Lactating Mothers and Supplementary Nutrition to Children
New Poshan Tracker App - CSC-SPV Nodal Person,புதிய போஷன் டிராக்கர் ஆப் - CSC-SPV நோடல் நபர்,New POSHAN Tracker of CSC - SPV Nodal Person
1.1. Information you provide to us.,1.1. நீங்கள் எங்களுக்கு வழங்கும் தகவல்.,1.1. Information you provide us.
How can one access Poshan Tracker Dashboard?,போஷன் டிராக்கர் டாஷ்போர்டை ஒருவர் எவ்வாறு அணுக முடியும்?,How to access POSHAN Tracker Dashboard
Prevention of Anemia in children and adolescents girls,குழந்தைகள் மற்றும் இளம்பெண்களில் இரத்த சோகை தடுப்பு,Prevention of Anaemia in Children and Young Girls
Gangarampur Addl. I. C. D. S Project,கங்க்ராம்பூர் அடிஷனல்  ஐ. சி. டி. எஸ். புராஜக்ட்,Gangarampur Additional ICDS Project
Can a beneficiary register directly using application.,ஒரு பயனாளி விண்ணப்பத்தைப் பயன்படுத்தி நேரடியாகப் பதிவு செய்ய முடியுமா.,Can a beneficiary register directly using the application?
The Ministry of Women and Child Development has rolled out Poshan Tracker application.,போஷன் டிராக்கர் விண்ணப்பத்தை பெண்கள் மற்றும் குழந்தைகள் மேம்பாட்டு அமைச்சகம் வெளியிட்டுள்ளது.,Ministry of Women and Child Development has released the application form for POSHAN Tracker
"The goal is to follow nutrition systems strengthening approach for improving maternal and child undernutrition, focused on strengthening implementation bottlenecks at all levels.","தாய் மற்றும் குழந்தை ஊட்டச்சத்து குறைபாட்டை மேம்படுத்துவதற்கான ஊட்டச்சத்து முறைகளை வலுப்படுத்தும் அணுகுமுறையைப் பின்பற்றுவதே இதன் குறிக்கோள், அனைத்து மட்டங்களிலும் செயல்படுத்தல் சிக்கல்களை வலுப்படுத்துவதில் கவனம் செலுத்துகிறது.","The goal is to follow the approach of strengthening nutrition systems to improve maternal and child nutrition outcomes, focusing on strengthening implementation bottlenecks at all levels."
"The Poshan Tracker is built using centralized data architecture, that also aligns with the digital technology systems of other ministries and programs.","போஷன் டிராக்கர் மையப்படுத்தப்பட்ட தரவுக் கட்டமைப்பைப் பயன்படுத்தி கட்டப்பட்டுள்ளது, இது மற்ற அமைச்சகங்கள் மற்றும் திட்டங்களின் டிஜிட்டல் தொழில்நுட்ப அமைப்புகளுடன் இணைகிறது.",POSHAN tracker is built using centralized data infrastructure which connects with digital technology systems of other ministries and schemes.
"The system provides a digital identity to each beneficiary through a digital card, and allows convergence of call centre with the technology platform.","இந்த அமைப்பு ஒவ்வொரு பயனாளிக்கும் ஒரு டிஜிட்டல் அட்டை மூலம் டிஜிட்டல் அடையாளத்தை வழங்குகிறது, மேலும் தொழில்நுட்ப மையத்துடன் கால் சென்டரை இணைக்க அனுமதிக்கிறது.",This system provides digital identity to every beneficiary through a digital card and allows call centre to be connected with the technology centre.
The system generates automated alerts to the critical last-mile beneficiaries.,முக்கியமான கடைசி மைல் பயனாளிகளுக்கு கணினி தானியங்கி விழிப்பூட்டல்களை உருவாக்குகிறது.,The critical last mile generates automated alerts for the beneficiaries.
"It also ensures efficient audit of the delivery system, by documenting real time attendance of beneficiaries and duty bearers.",பயனாளிகள் மற்றும் கடமையாளர்களின் நிகழ்நேர வருகையை ஆவணப்படுத்துவதன் மூலம் விநியோக முறையின் திறமையான தணிக்கை இது உறுதி செய்கிறது.,It ensures efficient audit of the delivery system by documenting real time attendance of beneficiaries and stakeholders.
"Such a robust digital technology platform and management information system, will help the mission to scale efficiently, thereby generating and documenting significant positive impact.","இத்தகைய வலுவான டிஜிட்டல் தொழில்நுட்ப தளம் மற்றும் மேலாண்மை தகவல் அமைப்பு, பணியை திறம்பட அளவிட உதவும், இதன் மூலம் குறிப்பிடத்தக்க நேர்மறையான தாக்கத்தை உருவாக்கி ஆவணப்படுத்துகிறது.",Such a strong digital technology platform and management information system will help to effectively measure the performance of the work thus creating and documenting a significant positive impact.
Weight should be between 0.90 to 58,எடை 0.90-க்கும் 58-க்கும் இடையே இருக்க வேண்டும்,Weight should be between 0.90 and 58
MPIN can be easily reset by any AWW/AWC user.,எந்த அடபிள்யூடபிள்யூ / அடபிள்யூசி பயனரால் எம்பின் ஐ எளிதாக மீட்டமைக்க முடியும்.,Any AWC / AWC user can easily restore the MP.
"You are required to click on Forgot MPIN, and enter your registered mobile number.","மறந்துவிட்ட எம்பின் ஐக் கிளிக் செய்து, உங்கள் பதிவுசெய்த மொபைல் எண்ணை உள்ளிடவும்.",Click on forgot MP and enter your registered mobile number
You will receive and OTP on your registered mobile number and you can ealily reset your MPIN,"உங்கள் பதிவுசெய்யப்பட்ட மொபைல் எண்ணில் நீங்கள் பெறுவீர்கள் மற்றும் OTP பெறுவீர்கள், மேலும் உங்கள் எம்பின் ஐ நீங்கள் எளிதாக மீட்டமைக்கலாம்.",You will get the OTP on your registered mobile number and you can easily reset your MP.
The Poshan Tracker is a job-aid to the Anganwadi worker for efficient delivery of services along with reflection of their efforts.,போஷன் டிராக்கர் என்பது அங்கன்வாடி பணியாளர்களின் முயற்சியின் பிரதிபலிப்புடன் சேவைகளை திறம்பட வழங்க உதவுகிறது.,POSHAN tracker is a reflection of the effort put in by Anganwadi workers to deliver services effectively.
It is a critical and beneficiary-centric service delivery Application under POSHAN Abhiyaan which will promote real time data with analytics,"இது போஷன் அபியான் கீழ் முக்கியமான மற்றும் பயனாளிகளை மையமாகக் கொண்ட சேவை வழங்கல் விண்ணப்பமாகும், இது பகுப்பாய்வுகளுடன் நிகழ் நேரத் தரவை ஊக்குவிக்கும்","It is an important and beneficiary centric service delivery application under POSHAN Abhiyaan, which will promote real-time data with analytics"
Please enter valid Date of Birth,சரியான பிறந்த தேதியை உள்ளிடவும்,Enter the correct date of birth
Who is eligible for additional supplementary food?,கூடுதல் துணை உணவுக்கு யார் தகுதியானவர்?,Who is eligible for additional supplementary food
"We reserve the unconditional right to change, modify, add, or remove any part of these Terms at any time, without specifically notifying you of such changes.","மாற்றங்களை உங்களுக்குத் தெரிவிக்காமல், எந்த நேரத்திலும் இந்த விதிமுறைகளின் எந்தப் பகுதியையும் மாற்ற, திருத்த, சேர்க்க அல்லது அகற்ற நிபந்தனையற்ற உரிமையை நாங்கள் வைத்திருக்கிறோம்.","We have an unconditional right to change, amend, add or delete any part of these regulations at any time without informing you of the changes."
Any changes or updates will be effective immediately.,ஏதேனும் மாற்றங்கள் அல்லது புதுப்பிப்புகள் செய்யப்பட்டால் அவை உடனடியாக நடைமுறைக்கு வரும்.,"Changes or updates, if any, shall come into force with immediate effect"
You take the responsibility to check these Terms of Use periodically for changes.,இந்த பயன்பாட்டு விதிமுறைகளை மாறுதல்களை அவ்வப்போது சரிபார்ப்பது உங்களுடைய பொறுப்பு.,It is your responsibility to periodically verify the changes to these Terms of Use.
Your continued use of the platform post such revision shall constitute acceptance of the modified Terms.,"அத்தகைய திருத்தத்திற்குப் பிறகு நீங்கள் இயங்குதளத்தைத் தொடர்ந்து பயன்படுத்துவது, மாற்றியமைக்கப்பட்ட விதிமுறைகளை ஏற்றுக்கொள்வதாக அமையும்.","After such amendment, if you continue to use the platform, the revised guidelines will be accepted."
In both the above cases state nodal officers are empowered to add/ edit/Activate/Deactivate any of the AWW.,மேற்கூறிய இரண்டு நிகழ்வுகளிலும் அடபிள்யூடபிள்யூ ஐ சேர்க்க / திருத்த / செயல்படுத்த / செயலிழக்க மாநில நோடல் அதிகாரிகளுக்கு அதிகாரம் உண்டு.,"In both the above cases, State Nodal Officers are empowered to add / modify / activate / deactivate AWWs."
How many different types of reports can be generated over Poshan Tracker Dashboard?,போஷன் டிராக்கர் டாஷ்போர்டில் எத்தனை வகையான அறிக்கைகளை உருவாக்க முடியும்?,How many types of reports can be generated on POSHAN Tracker Dashboard
How to revive your health if you are Severely Wasted (SAM),நீங்கள் கடுமையான ஊட்டச்சத்து குறைபாடு உள்ளவராக இருந்தால் (SAM) உங்கள் ஆரோக்கியத்தை எவ்வாறு மீட்டெடுப்பது,How to restore your health if you are severely malnourished (SAM)
"See assessment charts for Stunted, Wasted and Underweight parameters","குன்றிய, ஊட்டச்சத்து குறைபாடுள்ள மற்றும் எடை குறைந்த அளவுருக்களுக்கான மதிப்பீட்டு விளக்கப்படங்களைப் பார்க்கவும்","See Assessment diagrams for underweight, undernourished and underweight parameters"
Resources for growth monitoring and general awareness,வளர்ச்சியைக் கண்காணித்தல் மற்றும் பொதுவான புரிதலுக்கான வளங்கள்,Resources for Growth Monitoring and General Understanding
AWW are required to enter details related to infrastructure present in a particular Anganwadi centre.,ஒரு குறிப்பிட்ட அங்கன்வாடி மையத்தில் இருக்கும் உள்கட்டமைப்பு தொடர்பான விவரங்களை அடபிள்யூடபிள்யூ உள்ளிட வேண்டும்.,The details of infrastructure available in a particular Anganwadi Centre should be provided by the AWWs.
"This includes structure, basic amenities, facilities, sanitization, drinking water etc.","இதில் கட்டமைப்பு, அடிப்படை வசதிகள், வசதிகள், சுத்திகரிப்பு, குடிநீர் போன்றவை அடங்கும்.","This includes infrastructure, basic amenities, facilities, sanitation, drinking water etc."
Lactating mothers who received Take Home Ration (THR),டேக் ஹோம் ரேஷன் (THR) பெற்ற பாலூட்டும் தாய்மார்கள்,Breastfeeding mothers receiving Take Home Ration (THR)
"Poshan Tracker reserve the unconditional right to change, modify, add, or remove any part of this Privacy Policy at any time, without specifically notifying you of such changes.","போஷன் டிராக்கர் இந்த தனியுரிமைக் கொள்கையின் எந்தப் பகுதியையும், எந்த நேரத்திலும், அத்தகைய மாற்றங்களைப் பற்றி உங்களுக்குத் தெரிவிக்காமல், எந்த நேரத்திலும் மாற்ற, மாற்ற, சேர்க்க அல்லது அகற்ற நிபந்தனையற்ற உரிமையைப் பெற்றுள்ளார்.","Poson Tracker has the unqualified right to change, change, add or delete any part of this Privacy Policy at any time, without informing you of such changes at any time."
Any changes or updates will be effective immediately.,ஏதேனும் மாற்றங்கள் அல்லது புதுப்பிப்புகள் செய்யப்பட்டால் அவை உடனடியாக நடைமுறைக்கு வரும்.,"Changes or updates, if any, shall come into force with immediate effect"
You should review this Privacy Policy regularly for changes.,மாற்றங்களுக்கு இந்த தனியுரிமைக் கொள்கையை நீங்கள் தொடர்ந்து மதிப்பாய்வு செய்ய வேண்டும்.,You will continue to review this privacy policy for changes.
"We will use commercially reasonable efforts to generally notify all users of any material changes to this Privacy Policy, such as through a notice on the System.","இந்த தனியுரிமைக் கொள்கையில் ஏதேனும் பொருள் மாற்றங்கள் இருந்தால், சிஸ்டத்தில் அறிவிப்பு மூலம் அனைத்துப் பயனர்களுக்கும் பொதுவாகத் தெரிவிக்க வணிக ரீதியாக நியாயமான முயற்சிகளைப் பயன்படுத்துவோம்.","If there are any material changes to this Privacy Policy, we will use commercially reasonable efforts to communicate publicly to all users by notification in the system."
"However, as a user of the System, you should regularly check the Privacy Policy for any changes.","இருப்பினும், கணினியின் பயனராக, ஏதேனும் மாற்றங்கள் இருந்தால் தனியுரிமைக் கொள்கையை நீங்கள் தொடர்ந்து சரிபார்க்க வேண்டும்.","However, as a user of the system, you must continue to verify the privacy policy if there are any changes."
"We will also update the “Last Updated” date at the top of this Privacy Policy, which reflects the effective date of this Privacy Policy.","இந்தத் தனியுரிமைக் கொள்கையின் மேலே உள்ள ""கடைசியாகப் புதுப்பிக்கப்பட்ட"" தேதியையும் நாங்கள் புதுப்பிப்போம், இது இந்தத் தனியுரிமைக் கொள்கையின் நடைமுறைத் தேதியைப் பிரதிபலிக்கிறது.","""We will also renew the"" ""last updated"" ""date on top of this Privacy Policy, which reflects the date of implementation of this Privacy Policy."""
Your continued access or use of the System after the date of the new Privacy Policy constitutes your acceptance of the new Privacy Policy.,புதிய தனியுரிமைக் கொள்கையின் தேதிக்குப் பிறகு உங்கள் தொடர்ச்சியான அணுகல் அல்லது கணினியைப் பயன்படுத்துவது புதிய தனியுரிமைக் கொள்கையை நீங்கள் ஏற்றுக்கொள்வதைக் குறிக்கிறது.,Your continued access or use of a computer after the date of the new privacy policy indicates your acceptance of the new privacy policy.
"If you do not agree to the new Privacy Policy, you must stop accessing and/or using the System.","புதிய தனியுரிமைக் கொள்கையை நீங்கள் ஏற்கவில்லை என்றால், நீங்கள் கணினியை அணுகுவதையும்/அல்லது பயன்படுத்துவதையும் நிறுத்த வேண்டும்.","If you do not accept the new privacy policy, you should stop accessing the system and / or using it"
What is the eligibility of a beneficiary?,ஒரு பயனாளியின் தகுதி என்ன?,What is the eligibility of a beneficiary?
"No, Poshan Tracker is available only for Android version","இல்லை, போஷன் டிராக்கர் ஆண்ட்ராய்டு பதிப்பை மட்டுமே கிடைக்கிறது","No, the POSHAN Tracker is available only on Android version"
 XV. INDEMNITY AND LIMITATION OF LIABILITY, XV. இழப்பீடு மற்றும் பொறுப்பு வரம்பு,XV. Compensation and Liability Limit
Growth monitoring report for all health indicators,எல்லா ஆரோக்கியக் குறியீடுகளுக்கும் வளர்ச்சி கண்காணிப்பு அறிக்கை,Growth Monitoring Report for all Health Indicators
Take Home Ration (THR) given in last 30 days,கடந்த 30 நாட்களில் கொடுக்கப்பட்ட டேக் ஹோம் ரேஷன் (THR),Take Home Ration (THR) issued in last 30 days
Children are defined as stunted if their height-for-age is more than two standard deviations below the WHO Child Growth Standards median,"WHO குழந்தை வளர்ச்சித் தரநிலையின் சராசரிக்குக் கீழே குழந்தைகளின் உயரம் அவர்களின் வயதுக்கு இரண்டு நிலையான விலகல்களுக்கு மேல் இருந்தால், அவர்கள் வளர்ச்சி குன்றியவர்களாக வரையறுக்கப்படுகிறார்கள்",Children are defined as stunted if their height exceeds two standard deviations from their age below the WHO child development standards average.
What is the purpose of Launching Poshan Tracker?,போஷன் டிராக்கரைத் தொடங்குவதன் நோக்கம் என்ன?,What is the purpose of starting POSHAN Tracker?
"As a registered user, you have the right to access your profile at any time.","பதிவுசெய்யப்பட்ட பயனராக, எந்த நேரத்திலும் உங்கள் சுயவிவரத்தை அணுக உங்களுக்கு உரிமை உள்ளது.","As a registered user, you have the right to access your profile at any time."
"Although, the changes can only be done as prescribed by the Poshan Tracker system from time to time.","இருப்பினும், போஷன் டிராக்கர் அமைப்பால் அவ்வப்போது பரிந்துரைக்கப்பட்ட மாற்றங்களை மட்டுமே செய்ய முடியும்.","However, POSHAN tracker system can make only the recommended changes from time to time."
You cannot manage the communications that you receive from us or how you receive them.,எங்களிடமிருந்து நீங்கள் பெறும் தகவல்தொடர்புகளையோ அல்லது அவற்றை எவ்வாறு பெறுகிறீர்கள் என்பதையோ உங்களால் நிர்வகிக்க முடியாது.,You cannot manage the communications you receive from us or how you receive them.
" XIII. COMPLIANCE WITH LAW, THIRD PARTY RIGHTS, AND OTHER TERMS OF SERVICE"," XIII. சட்டம், மூன்றாம் தரப்பினரின் உரிமைகள் மற்றும் பிற சேவை விதிமுறைகளுடன் இணங்குதல்","Compliance with Act, Rights of Third Party and other Service Rules"
"repeated infection, and inadequate psychosocial stimulation","தொற்று, மற்றும் போதிய உளவியல் தூண்டுதல்","Infection, and adequate psychological stimulation"
Beneficiary migration from one AWC to another AWC,பயனாளர் ஒரு AMC-இலிருந்து இன்னொரு AMC-க்கு மாறுதல்,Transfer of user from one AMC to another AMC
"Training on ICT Platform under POSHAN Abhiyaan (02 February, 2021)","போஷன் அபியான் (02 பிப்ரவரி, 2021) இன் கீழ் ஐ. சி. டி இயங்குதளத்தில் பயிற்சி","Training at ICT Platform under POSHAN Abhiyaan (2nd February, 2021)"
You may browse the Site without registering for an account.,நீங்கள் ஒரு கணக்கிற்கு பதிவு செய்யாமல் தளத்தில் உலாவலாம்.,You can browse the site without registering for an account.
"You will be required to register for an account with your mobile number, if you intent to use certain features or services offered by the Site.","தளம் வழங்கும் சில அம்சங்கள் அல்லது சேவைகளைப் பயன்படுத்த நீங்கள் விரும்பினால், உங்கள் மொபைல் எண்ணுடன் ஒரு கணக்கைப் பதிவு செய்ய வேண்டும்.","If you wish to use some of the features or services provided by the site, you need to register an account with your mobile number."
You are solely responsible for maintaining the confidentiality of your personal information and registration and all activities that might result from you failing from keeping this information secure.,உங்கள் தனிப்பட்ட தகவல்கள் மற்றும் பதிவுகளைப் பாதுகாப்பாக வைத்திருக்கத் தவறியதன் விளைவாக ஏற்படக்கூடிய அனைத்து நடவடிக்கைகளின் இரகசியத்தன்மையைப் பேணுவதற்கு நீங்கள் மட்டுமே பொறுப்பு.,You alone are responsible for maintaining the confidentiality of all actions that result from your failure to keep your personal information and records safe.
Your registration or mobile number shall be kept confidentialYou undertake that:You have obtained consent from the concerned individuals for creating their records through your account.,உங்கள் பதிவு அல்லது மொபைல் எண் ரகசியமாக வைக்கப்படும்நான் மேற்கொள்வதுஃஉங்கள் கணக்கு மூலம் சம்பந்தப்பட்ட நபர்களிடமிருந்து அவர்களின் பதிவுகளை உருவாக்குவதற்கு நீங்கள் அவர்களிடம் ஒப்புதல் பெற்றுள்ளீர்கள்.,Your registration or mobile number will be kept confidential: you have obtained their consent to create their records from the concerned persons through your account.
Your account or mobile number shall not include the name of another person with the intent to impersonate that person.,உங்கள் கணக்கு அல்லது மொபைல் எண்ணில் அந்த நபரைப் போல் ஆள்மாறாட்டம் செய்யும் நோக்கத்துடன் மற்றொரு நபரின் பெயர் இடம்பெறக்கூடாது.,Your account or mobile number should not contain the name of another person for the purpose of impersonating that person.
You shall not use another user's account without their permission.,மற்றொரு பயனரின் அனுமதியின்றி நீங்கள் அவர்களுடைய கணக்கைப் பயன்படுத்தக் கூடாது.,You should not use the account of another user without their permission.
"You shall immediately notify us in writing, if you discover any unauthorized use of your account or other account-related security breach.","உங்கள் கணக்கின் அங்கீகரிக்கப்படாத பயன்பாடு அல்லது கணக்கு தொடர்பான பாதுகாப்பு மீறல் ஏதேனும் இருந்தால், உடனடியாக எங்களுக்கு எழுத்துப்பூர்வமாகத் தெரிவிக்க வேண்டும்.","In case of any unauthorized use of your account or security breach related to your account, immediately inform us in writing."
"If we receive a complaint that your account violates someone else's rights, or violates our policies we may cancel or block your account.",உங்கள் கணக்கு வேறொருவரின் உரிமைகளை மீறுகிறது அல்லது எங்கள் கொள்கைகளை மீறுகிறது என்ற புகாரை நாங்கள் பெற்றால் உங்கள் கணக்கை நாங்கள் ரத்து செய்வோம்.,We will cancel your account if we receive a complaint that your account is violating someone else's rights or is in violation of our policies.
"You shall not attempt to conceal your identity by using multiple Internet Protocol addresses or mobile no, or by any other means, to register participants on the Site","பல இணைய நெறிமுறை முகவரிகள் அல்லது மொபைல் எண்ணைப் பயன்படுத்தி உங்கள் அடையாளத்தை மறைக்க முயற்சிக்காதீர்கள் அல்லது வேறு எந்த வழியிலும், பங்கேற்பாளர்களை தளத்தில் பதிவு செய்ய வேண்டாம்","Do not try to hide your identity using multiple Internet Protocol addresses or mobile numbers or otherwise, register the participants on the site"
Poshan Tracker App is available in 22 different languagesThe various languages available are:EnglishHindiGujaratiPunjabiMarathiBanglaKannadaTamilTeluguMalyalamOdiaAssameseNepaliDogriKonkaniSindhiBodoMaithiliManipuriSanthaliUrduKashmiri,போஷன் டிராக்கர் பயன்பாடு 22 வெவ்வேறு மொழிகளில் கிடைக்கிறதுகிடைக்கும் பல்வேறு மொழிகள்ஃஆங்கிலம்இந்திகுஜராத்திபஞ்சாபிமராத்திபங்களாகன்னடம்தமிழ்தெலுங்குமல்லியம்ஒடியாஅசாமிNepaliDogriKonkaniSindhiBodoMaithiliManipuriSanthaliUrduKashmiri,"POSHAN tracker is available in 22 different languagesEnglish, Hindi, Gujarati, Punjabi, Marathi, Kannada, Tamil, Telugu, Malayalam, Odiya, Assamese, Nepali, Konkani, Sindhi, Maithili, Manipuri, Urdu, Kashmiri"
How to Login in Poshan Tracker App?,போஷன் டிராக்கர் பயன்பாட்டில் உள்நுழைவது எப்படி?,How to access POSHAN tracker application?
Height and weight of child has not been measured,குழந்தையின் உயரம் மற்றும் எடை அளவீடு செய்யப்படவில்லை,The child's height and weight have not been measured
TAKE HOME RATION (THR) GIVEN TODAY,இன்று கொடுக்கப்பட்ட டேக் ஹோம் ரேஷன் (THR),Today's Take Home Ration (THR)
A beneficiary is eligible for THR for at least 21 days in a month.,ஒரு பயனாளி ஒரு மாதத்தில் குறைந்தது 21 நாட்களுக்கு THRக்கு தகுதியுடையவர்.,A beneficiary is eligible for THR for a minimum period of 21 days in a month
 III. NOTICE REGARDING FUTURE CHANGES TO TERMS:, III. விதிமுறைகளில் எதிர்கால மாற்றங்கள் குறித்த அறிவிப்புஃ,Declaration of future changes in the Regulations:
Planning And Organising Community Based Events At AWC,AWC இல் சமூக அடிப்படையிலான நிகழ்வுகளைத் திட்டமிடுதல் மற்றும் ஏற்பாடு செய்தல்,Planning and organizing community based events at AWC
Please find the following steps to LoginStep 1- Click on Poshan Tracker Website https://poshantracker.,Please find the following steps to LoginStep 1- Click on Poshan Tracker Website https://poshantracker.,Please find the following steps to LoginStep 1-Click on Poshan Tracker website https: / / posttracker.
inStep 2- Enter your registered Mobile Number and pre-set 4 digit MPIN.,inStep 2- Enter your registered Mobile Number and pre-set 4 digit MPIN.,Step 2 - Enter your registered mobile number and pre-set 4 digit MPIN.
How AWWS can sign up on the app if they are unable to register via their mobile numbers?,"மொபைல் மொபைல் எண்கள் வழியாக பதிவு செய்ய முடியாவிட்டால், அங்கன்வாடி ஊழியர்கள் பயன்பாட்டில் எவ்வாறு பதிவுபெற முடியும்?","If it is not possible to register through mobile numbers, how can Anganwadi workers be registered in use?"
Poshan Tracker adds new Reports feature,ரோஷன் டிராக்கர் புதிய அறிக்கைகள் அம்சத்தைச் சேர்க்கிறது,Roshan Tracker Adds New Reports feature
General Awareness about preventing illness in Children,குழந்தைகளுக்கு ஏற்படும் நோய்களைத் தடுப்பது பற்றிய பொதுவான விழிப்புணர்வு,General Awareness on Prevention of Diseases of Children
2. HOW WE USE PERSONAL INFORMATION,2. தனிப்பட்ட தகவலை நாங்கள் எவ்வாறு பயன்படுத்துகிறோம்,How do we use personal information?
The following are the Terms of Service (“Terms”) that govern your use of the Swastha Balak Balika Spardha Platform hosted at https://poshantracker.,"The following are the Terms of Service (""Terms"") that govern your use of the Swastha Balak Balika Spardha Platform hosted at https://poshantracker.","""The following are the Terms of Service ("" ""Terms"" "") that govern your use of the Swasth Balak Balika Spardha Platform hosted at https: / / posttracker."""
"in, and all associated sites linked to it, its subsidiaries, and affiliates (collectively, the “Site”).","in, and all associated sites linked to it, its subsidiaries, and affiliates (collectively, the ""Site"").","""and all associated sites linked to it, its subsidiaries, and affiliates (collectively, the"" ""site"" "")."""
Please provide your mobile number and a ticket number.,உங்கள் மொபைல் எண் மற்றும் டிக்கெட் நம்பரை வழங்கவும்.,Enter email address and phone number
Please contact your respective Anganwadi worker.,உங்கள் அங்கன்வாடி பணியாளரை தொடர்பு கொள்ளவும்.,Contact your Anganwadi worker.
SAM Children under 5 years who received Supplementary Nutrition,SAM துணை ஊட்டச்சத்து பெற்ற 5 வயதுக்குட்பட்ட குழந்தைகள்,Children under 5 years of age with SAM Supplementary Nutrition
OPV-1Pentavalent-1Rotavirus Vaccine (RVV)-1Fractional dose of Inactivated Polio Vaccine (fIPV)-1Pneumococcal Conjugate Vaccine (PCV) -1,OPV-1பெண்டாவலன்ட்-1ரோட்டா வைரஸ் தடுப்பூசி (RVV)-1செயலிழக்கச் செய்யப்பட்ட போலியோ தடுப்பூசி (fIPV)-1 பிரிவின் அளவுநிமோகாக்கல் கான்ஜுகேட் தடுப்பூசி (PCV) -1,OPV - 1 Pentavalent - 1 Rotavirus Vaccine (RVV) - 1 Inactivated Polio Vaccine (FIPV) - 1 Measles-Rubella (PCV) - 1
Height should be between 38 to 150,உயரம் 38-க்கும் 150-க்கும் இடையே இருக்க வேண்டும்,Height between 38 and 150
How to contact Poshan Tracker Team?,போஷன் டிராக்கர் குழுவை எவ்வாறு தொடர்பு கொள்வது?,How to contact POSHAN Tracker Group?
Take Home Ration (THR) Given Today,இன்று கொடுக்கப்பட்ட டேக் ஹோம் ரேஷன் (THR),Today's Take Home Ration (THR)
How many different forms are there in Poshan Tracker App?,போஷன் டிராக்கர் பயன்பாட்டில் எத்தனை வெவ்வேறு வடிவங்கள் உள்ளன?,How many different forms are there in the use of POSHAN tracker?
There are 7 different types of forms for beneficiaries.,பயனாளிகளுக்கு 7 வெவ்வேறு வகையான படிவங்கள் உள்ளன.,There are 7 different types of forms for the beneficiaries.
This includes:Lactating motherPregnant womenChild 0-6 MonthsChild 6 Months to 3 YearsChild  3 Years to 6 YearsAdolescent Girls (11 Years-19 Years),இதில் பின்வருவன அடங்கும்ஃபாலூட்டும் தாய்கர்ப்பிணி பெண்கள்குழந்தை 0-6 மாதங்கள்குழந்தை 6 மாதங்கள் முதல் 3 வயது வரைகுழந்தை 3 வயது முதல் 6 வயது வரைஇளம் பருவ பெண்கள் (11 வயது -19 ஆண்டுகள்),These include: Lactating Mothers Pregnant Women Children 0-6 months Children 6 months to 3 years Children 3 years to 6 years Adolescent Girls (11-19 years)
Shibpur I C D S Project,ஷிப்பூர் ஐ. சி. டி. எஸ். புராஜக்ட்,Shippur ICDS Project
"In the recent one to three months, no Aanganwadi Worker has visited the beneficiary's home",சமீபத்திய ஒன்று முதல் மூன்று மாதங்களில் அங்கன்வாடிப் பணியாளர் எவரும் பயனாளர் வீட்டுக்கு வரவில்லை.,"During the last one to three months, no Anganwadi worker visited the beneficiary's house."
Please enter Weight greater than 0.49 and less than 40.01,0.49க்கு அதிகமான எடை மற்றும் 40.01க்கு குறைவான எடையை உள்ளிடவும்,Enter weight greater than 0.49 and less than 40.01
You can register with your mobile number directly through the website https://poshantracker.,You can register with your mobile number directly through the website https://poshantracker.,You can register with your mobile number directly through the website https: / / poshantracker.
in or by downloading the Poshan Tracker App.,in or by downloading the Poshan Tracker App.,In or by downloading the Poshan Tracker App.
Calculator to measure the child growth based on the WHO Child Growth Standards,WHO குழந்தை வளர்ச்சி தரநிலைகளின் அடிப்படையில் குழந்தை வளர்ச்சியை அளவிடும் கால்குலேட்டர்,Calculator to measure child growth based on WHO Child Development Standards
MPIN is a 4 digits passcode which is set by an Anganwadi worker while registering over the Poshan Tracker App.,"எம்பின் என்பது 4 இலக்க கடவுக்குறியீடாகும், இது போஷன் டிராக்கர் ஆப் இல் பதிவு செய்யும் போது ஒரு அங்கன்வாடி தொழிலாளியால் அமைக்கப்படுகிறது.",MPIN is a 4-digit passcode that is generated by an Anganwadi worker while registering on the POSHAN Tracker app.
"Specifications of Smart phone and Technical Compatibility Testing (02 February, 2021)","ஸ்மார்ட் போன் மற்றும் தொழில்நுட்ப பொருந்தக்கூடிய சோதனைக்கான விவரக்குறிப்புகள் (02 பிப்ரவரி, 2021)","Smart Phone and Technology Enabled Testing Specifications (February 02, 2021)"
Request for child's height and weight measurement,குழந்தையின் உயரம் மற்றும் எடை அளவீட்டுக்கான கோரிக்கை,Demand for measurement of height and weight of child
Children (6 months - 3 years),குழந்தைகள் (6 மாதங்கள் - 3 ஆண்டுகள்),Children (6 months - 3 years)
"We log usage data when you visit or otherwise use our Services, including our sites, app and platform technology.","எங்கள் தளங்கள், பயன்பாடு மற்றும் இயங்குதளத் தொழில்நுட்பம் உட்பட, எங்கள் சேவைகளைப் பார்வையிடும்போது அல்லது பயன்படுத்தும்போது பயன்பாட்டுத் தரவை நாங்கள் பதிவு செய்கிறோம்.","We record application data when we visit or use our services, including our platforms, application and operating system technology."
"Result couldn't be fetch, please enter valid data","முடிவைப் பெற முடியவில்லை, சரியான தரவை உள்ளிடவும்","Could not get result, please enter correct data"
Central Golaghat I. C. D. S. Project,மத்திய கோலாகாட் ஐ. சி. டி. எஸ். புராஜக்ட்,Central Kolkata ICDS Project
