eng,te,indic_trans_translated
The Site is directed to the people residing in India.,ఈ సైట్ భారతదేశంలో నివసిస్తున్న ప్రజలకు నిర్దేశించబడింది.,The site is targeted at people residing in India.
We do not represent that Content available on or through the Site is appropriate or available in other locations.,సైట్ లో లేదా దాని ద్వారా లభ్యం అయ్యే కంటెంట్ సముచితమైనది లేదా ఇతర లొకేషన్ ల్లో లభ్యం అవుతుందని మేం ప్రాతినిధ్యం వహించం.,We represent that the content available on or through the site is appropriate or is available in other locations.
We may limit the availability of the Site or any service or product described on the Site to any person or geographic area at any time.,సైట్ లేదా సైట్ పై వివరించిన ఏదైనా సర్వీస్ లేదా ప్రొడక్ట్ యొక్క లభ్యతను ఏ సమయంలోనైనా ఏదైనా వ్యక్తి లేదా భౌగోళిక ప్రాంతానికి మేం పరిమితం చేయవచ్చు.,We can limit the availability of any service or product described on the site or site to any person or geographical area at any time
"If you choose to access the Site from outside India, you do so at your own risk.","ఒకవేళ మీరు భారతదేశం వెలుపల నుంచి సైట్ ని యాక్సెస్ చేసుకోవాలని ఎంచుకున్నట్లయితే, మీరు మీ స్వంత రిస్క్ తో అలా చేస్తారు.","If you choose to access the site from outside India, you will do so at your own risk."
Please go back to the homepage,దయచేసి హోమ్పేజీకి తిరిగి వెళ్లండి,Please go back to homepage
Please enter Height greater than 29.99 and less than 140.01,దయచేసి ఎత్తు 29.99 కంటే ఎక్కువ మరియు 140.01 కంటే తక్కువ ఎత్తును నమోదు చేయండి,Please enter Height greater than 29.99 and Height less than 140.01
"While login to the Poshan Tracker App, AWWs are required to enter the MPIN set by them.","పోషణ్ ట్రాక్జెర్ యాప్లోకి లాగిన్ అయితే, AWW లు వారు సెట్ చేసిన MPIN ని నమోదు చేయవలసిఉంటుంది.","On login to the POSHAN Trackger App, AWWs are required to enter the MPIN set by them."
This MPIN will act as a passcode to run the Poshan Tracker App and entering the information in the beneficiaries forms.,ఈ MPIN పోషణ్ ట్రాకర్ యాప్ను అమలు చేయడానికి పాస్కోడ్గా పనిచేస్తుంది మరియు లబ్ధిదారుల ఫారంలో సమాచారాన్ని నమోదు చేస్తుంది.,This MPIN serves as a passcode to execute the POSHAN Tracker App and records information in the form of beneficiary
How to ensure timely initiation of complementary feeding,కాంప్లిమెంటరీ ఫీడింగ్ ని సకాలంలో ప్రారంభించేవిధంగా ఏవిధంగా ధృవీకరించాలి,How to ensure timely initiation of complimentary feeding
Poshan Tracker App can only be installed in Android Phone with Android version 6.0 and above.,పోషన్ ట్రాకర్ యాప్ను ఆండ్రాయిడ్ ఫోన్లో ఆండ్రాయిడ్ వెర్షన్ 6.0 మరియు అంతకంటే ఎక్కువ ఉంటే ఇన్స్టాల్ చేయవచ్చు.,The POSHAN Tracker app can be installed on an Android phone with Android version 6.0 and above.
General Awareness about Growth Monitoring of Children,పిల్లల ఎదుగుదల పర్యవేక్షణ గురించి సాధారణ అవగాహన,General Awareness on Child Development Monitoring
Wasting is defined as low weight-for-height,వేస్టింగ్ అనేది తక్కువ బరువు-కొరకు-ఎత్తుగా నిర్వచించబడుతుంది,Vesting is defined as being light-to-weight
Hot Cooked Meal (HCM) Given Today,ఈ రోజు ఇచ్చిన వేడి వేడిగా వండిన భోజనం (హెచ్ సిఎమ్),Hot Cooked Meal (HCM) served today
There are 6 categories for beneficiariesPregnant WomenLactating MotherChildren from 0 to 6 monthsChildren from 6 months to 3 yearsChildren from 3 years to 6 yearsAdolescent girls,లబ్ధిదారుల కొరకు 6 కేటగిరీలు ఉన్నాయిగర్భిణీ స్త్రీలుపాలిచ్చే తల్లి0 నుంచి 6 నెలల పిల్లలు6 నెలల నుంచి 3 సంవత్సరాల పిల్లలు3 సంవత్సరాల నుండి 6 సంవత్సరాల వరకు పిల్లలుకౌమార బాలికలు,"There are 6 categories for the beneficiariesPregnant Women and Lactating Mothers 0 to 6 months children, 6 months to 3 years children, 3 years to 6 years children, adolescent girls"
"Data Plan for Mobile Application (01 March, 2021)","మొబైల్ అప్లికేషన్ కోసం డేటా ప్లాన్ (01 మార్చి, 2021)","Data plan for mobile application (March 01, 2021)"
 VIII. LIMITATIONS OF MULTI- LINGUAL INTERFACE, VIII. బహుభాషా ఇంటర్ ఫేస్ యొక్క పరిమితులు,VIII. Limitations of Multilingual Interface
Srijangram I. C. D. S. Project,సృజంగ్రామ్ ఐ. సి. డి. ఎస్. ప్రాజెక్ట్,Srujangram ICDS Project
"We may investigate any violation of these Terms, including unauthorized use of the Site.","సైట్ యొక్క అనధీకృత ఉపయోగంతో సహా, ఈ నిబంధనల యొక్క ఏదైనా ఉల్లంఘనను మేము పరిశోధించవచ్చు.","We can investigate any violation of these rules, including unauthorized use of the site."
We may provide law enforcement with information you provide to us related to your transactions to assist in any investigation or prosecution of you.,మీ యొక్క ఏదైనా ఇన్వెస్టిగేషన్ లేదా ప్రాసిక్యూషన్ లో సాయపడటం కొరకు మీ లావాదేవీలకు సంబంధించి మీరు మాకు అందించే సమాచారంతో మేం లా ఎన్ ఫోర్స్ మెంట్ ని అందించవచ్చు.,"In order to assist you in any investigation or prosecution, we can provide you with the law enforcement with the information you provide about your transactions."
We may take legal action that we feel is appropriate.,సముచితమని మేము భావించే చట్టపరమైన చర్య తీసుకోవచ్చు.,We can take appropriate legal action.
Poshan Calculator helps to identify various health conditions of the child as per World Health Organization (WHO) standards,ప్రపంచ ఆరోగ్య సంస్థ (WHO) ప్రమాణాలకు అనుగుణంగా బిడ్డ యొక్క వివిధ ఆరోగ్య పరిస్థితులను గుర్తించడానికి పోషణ్ కాలిక్యులేటర్ సహాయపడుతుంది,The POSHAN calculator helps to identify the various health conditions of the child as per the World Health Organization (WHO) standards
How to take care of weak newborn with the help of Kangaroo Mother Care,కంగారూ మదర్ కేర్ సహాయంతో బలహీనమైన నవజాత శిశువును ఎలా సంరక్షించాలి,How to protect a weak newborn with the help of Kangaroo Mother Care
"Any liabilities civil or criminal, arising out of any incorrect data, shall solely lie with the concerned ASP.","ఏదైనా తప్పుడు డేటా వల్ల ఉత్పన్నమయ్యే ఏవైనా అప్పులు సివిల్ లేదా క్రిమినల్, పూర్తిగా సంబంధిత ASP వద్దనే ఉంటాయి.",Any debts arising out of any incorrect data are civil or criminal and entirely at the concerned ASP.
Poshan Tracker App is available over Google playstore https://play. google. com/store/apps/details?,పోషాన్ ట్రాకర్ అనువర్తనం గూగుల్ ప్లేస్టోర్ ద్వారా అందుబాటులో ఉంది https://play. google. com/store/apps/details?,The POSHAN Tracker app is available on Google Play Store at https: / / play.google.com / store / apps / details? id =? id =? id =? t
Can App be accessed without internet?,ఇంటర్నెట్ లేకుండా యాప్ ని యాక్సెస్ చేయవచ్చా?,Can the app be accessed without internet?
The Government has taken several initiatives to break the intergenerational cycle of malnutrition in children.,పిల్లలలో పోషకాహార లోపం యొక్క ఇంటర్జెనరేషన్ చక్రాన్ని విచ్ఛిన్నం చేయడానికి ప్రభుత్వం అనేక కార్యక్రమాలు చేపట్టింది.,The government has taken several initiatives to break the intergenerational cycle of malnutrition in children
"Adopting a life-cycle approach, interventions have been designed to meet the nutritional requirement of adolescent girls and boys, pregnant women, lactating mothers and children.","జీవిత-చక్ర విధానాన్ని అనుసరించి, కౌమారదశలో ఉన్న బాలికలు మరియు బాలురు, గర్భిణీ స్త్రీలు, పాలిచ్చే తల్లులు మరియు పిల్లల పోషక అవసరాలను తీర్చడానికి జోక్యం రూపొందించబడింది.","Following the life-cycle approach, interventions have been designed to address the nutritional needs of adolescent girls and boys, pregnant women, lactating mothers and children"
Awareness for Pregnancy in Preventing Anemia,రక్తహీనతను నివారించడంలో గర్భధారణ కొరకు అవగాహన,Awareness for pregnancy on prevention of anemia
"Howrah North (U) I. C. D. S. Project, Howrah","హౌరా నార్త్ (యు) ఐ. సి. డి. ఎస్. ప్రాజెక్ట్, హౌరా","Howrah North (U) ICDS Project, Howrah"
Birth Preparedness- For Institutional and Home Delivery,జనన సంసిద్ధత- సంస్థాగత మరియు హోమ్ డెలివరీ కొరకు,Birth readiness - for institutional and home delivery
New beneficiary addition with skip OTP option,స్కిప్ OTP ఎంపికతో కొత్త లబ్ధిదారుని జోడింపు,New beneficiary added with OTP option
We are now available on Video Conference,మేము ఇప్పుడు వీడియో కాన్ఫరెన్స్ లో అందుబాటులో ఉన్నాము,We are now available through video conference
"Poshan Tracker App is meant for Aanganwadi workers, Anganwadi centers to enter beneficiaries data in the forms.","పోషణ్ ట్రాకర్ యాప్ అంటే అంగన్వాడీ కార్మికులు, అంగన్వాడీ కేంద్రాలు, లబ్ధిదారుల డేటాను ఫారమ్లలో నమోదు చేయడానికి ఉద్దేశించినవి.","POSHAN Tracker App is aimed at capturing the data of Anganwadi Workers, Anganwadi Centres and beneficiaries in the form"
It is not at all developed for general public.,ఇది సాధారణ ప్రజల కోసం అస్సలు అభివృద్ధి చేయబడలేదు.,It is not at all developed for the common man.
Swastha Balak/Balika Spardha Mission is about celebrating the health of children in India.,Swastha Balak/Balika Spardha Mission is about celebrating the health of children in India.,Swastha Balak / Balika Spardha Mission is about celebrating the health of children in India.
It entails identification and awareness of health conditions and providing necessary support wherever required.,It entails identification and awareness of health conditions and providing necessary support wherever required.,It needs identification and awareness of health conditions and providing adequate support ever required.
”Our Privacy Policy applies when you use our Services (described below).,"""Our Privacy Policy applies when you use our Services (described below).",Our Privacy Policy applies when you use our Services (described below).
"This Privacy Policy is meant to help you understand what information we collect, why we collect it, and how it is used and shared.","This Privacy Policy is meant to help you understand what information we collect, why we collect it, and how it is used and shared.","This Privacy Policy is meant to help you understand what information we collect, why we collect it, and how it is used and shared."
The collecting and retaining agency in respect of your information is Ministry of Women and Child Development.,The collecting and retaining agency in respect of your information is Ministry of Women and Child Development.,The collecting and retaining agency in respect of your information is Ministry of Women and Child Development.
We are committed to protecting the security of your personal information and safeguarding your privacy.,We are committed to protecting the security of your personal information and safeguarding your privacy.,We are committed to protecting the security of your personal information and protecting your privacy.
How to revive your health if you are Underweight,మీరు తక్కువ బరువుతో ఉంటే మీ ఆరోగ్యాన్ని ఎలా పునరుద్ధరించాలి,How to restore your health if you are underweight
Can a beneficiary change his/her AWC?,లబ్ధిదారుడు అతడి/ఆమె AWC ని మార్చవచ్చా?,Can the beneficiary change his / her AWC?
"We use the information we have, to help verify accounts.",ఖాతాలను ధృవీకరించడంలో సహాయపడటానికి మా వద్ద ఉన్న సమాచారాన్ని మేము ఉపయోగిస్తాము.,We will use the information available with us to help us authenticate the accounts.
The records may be used for verification of health status for the purposes of Poshan Tracker control and response.,పోషణ్ ట్రాకర్ కంట్రోల్ మరియు ప్రతిస్పందన యొక్క ఉద్దేశ్యాల కొరకు ఆరోగ్య స్థితిని ధృవీకరించడం కొరకు రికార్డ్ లను ఉపయోగించవచ్చు.,The records can be used to validate the health status for the purposes of POSHAN tracker control and response
Scan the QR Code to Download the App,యాప్ డౌన్ లోడ్ చేసుకోవడం కొరకు క్యూఆర్ కోడ్ స్కాన్ చేయండి,Scan the QR code to download the app
Who is eligible for Hot Cooked Meal?,హాట్ కూకేడ్ మిల్ ఎవరు అర్హులు?,Who is eligible for Hot Cooked Mill?
Identifying and preventing Severe Acute Malnutrition,తీవ్రమైన పోషకాహార లోపాన్ని గుర్తించడం మరియు నిరోధించడం,Detecting and preventing severe malnutrition
Children who are identified as deficit on nutrition are eligible for additional food supplements.,పోషకాహార లోపంగా గుర్తించిన పిల్లలు అదనపు ఆహార అనుబంధాలకు అర్హులు.,Children who are found to be malnourished are eligible for additional dietary supplements.
Who is eligible for additional supplementary food.,అదనపు అనుబంధ ఆహారానికి ఎవరు అర్హులు.,Who are eligible for additional supplementary food.
"Uploading of Data of Anganwadi Services Schemes in Poshan Tracker (24 May, 2021)","అంగన్ వాడీ సేవా పథకాలను పోషణ్ ట్రాకర్లో అప్లోడ్ చేయడం (24 మే, 2021)","Uploading of Anganwadi Services Schemes on POSHAN Tracker (24th May, 2021)"
Children between 6 months - 3 years,6 నెలల -3 సంవత్సరాల మధ్య నమోదు చేసుకున్న పిల్లలు,Children between 6 months and 3 years of age
"Ministry of Women and Child Development, Government of India, Shastri Bhawan, New Delhi","మహిళా మరియు పిల్లల అభివృద్ధి మంత్రిత్వ శాఖ, భారత ప్రభుత్వం, శాస్త్రి భవన్, న్యూ  ిల్లీ","Ministry of Women and Child Development, Government of India, Shastri Bhawan, New Delhi"
Care of the weak newborn baby - How many weak babies are we missing?,బలహీనంగా ఉన్న నవజాత శిశువు యొక్క సంరక్షణ - మనం ఎంతమంది బలహీనమైన శిశువులను కోల్పోతున్నాం?,Care of Weak Newborns - How many Weaker Babies are we losing?
Underweight children who received Supplementary Nutrition,సప్లిమెంటరీ న్యూట్రిషన్ అందుకున్న తక్కువ బరువున్న పిల్లలు,Children with low birth weight who receive supplementary nutrition
This defense and indemnification obligation will survive this Agreement and your use of the Service and Website/App.,ఈ రక్షణ మరియు నష్టపరిహార బాధ్యత ఈ ఒప్పందం మరియు సేవ మరియు వెబ్ సైట్/యాప్ యొక్క మీ ఉపయోగం మనుగడలో ఉంటుంది.,This protection and compensation responsibility lies in your survival of this agreement and your use of the service and the website / app.
Identification and care of a Weak Newborn baby,బలహీనమైన నవజాత శిశువును గుర్తించడం మరియు సంరక్షించడం,Identification and Nurturing of a Vulnerable Newborn
1.2. Information from use of services.,1.2. సేవల యొక్క ఉపయోగం నుండి సమాచారం.,1.2 Information from use of services.
Please contact your respective Anganwadi Centre.,దయచేసి మీ సంబంధిత అంగన్ వాడీ కేంద్రాన్ని సంప్రదించండి.,Please contact your respective Anganwadi Centre.
GOBARDANGA I. C. D. S PROJECT(U),గోబర్దంగ I ఐ. సి. డి. ఎస్. ప్రాజెక్ట్(యు),Gobardanga I ICDS Project (U)
Please fill in the form below to create a new ticket.,కొత్త టిక్కెట్ సృష్టించడం కొరకు దయచేసి దిగువ ఫారాన్ని నింపండి.,Please fill in the form below to create a new ticket.
Anganwadi Worker will reach out to you within 48 hours.,అంగన్ వాడీ వర్కర్ 48 గంటల్లోగా మిమ్మల్ని చేరుకుంటారు.,Anganwadi workers will reach you in 48 hours.
Please note down the ticket number for future reference.,దయచేసి భవిష్యత్ సూచన కోసం టిక్కెట్ నంబర్ను వ్రాసి ఉంచుకోండి.,Please note down the ticket number for future reference.
Poshan Tracker is a project of Ministry of Women and Child Development.,పోషన్ ట్రాకర్ అనేది మహిళా మరియు శిశు అభివృద్ధి మంత్రిత్వ శాఖ యొక్క ప్రాజెక్ట్.,Poshan Tracker is a project of the Ministry of Women and Child Development
Digital India Corporation is the technical partner of MoWCD.,డిజిటల్ ఇండియా కార్పొరేషన్ MoWCD యొక్క సాంకేతిక భాగస్వామి.,Digital India Corporation is the technology partner of MoWCD.
Poshan Tracker focuses on eradication of malnutrition from India.,పోషన్ ట్రాకర్ భారతదేశం నుండి పోషకాహార లోపాన్ని నిర్మూలించడంపై దృష్టి సారిస్తుంది.,The POSHAN Tracker focuses on eliminating malnutrition from India.
It serves as a mechanism to monitor and improvise on the service delivery under Poshan Abhiyaan,పోషణ్ అభియాన్ కింద సర్వీస్ డెలివరీని పర్యవేక్షించడానికి మరియు మెరుగుపరచడానికి ఇది ఒక మెకానిజం వలె పనిచేస్తుంది,It functions as a mechanism to monitor and improve service delivery under the POSHAN Abhiyaan
Is poshan trackers app available over Apple I Store also?,ఆపిల్ ఐ స్టోర్ ద్వారా పోషన్ ట్రాక్ యాప్ అందుబాటులో ఉందా?,Is POSHAN TRACK APP Available Through Apple iStore?
Number of records becoming inactive and number of records migrating from one category to another,నిష్క్రియంగా మారుతున్న రికార్డ్ల సంఖ్య మరియు ఒక కేటగిరీ నుండి మరో కేటగిరీకి మారుతున్న రికార్డ్ల సంఖ్య,Number of records going inactive and number of records going from one category to another category
In How many languages the Poshan Tracker App is available?,పోషణ్ ట్రాకర్ యాప్ ఎన్ని భాషలలో అందుబాటులో ఉంది?,How many languages is the POSHAN Tracker App available?
AWWs are requested to enter their mobile numbers in the Login screen.,AWW లు తమ మొబైల్ నంబర్లను లాగిన్ స్క్రీన్లో నమోదు చేయాలని అభ్యర్థిస్తున్నాం.,AWWs are requested to register their mobile numbers on the login screen.
"An OTP will be sent to your registered mobile number, post which you are required too set your MPIN.","మీ రిజిస్టర్డ్ మొబైల్ నంబర్ పోస్ట్కు OTP పంపబడుతుంది, దీనికి మీరు MPIN ని కూడా సెట్ చేయాలి.","OTP will be sent to your registered mobile number post, for which you will also have to set up an MPIN."
Measles Containing vaccine (MCV)/MR-2JE-2**DiphtheriaPertussis & Tetanus (DPT)-Booster-1OPV –Booster,తట్టు కలిగిన వ్యాక్సిన్ (MCV)/MR-2JE-2**డిఫ్తీరియాపెర్టుసిస్ & టెటనస్ (DPT)-బూస్టర్-1OPV - బూస్టర్,Flattened vaccine (MCV) / MR-2JE-2 * Diphtheria pertussis & tetanus (DPT) -booster 1OPV-booster
The Poshan Tracker enables real-time monitoring and tracking of all AWCs and beneficiaries on defined indicators.,"పోషణ్ ట్రాకర్, నిర్వచిత సూచికలపై అన్ని అంగన్ వాడీ కేంద్రాలు మరియు లబ్ధిదారుల యొక్క రియల్ టైమ్ మానిటరింగ్ మరియు ట్రాకింగ్ కు దోహదపడుతుంది.",POSHAN tracker will enable real time monitoring and tracking of all Anganwadi Centres and beneficiaries on defined indicators.
It is built using centralized data architecture that also aligns with the digital technology systems of other ministries and programs.,"ఇది సెంట్రలైజ్డ్ డేటా ఆర్కిటెక్చర్ ఉపయోగించి నిర్మించబడింది, ఇది ఇతర మంత్రిత్వ శాఖలు మరియు కార్యక్రమాల యొక్క డిజిటల్ టెక్నాలజీ వ్యవస్థలతో సమలేఖనం చేస్తుంది.",It is built using centralized data architecture that integrates digital technology systems of other ministries and programs.
The public dashboard helps to impart transparency on services delivered to beneficiaries,లబ్ధిదారులకు అందించే సేవలపై పారదర్శకతను అందించడానికి పబ్లిక్ డ్యాష్ బోర్డ్ సహాయపడుతుంది,The Public Dashboard will help in providing transparency on services provided to the beneficiaries
Translations on the Poshan Tracker Portal & App Chabot are done by third party translators.,పోషణ్ ట్రాకర్ పోర్టల్ మరియు యాప్ చాబోట్ పై అనువాదాలు తృతీయపక్ష అనువాదకుల ద్వారా చేయబడతాయి.,Translations on the POSHAN tracker portal and app chatbot are done through third party interpreters
"While the translations are done on a best effort basis, some of the parts may be incorrect.","అనువాదాలు ఉత్తమ ప్రయత్న ప్రాతిపదికన చేయబడినప్పటికీ, కొన్ని భాగాలు తప్పుగా ఉండవచ్చు.","While the translations are made on a best effort basis, some parts may be wrong."
Certain files and other items on the website cannot be translated.,వెబ్ సైట్ లోని నిర్దిష్ట ఫైళ్లు మరియు ఇతర అంశాలను అనువదించడం సాధ్యం కాదు.,It is not possible to translate specific files and other items on the website.
"In addition, on translation, some applications and/or services may not function as expected, due to language barriers.","దీనికి అదనంగా, అనువాదంపై, భాషా అడ్డంకుల కారణంగా, కొన్ని అప్లికేషన్ లు మరియు/లేదా సర్వీసులు ఆశించిన విధంగా పనిచేయకపోవచ్చు.","Additionally, on translation, due to language barriers, some applications and / or services may not work as expected"
"We are working constantly to rectify any errors, omissions, or ambiguities in the translations provided on this portal.","ఈ పోర్టల్ పై ఇవ్వబడ్డ అనువాదాల్లో ఏవైనా దోషాలు, మినహాయింపులు లేదా అస్పష్టతలను సరిదిద్దడం కొరకు మేం నిరంతరం పనిచేస్తున్నాం.","We are continuously working to rectify any anomalies, anomalies or ambiguities in the translations on this portal."
"The MGRS collected primary growth data and related information from approximately 8500 children from widely different ethnic backgrounds and cultural settings (Brazil, Ghana, India, Norway, Oman and the USA)","MGRS విస్తృతంగా విభిన్న జాతి నేపథ్యాలు మరియు సాంస్కృతిక సెట్టింగ్ లు (బ్రెజిల్, ఘనా, భారతదేశం, నార్వే, ఒమన్ మరియు USA) నుండి సుమారు 8500 మంది పిల్లల నుండి ప్రాథమిక ఎదుగుదల డేటా మరియు సంబంధిత సమాచారాన్ని సేకరించింది","MGRS has extensively collected basic growth data and related information from around 8500 children from different ethnic backgrounds and cultural settings (Brazil, Ghana, India, Norway, Oman and USA)"
Children of different age groups are monitored on monthly basis by AWWs.,విభిన్న వయస్సు గ్రూపుల పిల్లలు AWWల ద్వారా నెలవారీగా పర్యవేక్షించబడతారు.,Children of different age groups are monitored monthly by AWWs.
"Health indicators like Stunting, Wasting and Underweight prevalence are measured as per WHO standards.","స్టంటింగ్, వేస్టింగ్ మరియు తక్కువ బరువు ప్రాబల్యం వంటి ఆరోగ్య సూచికలు WHO ప్రమాణాలకు అనుగుణంగా లెక్కించబడతాయి.","Health indicators like stunting, wasting and underweight prevalence are calculated as per WHO standards"
Regular growth monitoring helps AWWs to provide relevant and timely assistance to children,క్రమం తప్పకుండా ఎదుగుదలను పరీక్షించడం వల్ల AWWలు పిల్లలకు సరైన మరియు సకాలంలో సాయం అందించడం కొరకుసాయపడతాయి,Regular screening of growth will help AWWs to provide the right and timely support to children
"Awareness for Children Stunting, Wasting to prevent malnutrition in children","పిల్లల కొరకు అవగాహన ఎదుగుదల, పిల్లల్లో పోషకాహార లోపాన్ని నిరోధించడం కొరకు వృధా చేయడం",Awareness building for children and waste to prevent malnutrition in children
Poshan Tracker adds new application features,పోషన్ ట్రాకర్ కొత్త అప్లికేషన్ ఫీచర్లను జోడిస్తుంది,The Poshan Tracker adds new application features
Making or Updating Home Visit Planner and Initiating home visits,హోమ్ విజిట్ ప్లానర్ చేయడం లేదా అప్ డేట్ చేయడం మరియు ఇంటి సందర్శనలను ప్రారంభించడం,Planner or update a home visit and start home visits
Poshan Calculator is designed to measure growth of the child based on standards defined by World Health Organization (WHO),ప్రపంచ ఆరోగ్య సంస్థ (WHO) ద్వారా నిర్వచించబడ్డ ప్రమాణాల ఆధారంగా బిడ్డ ఎదుగుదలను లెక్కించడం కొరకు పోషణ్ కాలిక్యులేటర్ తాయారు చేసారు,The POSHAN calculator has been developed to calculate the development of a child based on the criteria defined by the World Health Organization (WHO)
Migrated from one category to another,ఒక వర్గం నుండి మరొక వర్గానికి మారి వచ్చారు,They have moved from one category to another
It usually occurs when a person has not had food of adequate quality and quantity and/or they have had frequent or prolonged illnesses,ఒక వ్యక్తికి తగినంత నాణ్యత మరియు పరిమాణంలో ఆహారం లేనప్పుడు మరియు/లేదా వారికి తరచుగా లేదా దీర్ఘకాలిక అస్వస్థతలు ఉన్నప్పుడు ఇది సాధారణంగా సంభవిస్తుంది,It usually occurs when an individual does not have enough food of sufficient quality and quantity and / or have frequent or chronic illnesses
Malnutrition is one of the most important challenges facing contemporary India.,సమకాలీన భారతదేశం ఎదుర్కొంటున్న అతి ముఖ్యమైన సవాళ్లలో పోషకాహార లోపం ఒకటి.,Malnutrition is one of the most important challenges faced by contemporary India
Nutrition is acknowledged as central to the achievement of National and Global Sustainable Development Goals.,జాతీయ మరియు గ్లోబల్ సస్టైనబుల్ డెవలప్మెంట్ లక్ష్యాల సాధనకు పోషకాహారం కేంద్రంగా గుర్తించబడింది.,Nutrition has been recognized as a key focus area for achieving national and global sustainable development goals
"Optimum and appropriate nutrition is essential for women and children to survive, thrive and break the intergenerational cycle of poor health and poverty in the community.","సమాజంలో పేలవమైన ఆరోగ్యం మరియు పేదరికం యొక్క మధ్యంతర చక్రాన్ని మనుగడ సాగించడానికి, వృద్ధి చెందడానికి మరియు విచ్ఛిన్నం చేయడానికి స్త్రీలు మరియు పిల్లలు సరైన మరియు తగిన పోషకాహారం అవసరం.","Women and children need proper and proper nutrition to survive, grow and break the intermediate cycle of poor health and poverty in society."
"Poshan Abhiyaan is India’s flagship programme to improve nutritional outcomes for children, adolescents, pregnant women and lactating mothers by leveraging technology, a targeted approach and convergence.","సాంకేతిక పరిజ్ఞానం, లక్ష్యంగా ఉన్న విధానం మరియు కలయిక ద్వారా పిల్లలు, కౌమారదశలు, గర్భిణీ స్త్రీలు మరియు పాలిచ్చే తల్లులకు పోషక ఫలితాలను మెరుగుపరిచేందుకు భారతదేశం యొక్క ప్రధాన కార్యక్రమం పోషన్ అభియాన్.","POSHAN Abhiyaan is India's flagship programme to improve nutritional outcomes for children, adolescents, pregnant women and lactating mothers through technology, targeted approach and convergence"
Hot Cooked Meal (HCM) given in last 30 days,గత 30 రోజుల్లో వేడిగా వండి ఇవ్వబడిన భోజనం (హెచ్ సిఎమ్),Hot Cooked Meal (HCM) for the last 30 days
Uploading of Data of Anganwadi Services Schemes in Poshan Tracker,పోషణ్ ట్రాకర్ లో అంగన్ వాడీ సేవా పథకాల డేటాను అప్ లోడ్ చేయడం,Uploading of Anganwadi Services data in POSHAN Tracker
The Poshan Tracker generates automated alerts to the critical last-mile beneficiaries.,పోషణ్ ట్రాకర్ కీలకమైన చివరి మైలు లబ్ధిదారులకు ఆటోమేటెడ్ అలర్ట్ లను జనరేట్ చేస్తుంది.,POSHAN tracker will generate automated alerts for critical last mile beneficiaries.
It also ensures efficient audit of the delivery system by documenting real time attendance of beneficiaries and duty bearers.,లబ్ధిదారులు మరియు డ్యూటీ బేరర్ ల యొక్క రియల్ టైమ్ హాజరును డాక్యుమెంట్ చేయడం ద్వారా డెలివరీ సిస్టమ్ యొక్క సమర్థవంతమైన ఆడిట్ ని కూడా ఇది ధృవీకరిస్తుంది.,It will also validate the effective audit of the delivery system by documenting the real time attendance of the beneficiaries and the duty bearers
"This management information system will help the nutrition programme to scale efficiently, thereby generating and documenting positive impact","ఈ మేనేజ్ మెంట్ ఇన్ఫర్మేషన్ సిస్టమ్ న్యూట్రిషన్ ప్రోగ్రామ్ ని సమర్థవంతంగా స్కేల్ చేయడానికి సహాయపడుతుంది, తద్వారా సానుకూల ప్రభావాన్ని జనరేట్ చేస్తుంది మరియు డాక్యుమెంట్ చేస్తుంది","This management information system will help to effectively scale the nutrition program, thereby generating a positive impact and documenting it"
How can one Download Poshan Tracker App?,పోషన్ ట్రాకర్ యాప్ ని ఎలా డౌన్లోడ్ చేసుకోవచ్చు?,How to download the Poshan Tracker App?
"Clarification regarding Cost of Smart phones (03 June, 2021)","స్మార్ట్ ఫోన్ల ధరల స్పష్టత (03 జూన్, 2021)","Clarification on Prices of Smartphones (June 03, 2021)"
along with status update once resolved,ఒకసారి పరిష్కరించబడిన స్థితి నవీకరణతో పాటు,Along with the status update once resolved
"The Poshan Tracker system is regularly audited by auditors engaged by MWCD, for security and scalability of the system.",సిస్టమ్ యొక్క భద్రత మరియు స్కేలబిలిటీ కొరకు MWCD ద్వారా నియమించబడ్డ ఆడిటర్ ల ద్వారా పోషణ్ ట్రాకర్ సిస్టమ్ రెగ్యులర్ గా ఆడిట్ చేయబడుతుంది.,The POSHAN tracker system is regularly audited by auditors appointed by MWCD for security and scalability of the system.
The records may be used for such audits.,అటువంటి ఆడిట్ ల కొరకు రికార్డులను ఉపయోగించవచ్చు.,Records can be used for such audits.
Poshan Tracker adds new Resources on Website,పోషన్ ట్రాకర్ వెబ్సైట్ ఫీచర్లో కొత్త వనరులను జోడిస్తుంది,The Poshan Tracker website adds new resources to the feature
"If this is your first time contacting us or you've lost the ticket number, please open a new ticket","ఒకవేళ మీరు మమ్మల్ని సంప్రదించడం ఇదే మొదటిసారి అయితే లేదా మీరు టిక్కెట్ నెంబరును పోగొట్టుకున్నట్లయితే, దయచేసి కొత్త టిక్కెట్ ని తెరవండి","If this is the first time you have contacted us or if you have lost your ticket number, please open a new ticket"
"Technology under Poshan Tracker is being leveraged for dynamic identification of stunting, wasting, under-weight prevalence among children and last mile tracking of nutrition service delivery","పోషణ్ ట్రాకర్ కింద సాంకేతిక పరిజ్ఞానం పిల్లలలో ఎదుగుదల, వృధా, తక్కువ బరువు ప్రాబల్యం యొక్క సరైన గుర్తింపు మరియు న్యూట్రిషన్ సర్వీస్ డెలివరీ యొక్క లాస్ట్ మైల్ ట్రాకింగ్ కొరకు పరపతి చేయబడుతోంది","The technology under POSHAN tracker is leveraged for development in children, proper identification of wasting, low weight prevalence and last-mile tracking of nutrition service delivery"
The System also takes feedback about system performance and experience.,సిస్టమ్ పనితీరు మరియు అనుభవం గురించి కూడా సిస్టమ్ ఫీడ్ బ్యాక్ తీసుకుంటుంది.,The system also takes feedback about the system performance and experience.
"Information on name, mobile number, date of registration and health status may be used for these purposes","పేరు, మొబైల్ నెంబరు, రిజిస్ట్రేషన్ తేదీ మరియు ఆరోగ్య స్థితిపై సమాచారాన్ని ఈ ప్రయోజనాల కొరకు ఉపయోగించవచ్చు","Information regarding name, mobile number, registration date and health status can be used for these purposes"
"We collect the content and other information that you provide when you use our Services, including when you sign up for an account.","మీరు ఖాతాకు సైన్ అప్ చేసినప్పుడు సహా, మీరు మా సేవలను ఉపయోగించినప్పుడు మీరు అందించే కంటెంట్ మరియు ఇతర సమాచారాన్ని మేము సేకరిస్తాము.","We collect content and other information you provide, including when you sign up for an account, when you use our services."
"You may, however, choose not to share personal data where providing the data is optional.","అయితే, డేటాను అందించడం ఐచ్ఛికంగా ఉన్న చోట వ్యక్తిగత డేటాను భాగస్వామ్యం చేయరాదని మీరు ఎంచుకోవచ్చు.","However, you can choose not to share personal data where it is optional to provide data."
Tracking of services to the end beneficiary at a click of a button.,ఒక బటన్ క్లిక్ చేయడం ద్వారా తుది లబ్ధిదారునికి సేవలను ట్రాక్ చేయడం.,Tracking the services of the ultimate beneficiary with the click of a button.
"Services like Take Home Ration (THR) and Hot cooked Meal (HCM), vaccination for Infants and Pregnant Women","టేక్ హోమ్ రేషన్ (THR) మరియు హాట్ వండిన భోజనం (HCM), శిశువులు మరియు గర్భిణీ స్త్రీలకు వ్యాక్సినేషన్ వంటి సేవలు","Services such as Take Home Ration (THR) and Hot Cooked Meals (HCM), vaccination of infants and pregnant women"
"New Poshan Tracker App (13 January, 2021)","కొత్త పోషన్ ట్రాకర్ యాప్ (13 జనవరి, 2021)","New POSHAN Tracker App (13th January, 2021)"
Preventing illnesses to avert Malnutrition and Death,పోషకాహార లోపం మరియు మరణాన్ని నివారించడానికి అస్వస్థతలను నిరోధించడం,Preventing Malnutrition and Malnutrition
Scan the QR Code to Download the App,యాప్ డౌన్ లోడ్ చేసుకోవడం కొరకు QR కోడ్ స్కాన్ చేయండి,Scan the QR code to download the app
Pregnant women who received Take Home Ration (THR),టేక్ హోమ్ రేషన్ (THR) అందుకున్న గర్భిణీ స్త్రీలు,Pregnant women receiving Take Home Ration (THR)
General Awareness on SAM and MAM, ఎస్. ఎ. ఎం మరియు ఎం. ఎ. ఎం పై సాధారణ అవగాహన,General Awareness on SAM and MAM
"App can be accessed offline, currently daily tracking feature is available for offline data entry.Offline mode can store latest 3 days data.",తగిన ఇంటర్నెట్ కనెక్షన్ లేకుండా ఏ యాప్ పనిచేయదు.,No app will work without proper internet connection.
These organizations will not use the APIs/ No-code webpage integration to encourage or promote illegal activity or violation of third-party rights including these Terms with Poshan Tracker.,పోషణ్ ట్రాకర్ తో ఈ నిబంధనలతో సహా చట్టవ్యతిరేక కార్యకలాపం లేదా తృతీయపక్ష హక్కుల ఉల్లంఘనను సంహరించడానికి లేదా ప్రోత్సహించడానికి ఈ సంస్థలు APIలు/నో-కోడ్ వెబ్ పేజీ ఇంటిగ్రేషన్ ను ఉపయోగించవు.,These entities do not use the API / no-code web page integration to kill or promote illegal activity or third party rights violation including these provisions with POSHAN Tracker
"Pregnant Women, Lactating Mothers, Children from 6 months to 3 years and adolescent girls.","గర్భిణీ స్త్రీలు, పాలిచ్చే తల్లులు, 6 నెలల నుండి 3 సంవత్సరాల వరకు పిల్లలు మరియు కౌమార బాలికలు.","Pregnant women, lactating mothers, children between the age of 6 months and 3 years and adolescent girls."
"New Poshan Tracker App : CSC-SPV Nodal Person (02 February, 2021)","కొత్త పోషన్ ట్రాకర్ యాప్ః CSC-SPV నోడల్ వ్యక్తి (02 ఫిబ్రవరి, 2021)","New POSHAN Tracker App: CSC-SPV Nodal Person (02 February, 2021)"
An AWW can use ‘Migrate Beneficiary’ option to migrate a beneficiary from one AWC to another AWC basis their Aadhaar number.,ఒక AWC నుంచి మరో AWCకి వారి ఆధార్ నెంబరు ఆధారంగా లబ్ధిదారుడిని మైగ్రేట్ చేయడం కొరకు 'మైగ్రేట్ బెనిఫిషియరీ' ఆప్షన్ ని AWW ఉపయోగించుకోవచ్చు.,AWW can use the 'Migrate Beneficiary' option to migrate the beneficiary from one AWC to another based on their Aadhaar number.
A beneficiary is eligible for HCM for at least 21 days in a month.,లబ్ధిదారుడు నెలలో కనీసం 21 రోజులపాటు HCMకు అర్హత కలిగి ఉంటాడు.,The beneficiary will be eligible for HCM for a minimum period of 21 days in a month
ABHA (Health ID) and its Benefits,ABHA (హెల్త్ ఐడి) మరియు దాని యొక్క ప్రయోజనాలు,ABHA (Health ID) and its benefits
"We'ar sorry, the page you requested could not be found.","మమ్మల్ని క్షమించండి, మీరు అభ్యర్థించిన పేజీ కనుగొనబడలేదు.","Sorry, the page you requested could not be found."
Dadra & Nagar Haveli - Daman & Diu,దాద్రా మరియు నాగర్ హవలీ - డామన్ మరియు డయు,Dadra and Nagar Haveli Daman and Diu
Download Mobile App from Play Store,ప్లే స్టోర్ నుంచి మొబైల్ యాప్ డౌన్ లోడ్ చేసుకోండి,Download the app from the Play Store
"Further, whenever you change or access your account on the System or any information relating to it, we offer the use of a secure server.","ఇంకా, మీరు సిస్టమ్ లో మీ ఖాతాను లేదా దానికి సంబంధించిన ఏదైనా సమాచారాన్ని మార్చినప్పుడు లేదా యాక్సెస్ చేసుకున్నప్పుడు, మేము ఒక సురక్షిత సర్వర్ యొక్క ఉపయోగాన్ని అందిస్తాము.","Further, when you change or access your account or any information related to it in the system, we provide the use of a secure server."
General Awareness on the Delivery of the child,బిడ్డ డెలివరీపై సాధారణ అవగాహన,General Awareness on Child Delivery
"We also use the data to operate our services, which includes analyzing our performance, meeting our legal obligations, developing our workforce, and doing research.","మా పనితీరును విశ్లేషించడం, మా చట్టపరమైన బాధ్యతలను తీర్చడం, మా శ్రామిక శక్తిని అభివృద్ధి చేయడం మరియు పరిశోధన చేయడం వంటి మా సేవలను ఆపరేట్ చేయడానికి కూడా మేము డేటాను ఉపయోగిస్తాము.","We will also use the data to analyze our performance, meet our legal obligations, develop our workforce and operate our services like research."
Where can I enquire about Hot Cooked Meal?,హాట్ కూకేడ్ మిల్ గురించి నేను ఎక్కడ విచారించగలను?,Where can I enquire about Hot Cooked Mill?
"The Site may contain links to other websites that may not be owned, maintained, or operated by us.","సైట్ మా ద్వారా స్వంతం చేసుకోబడని, నిర్వహించబడని లేదా ఆపరేట్ చేయబడని ఇతర వెబ్ సైట్ లకు లింక్ లను కలిగి ఉండవచ్చు.","The site may have links to other websites which were not owned, operated or operated by us."
"The fact that these websites are linked, does not indicate any endorsement of these websites from us, since we do have any control over these websites.","ఈ వెబ్ సైట్ లు లింక్ చేయబడ్డాయనే వాస్తవం, మా నుంచి ఈ వెబ్ సైట్ ల యొక్క ఎలాంటి ఎండార్స్ మెంట్ ని సూచించదు, ఎందుకంటే ఈ వెబ్ సైట్ లపై మాకు ఎలాంటి నియంత్రణ ఉంది.",The fact that these websites are linked does not indicate any endorsement of these websites from us because we do not have any control over these websites.
We are not responsible for these websites including any content or the privacy practices of these websites.,ఏదైనా కంటెంట్ లేదా ఈ వెబ్ సైట్ ల యొక్క గోప్యతా విధానాలతో సహా ఈ వెబ్ సైట్ లకు మేం బాధ్యత వహించం.,We are not responsible for any content or privacy policies on these websites.
We strongly encourage you to familiarize yourself with the terms of use of these websites.,ఈ వెబ్ సైట్ ల యొక్క ఉపయోగ నిబంధనలతో మిమ్మల్ని మీరు పరిచయం చేసుకోవాలని మేం మిమ్మల్ని బలంగా ప్రోత్సహిస్తున్నాం.,We strongly encourage you to introduce yourself to the Terms of Use of these websites.
Your use of these websites is at your own risk and peril.,ఈ వెబ్ సైట్ ల యొక్క మీ ఉపయోగం మీ స్వంత రిస్క్ మరియు ఆపదలో ఉంది.,Your use of these websites is at your own risk and at risk.
In how many languages AWW can enter the data while filling up the form?,ఫారమ్ నింపేటప్పుడు AWW లేదా AWC ఎన్ని భాషలలో డేటాను నమోదు చేయవచ్చు?,How many languages can AWW or AWC enter the data while filling the form?
Children who are identified as deficit on nutrition are eligible for additional food supplements.,పోషకాహార లోపంగా గుర్తించిన పిల్లలు అదనపు ఆహార అనుబంధాలకు అర్హులు.,Children who are found to be malnourished are eligible for additional dietary supplements.
An underweight person is a person whose body weight is considered too low to be healthy,తక్కువ బరువు ఉన్న వ్యక్తి అనేది శరీర బరువు ఆరోగ్యంగా ఉండటానికి చాలా తక్కువగా పరిగణించబడే వ్యక్తి,A person with low body weight is considered too low to be healthy
When and how to use MPIN?,MPIN ను ఎప్పుడు మరియు ఎలా ఉపయోగించాలి?,When and how to use MPIN?
Ensuring that complementary feeding improves over time,కాంప్లిమెంటరీ ఫీడింగ్ కాలక్రమేణా మెరుగుపడేలా ధృవీకరించడం,Confirm that the complementary feeding will improve over time
Using ABHA (Health ID) is the first step towards creating safer and efficient digital health records for you and your family.,ABHA (హెల్త్ ఐడి) ఉపయోగించడం అనేది మీకు మరియు మీ కుటుంబానికి సురక్షితమైన మరియు సమర్థవంతమైన డిజిటల్ ఆరోగ్య రికార్డులను సృష్టించే దిశగా మొదటి దశ.,Using ABHA (Health ID) is the first step towards creating safe and effective digital health records for yourself and your family
ABHA (earlier known as Health ID) is an acronym for Ayushman Bharat Health Account.,ABHA (ఇంతకు ముందు హెల్త్ ఐడి అని పిలువబడేది) అనేది ఆయుష్మాన్ భారత్ హెల్త్ అకౌంట్ యొక్క సంక్షిప్త పదం.,ABHA (formerly known as Health ID) is the acronym for Ayushman Bharat Health Account
AWW/AWCs can only be added by nodal level official.Anybody in the above rank in the hierarchy.,"AWW/AWC లను నోడల్ స్థాయి అధికారి మాత్రమే చేర్చగలరు.సోపానక్రమంలో పైన ఉన్న ఎవరైనా.జాతీయ స్థాయి వినియోగదారు మాదిరిగానే రాష్ట్ర, జిల్లా, ప్రాజెక్ట్ మరియు రంగాల వినియోగదారుని సృష్టించవచ్చు.రాష్ట్ర స్థాయి వినియోగదారుడు జిల్లా స్థాయికి, ప్రాజెక్ట్ మరియు సెక్టార్ స్థాయి వినియోగదారుని సృష్టించగలరు, జిల్లా స్థాయి వినియోగదారు ప్రాజెక్ట్ మరియు సెక్టార్ స్థాయి వినియోగదారుని సృష్టించగలరు, ప్రాజెక్ట్ స్థాయి వినియోగదారు సెక్టార్ స్థాయి వినియోగదారుని సృష్టించగలరు.","AWWs / AWCs can only be included by a nodal level officer. anyone on the top of the hierarchy can create a state, district, project and sector user just like a national level consumer. a state level consumer can create a project and sector level consumer, a district level consumer can create a project and sector level consumer, a project level consumer can create a sector level consumer"
Where can I enquire about take home ration?,టేక్ హోమ్ రేషన్ గురించి నేను ఎక్కడ విచారించగలను?,Where can I enquire about Take Home Ration?
We use the information we collect from all our services for the following purposes:,మేము మా అన్ని సేవల నుండి సేకరించిన సమాచారాన్ని ఈ క్రింది ప్రయోజనాల కోసం ఉపయోగిస్తాముః,We will use the data collected from all our services for the following purposes:
Identification & Referral of Sick Newborn,అస్వస్థతగా ఉన్న నవజాత శిశువును గుర్తించడం మరియు రీఫరల్ చేయడం,Identification and Referral of Sick Newborn
 XIV. CORRECTNESS OF DATA PROVIDED BY THIRD PARTY SYSTEMS, XIV. తృతీయపక్ష సిస్టమ్ ల ద్వారా అందించబడ్డ డేటా యొక్క కచ్చితత్త్వం,XIV. Accuracy of data provided by third party systems
Who is eligible for Take Home Ration?,టేక్ హోమ్ రేషన్ కు ఎవరు అర్హులు?,Who are eligible for Take Home Ration?
Supporting mothers with issues in Breastfeeding,స్తన్యం ఇవ్వడంలో సమస్యలతో ఉన్న తల్లులకు మద్దతు ఇవ్వడం,Supporting mothers with lactating mothers
"The proposed system should enable real-time monitoring and tracking of all AWCs, AWWs and beneficiaries on the defined indicators.","ప్రతిపాదిత వ్యవస్థ నిర్వచించిన సూచికలపై అన్ని (ఎడబ్ల్యుసి), (ఎడబ్ల్యుడబ్ల్యు) మరియు లబ్ధిదారుల యొక్క రియల్ -టైమ్ పర్యవేక్షణ మరియు ట్రాకింగ్ను ప్రారంభించాలి.","Real-time monitoring and tracking of all (AWCs), (AWWs) and beneficiaries should be initiated on the indicators defined by the proposed system."
Above standards are defined as per given above mentioned age brackets,పైన పేర్కొన్న వయస్సు బ్రాకెట్ ల ప్రకారంగా పై ప్రమాణాలు నిర్వచించబడ్డాయి,The above criteria are defined as per the above mentioned age brackets
"If a person is underweight, their body may not be getting the nutrients it needs to build healthy bones, skin and hair","ఒక వ్యక్తి తక్కువ బరువుతో ఉంటే, వారి శరీరానికి ఆరోగ్యకరమైన ఎముకలు, చర్మం మరియు జుట్టును నిర్మించడానికి అవసరమైన పోషకాలు లభించకపోవచ్చు","If a person is underweight, their body may not be getting enough nutrients to build healthy bones, skin and hair"
MPIN can be set by respective Anganwadi worker by requesting an OTP against his/her mobile number.,అతని / ఆమె మొబైల్ నంబర్కు OTP ని అభ్యర్థించడం ద్వారా సంబంధిత అంగన్వాడీ కార్మికుడు MPIN ని సెట్ చేయవచ్చు.,The concerned Anganwadi worker can set the MPIN by requesting OTP to his / her mobile number
"If Mobile number is already present in the database, the respective Anganwadi person will receive 4 digits OTP on registered mobile number.","మొబైల్ నంబర్ ఇప్పటికే డేటాబేస్లో ఉంటే, సంబంధిత అంగన్వాడీ వ్యక్తి రిజిస్టర్డ్ మొబైల్ నంబర్లో 4 అంకెల OTP ను అందుకుంటారు.","If the mobile number is already in the database, the concerned Anganwadi person will receive a 4-digit OTP on the registered mobile number"
"Post entering the OTP, AWW can easily set customized MPIN.","OTP పంపిన తరువాత, AWW అనుకూలీకరించిన MPIN ని సులభంగా సెట్ చేయవచ్చు.","After sending the OTP, the AWW customized MPIN can be easily set up."
"It enables your interaction with participating healthcare providers, and allows you to receive your digital lab reports, prescriptions and diagnosis seamlessly from verified healthcare professionals and health service providers.","ఇది ఆరోగ్య సంరక్షణ ప్రదాతలతో మీ పరస్పర చర్యకు వీలు కల్పిస్తుంది, మరియు ధృవీకరించబడిన ఆరోగ్య సంరక్షణ నిపుణులు మరియు ఆరోగ్య సేవా ప్రదాతల నుండి మీ డిజిటల్ ల్యాబ్ రిపోర్టులు, ప్రిస్క్రిప్షన్లు మరియు రోగనిర్ధారణను నిరంతరాయంగా అందుకోవడానికి మిమ్మల్ని అనుమతిస్తుంది.","This will enable your interaction with healthcare providers, and allow you to receive your digital lab reports, prescriptions, and diagnosis continuously from certified healthcare professionals and healthcare providers."
Our System provides API to Third – Party Sites that may collect your personal information.,మీ వ్యక్తిగత సమాచారాన్ని సేకరించే తృతీయపక్ష సైట్ లకు మా సిస్టమ్ APIని అందిస్తుంది.,Our system provides APIs to third party sites that collect your personal information.
Poshan Tracker is not in any manner responsible for the security of such information or their privacy practices or content of those Third – Party Sites.,అటువంటి సమాచారం లేదా వారి గోప్యతా విధానాలు లేదా ఆ తృతీయపక్ష సైట్ ల యొక్క కంటెంట్ యొక్క భద్రతకు పోషణ్ ట్రాకర్ ఏవిధంగానూ బాధ్యత వహించదు.,The POSHAN tracker is in no way responsible for the security of such information or their privacy policies or the content of such third party sites
These third-party service providers and Third-Party Sites may have their own privacy policies governing the storage and retention of your information that you may be subject to.,ఈ తృతీయపక్ష సేవా ప్రదాతలు మరియు తృతీయపక్ష సైట్ లు మీరు లోబడి ఉండగల మీ సమాచారాన్ని నిల్వ చేయడం మరియు నిలుపుకోవడాన్ని నియంత్రించే వారి స్వంత గోప్యతా విధానాలను కలిగి ఉండవచ్చు.,These third party service providers and third party sites may have their own privacy policies that regulate the storage and retention of your information that you can be subject to.
"This Privacy Policy does not govern any information provided to, stored on, or used by these third-party providers and Third-Party Sites.","ఈ తృతీయపక్ష ప్రదాతలు మరియు తృతీయపక్ష సైట్ ల ద్వారా అందించబడ్డ, నిల్వ చేయబడ్డ లేదా ఉపయోగించే ఏదైనా సమాచారాన్ని ఈ గోప్యతా విధానం నియంత్రించదు.","The Privacy Policy does not restrict any information provided, stored or used by these third party providers and third party sites."
"We recommend that when you enter a Third-Party Site, you review the Third Party Site’s privacy policy as it relates to safeguarding of your information.","మీరు తృతీయపక్ష సైట్ లోనికి ప్రవేశించినప్పుడు, తృతీయపక్ష సైట్ యొక్క గోప్యతా విధానాన్ని మీరు సమీక్షించాలని మేము సిఫార్సు చేస్తున్నాము, ఎందుకంటే ఇది మీ సమాచారాన్ని సంరక్షించడానికి సంబంధించినది.","When you log in to a third party site, we recommend that you review the privacy policy of a third party site because this is related to protecting your information."
You agree and acknowledge that Poshan Tracker will not be liable for the information published in search results or by any Third-Party Sites.,శోధన ఫలితాల్లో లేదా ఏదైనా తృతీయపక్ష సైట్ ల ద్వారా పబ్లిష్ చేయబడ్డ సమాచారానికి పోషణ్ ట్రాకర్ బాధ్యత వహించదని మీరు అంగీకరిస్తున్నారు మరియు ధృవీకరిస్తున్నారు.,You agree and confirm that the POSHAN tracker is not responsible for the information published in the search results or through any third party sites.
Your Reference ID (Mobile number) will only be co-related with your personal information in order to communicate to you through SMS as per the clause 1 above.,పైన క్లాజు 1 ప్రకారంగా SMS ద్వారా మీకు కమ్యూనికేట్ చేయడం కొరకు మీ రిఫరెన్స్ ఐడి (మొబైల్ నెంబరు) మీ వ్యక్తిగత సమాచారంతో మాత్రమే సహ-సంబంధం కలిగి ఉంటుంది.,"As per Clause 1 above, your reference ID (mobile number) will be correlated with your personal information only for communicating with you through SMS."
"By visiting or using the Site, you expressly agree to these Terms, as updated from time to time.","సైట్ ని సందర్శించడం లేదా ఉపయోగించడం ద్వారా, నియతానుసారంగా అప్ డేట్ చేయబడ్డ ఈ నిబంధనలను మీరు స్పష్టంగా అంగీకరిస్తున్నారు.","By visiting or using the site, you clearly agree to these terms and conditions which are regularly updated."
"If you do not agree with any part of these terms, do not use the site.","ఈ నిబంధనల్లోని ఏదైనా భాగాన్ని మీరు అంగీకరించనట్లయితే, సైట్ ని ఉపయోగించవద్దు.","If you do not agree with any part of these rules, do not use the site."
You may not use the Site in any manner and may not accept the Terms if you are not of legal age to form a binding contract.,మీరు సైట్ ని ఏవిధంగానూ ఉపయోగించలేరు మరియు బైండింగ్ కాంట్రాక్ట్ రూపొందించడానికి మీకు చట్టబద్ధమైన వయస్సు లేనట్లయితే నిబంధనలను ఆమోదించకపోవచ్చు.,You cannot use the site in any way and may not approve the terms and conditions if you are not of legal age to frame a binding contract.
Bacillus Calmette Guerin (BCG)Oral Polio Vaccine (OPV)-0 dose Hepatitis B birth dose OPV-1 T,బాసిల్లస్ కాల్మెట్ గురిన్ (BCG)ఓరల్ పోలియో వ్యాక్సిన్ (OPV)-0 మోతాదు హెపటైటిస్ బి జనన మోతాదు OPV-1 T,Bacillus Calmate Gurin (BCG) Oral Polio Vaccine (OPV) - 0 dose Hepatitis B Birth dose OPV-1 T
"The information collected under Clause 1, shall be used for the purpose of facilitating the health of the beneficiaries.","క్లాజ్ 1 కింద సేకరించబడ్డ సమాచారం, లబ్ధిదారుల యొక్క ఆరోగ్యాన్ని సులభతరం చేసే ఉద్దేశ్యం కొరకు ఉపయోగించబడుతుంది.",The information collected under Clause 1 will be used for the purpose of facilitating the health of the beneficiaries
"We provide our products, which includes updating, securing, and troubleshooting the information/data/ materials and contents of the System, as well as providing support.","మేము మా ఉత్పత్తులను అందిస్తాము, దీనిలో సిస్టమ్ యొక్క సమాచారం/డేటా/మెటీరియల్స్ మరియు కంటెంట్ లను అప్ డేట్ చేయడం, సెక్యూర్ చేయడం మరియు ట్రబుల్ షూటింగ్ చేయడం, అదేవిధంగా మద్దతును అందించడం వంటివి ఉంటాయి.","We offer our products, which include updating, securring and troubleshooting the information / data / materials and content of the system, as well as providing support"
"When you register on Poshan Tracker, the Mobile number with which you registered, will be used to locate your record from the database.","మీరు పోషణ్ ట్రాకర్ పై రిజిస్టర్ చేసుకున్నప్పుడు, డేటాబేస్ నుంచి మీ రికార్డ్ ని లొకేట్ చేయడం కొరకు మీరు రిజిస్టర్ చేసుకున్న మొబైల్ నెంబరు ఉపయోగించబడుతుంది.","When you register on POSHAN tracker, the mobile number you have registered will be used to locate your record from the database"
These can also be used to assess the health status as recorded in the Poshan Tracker system.,పోషణ్ ట్రాకర్ సిస్టమ్ లో రికార్డ్ చేయబడ్డ ఆరోగ్య స్థితిని మదింపు చేయడానికి కూడా వీటిని ఉపయోగించవచ్చు.,These can also be used to assess the health status recorded in the POSHAN tracker system.
Training on ICT Platform under POSHAN Abhiyaan,పోషణ్ అభియాన్ కింద ఐసిటి ప్లాట్ ఫారమ్ పై ట్రైనింగ్,Training on ICT Platform under POSHAN Abhiyaan
"Know more about stunting, wasting and underweight","స్టంటింగ్, వేస్టింగ్ మరియు తక్కువ బరువు గురించి మరింత తెలుసుకోండి","Learn more about stunting, wasting and underweight"
What information to be added in AWC forms?,AWC ఫారంలో ఏ సమాచారాన్ని చేర్చాలి?,What information should be included in the AWC form?
How to revive your health if you are Moderately Wasted (MAM),ఒకవేళ మీరు ఒక మాదిరి వెస్టెడ్ ఉన్నట్లయితే మీ ఆరోగ్యాన్ని ఏవిధంగా పునరుద్ధరించాలి (MA),How to restore your health if you are suffering from a typical West Indian (MA)
AWC Workers Registered In Last 30 Days,AWC వర్కర్స్ గత 30 రోజులలో నమోదు చేయబడింది,AWC workers have been registered in the last 30 days
Click on above button to get this App,ఈ అనువర్తనం పొందడానికి పై బటన్ పై క్లిక్ చేయండి,Click here for downloading the app
Beneficiaries Registered In Last 30 Days,గత 30 రోజుల్లో లబ్ధిదారులు నమోదు చేయబడ్డారు,Beneficiaries registered in last 30 days
Specifications of Smart phone and Technical Compatibility Testing,స్మార్ట్ ఫోన్ యొక్క స్పెసిఫికేషన్ లు మరియు టెక్నికల్ కంపాటబిలిటీ టెస్టింగ్,Specifications and features of the smartphone
Preparation During Pregnancy - For NewBorn Care & Family Planning,గర్భధారణ సమయంలో తయారీ - నవజాత శిశువుల సంరక్షణ మరియు కుటుంబ నియంత్రణ,Preparation during pregnancy - neonatal care and family planning
Stunting is the impaired growth and development that children experience from poor nutrition,ఎదుగుదల మందగించడం అనేది పేలవమైన పోషకాహారం వల్ల పిల్లలు అనుభవించే ఎదుగుదల మరియు అభివృద్ధి బలహీనంగా ఉండటం,Growth retardation is stunting the growth and development of children due to poor nutrition
Children in the age group of 3 years to 6 years,3 సంవత్సరాల నుంచి 6 సంవత్సరాల వయస్సు గల పిల్లలు,Children aged 3 to 6 years
What is the eligibility of a beneficiary?,లబ్ధిదారుని యొక్క అర్హత ఏమిటి?,What is the eligibility of the beneficiary?
Who are the target userbase of Poshan Tracker App?,పోషణ్ ట్రాకర్ యాప్ యొక్క ఉద్దేశింపబడిన వినియోగదారు బేస్ ఎవరు?,Who is the intended user base of the POSHAN Tracker App?
"It often indicates recent and severe weight loss, although it can also persist for a long time","ఇది తరచుగా ఇటీవలి మరియు తీవ్రమైన బరువు తగ్గడాన్ని సూచిస్తుంది, అయినప్పటికీ ఇది ఎక్కువ కాలం కూడా కొనసాగవచ్చు","This often refers to recent and severe weight loss, although it may also last longer"
What is the minimum requirement to install Poshan Tracker App in mobile?,మొబైల్లో పోషన్ ట్రాకర్ యాప్ను ఇన్స్టాల్ చేయడానికి కనీస అవసరం ఏమిటి?,What is the minimum requirement to install the POSHAN Tracker App on mobile?
You will only access (or attempt to access) the Site by the means described in the Documentation and will comply with the terms and conditions of this Agreement.,డాక్యుమెంటేషన్ లో వివరించిన మార్గాల ద్వారా మాత్రమే మీరు సైట్ ని యాక్సెస్ చేసుకుంటారు (లేదా యాక్సెస్ చేసుకోవడానికి ప్రయత్నిస్తారు) మరియు ఈ అగ్రిమెంట్ యొక్క నియమనిబంధనలకు కట్టుబడి ఉంటారు.,You will only access the site (or try to access it) through the means described in the documentation and abide by the terms of this agreement.
"You will comply with all Central and State laws, rules and regulations applicable to you and your use of the Site and affecting any third-party rights.","మీకు వర్తించే అన్ని కేంద్ర మరియు రాష్ట్ర చట్టాలు, నియమనిబంధనలు మరియు సైట్ యొక్క మీ ఉపయోగం మరియు ఏవైనా తృతీయపక్ష హక్కులను ప్రభావితం చేసే అన్ని కేంద్ర మరియు రాష్ట్ర చట్టాలు, నియమనిబంధనలకు మీరు కట్టుబడి ఉంటారు.","You are bound by all the central and state laws, rules and regulations that apply to you and your use of the site and all the central and state laws, rules and regulations affecting any third party rights"
You can participate in Swastha Balak Balika Spardha by registering through the website https://poshantracker.,You can participate in Swastha Balak Balika Spardha by registering through the website https://poshantracker.,You can participate in Swastha Balak Balika Spardha by registering through the website https: / / poshantracker.
in or by downloading ‘Poshan Tracker’ App from Google Play Store.,in or by downloading 'Poshan Tracker' App from Google Play Store.,In or by downloading 'Poshan Tracker' app from Google Play Store.
Clarification regarding Cost of Smart phones,స్మార్ట్ ఫోన్ ల యొక్క ఖర్చుకు సంబంధించి స్పష్టత,Clarification regarding cost of smartphones
Measles Containing vaccine (MCV)/Measles & Rubella (MR)-1Japanese Encephalitis(JE)-1**PCV-Booster,తట్టు కలిగిన వ్యాక్సిన్ (MCV)/తట్టు మరియు రూబెల్లా (MR)-1జపనీస్ ఎన్ కెఫలైటిస్ (JE)-1**PCV-బూస్టర్,Flattened Vaccine (MCV) / Flu and Rubella (MR) -1 Japanese Encephalitis (JE) -1 * PCV-Booster
Mobile number need to be validated within a week,మొబైల్ నంబర్ను వారంలోపు ధృవీకరించాలి,Verification of Mobile Number to be done within a week
Currently a beneficiary can register by the help of an AWW,ప్రస్తుతం ఒక లబ్ధిదారుడు AWW యొక్క సాయంతో రిజిస్టర్ చేసుకోవచ్చు,"Currently, a beneficiary can register with the help of AWW"
Awareness for Lactating Mother Complimentary Feeding for Children,పిల్లలకు పాలిచ్చే తల్లి కాంప్లిమెంటరీ ఫీడింగ్ కొరకు అవగాహన,Awareness for Complementary Feeding of Babies
New Poshan Tracker App - CSC-SPV Nodal Person,న్యూ పోషణ్ ట్రాకర్ యాప్ - CSC-SPV నోడల్ పర్సన్,New POSHAN Tracker App - CSC - SPV Nodal Person
1.1. Information you provide to us.,1.1. మీరు మాకు అందించే సమాచారం.,1.1. Information you provide us.
How can one access Poshan Tracker Dashboard?,పోషణ్ ట్రాకర్ డాష్బోర్డ్ను ఎలా యాక్సెస్ చేయవచ్చు?,How to access POSHAN Tracker Dashboard
Prevention of Anemia in children and adolescents girls,పిల్లలు మరియు కౌమారదశలో ఉన్న బాలికలలో రక్తహీనత నివారణ,Prevention of Anaemia in Children and Adolescent Girls
Gangarampur Addl. I. C. D. S Project,గంగారాంపూర్ అడిష్నల్  ఐ. సి. డి. ఎస్. ప్రాజెక్ట్,Gangarampur Additional ICDS Project
Can a beneficiary register directly using application.,లబ్ధిదారుడు అప్లికేషన్ ఉపయోగించి నేరుగా రిజిస్టర్ చేసుకోవచ్చా.,The beneficiary can register directly using the app.
The Ministry of Women and Child Development has rolled out Poshan Tracker application.,"మహిళా, శిశు అభివృద్ధి మంత్రిత్వ శాఖ పోషన్ ట్రాకర్ దరఖాస్తును రూపొందించింది.",Ministry of Women and Child Development has formulated the POSHAN Tracker Application
"The goal is to follow nutrition systems strengthening approach for improving maternal and child undernutrition, focused on strengthening implementation bottlenecks at all levels.","తల్లి మరియు పిల్లల పోషకాహారలోపాన్ని మెరుగుపరిచేందుకు పోషకాహార వ్యవస్థలను బలోపేతం చేసే విధానం, అన్ని స్థాయిలలో అమలు అడ్డంకులను బలోపేతం చేయడంపై దృష్టి పెట్టడం దీని లక్ష్యం.",The goal is to focus on strengthening nutrition systems and strengthening implementation bottlenecks at all levels to improve maternal and child nutrition.
"The Poshan Tracker is built using centralized data architecture, that also aligns with the digital technology systems of other ministries and programs.","పోషన్ ట్రాకర్ కేంద్రీకృత డేటా ఆర్కిటెక్చర్ ఉపయోగించి నిర్మించబడింది, ఇది ఇతర మంత్రిత్వ శాఖలు మరియు కార్యక్రమాల డిజిటల్ టెక్నాలజీ వ్యవస్థలతో కూడా సర్దుబాటు చేస్తుంది.",The POSHAN tracker is built using centralized data architecture which also integrates digital technology systems of other ministries and programs.
"The system provides a digital identity to each beneficiary through a digital card, and allows convergence of call centre with the technology platform.",ఈ వ్యవస్థ ప్రతి లబ్ధిదారునికి డిజిటల్ కార్డు ద్వారా డిజిటల్ గుర్తింపును అందిస్తుంది మరియు కాల్ సెంటర్ను టెక్నాలజీ ప్లాట్ఫామ్తో కలపడానికి అనుమతిస్తుంది.,The system provides digital identity to each beneficiary through digital card and allows call centre to be integrated with technology platform.
The system generates automated alerts to the critical last-mile beneficiaries.,చివరి మైలు లబ్ధిదారులకు సిస్టమ్ స్వయంచాలక హెచ్చరికలను ఉత్పత్తి చేస్తుంది.,The system will generate automated alerts for the last mile beneficiaries
"It also ensures efficient audit of the delivery system, by documenting real time attendance of beneficiaries and duty bearers.",ఇది లబ్ధిదారులు మరియు విధి బేరర్ల యొక్క నిజ సమయ హాజరును నమోదు చేయడం ద్వారా డెలివరీ వ్యవస్థ యొక్క సమర్థవంతమైన ఆడిట్ను నిర్ధారిస్తుంది.,This ensures an effective audit of the delivery system by recording the real time attendance of the beneficiaries and the stakeholders
"Such a robust digital technology platform and management information system, will help the mission to scale efficiently, thereby generating and documenting significant positive impact.","ఇటువంటి బలమైన డిజిటల్ టెక్నాలజీ ప్లాట్ఫాం మరియు మేనేజ్మెంట్ ఇన్ఫర్మేషన్ సిస్టమ్, మిషన్ను సమర్థవంతంగా కొలవడానికి సహాయపడుతుంది, తద్వారా గణనీయమైన సానుకూల ప్రభావాన్ని ఉత్పత్తి చేస్తుంది మరియు డాక్యుమెంట్ చేస్తుంది.","Such a strong digital technology platform and management information system will help to effectively measure the mission, thereby producing and documenting a substantial positive impact"
Weight should be between 0.90 to 58,బరువు 0.90 నుండి 58 మధ్య ఉండాలి,Weight should be in the range of 0.90 to 58
We own the intellectual property rights in the Site and Content.,సైట్ మరియు కంటెంట్ లో మేధో సంపత్తి హక్కులను మేం స్వంతం చేసుకున్నాం.,We have also acquired intellectual property rights on the site and the content.
We may change the Content and features of the Site at any time.,మేము ఏ సమయంలోనైనా సైట్ యొక్క కంటెంట్ మరియు ఫీచర్లను మార్చవచ్చు.,We can change the content and features of the site at any time.
"The registered and unregistered trademarks, logos, and service marks displayed on the Site are owned by us or our licensors.","సైట్ పై ప్రదర్శించబడే రిజిస్టర్డ్ మరియు రిజిస్టర్ కాని ట్రేడ్ మార్క్ లు, లోగోలు మరియు సర్వీస్ మార్క్ లు మా లేదా మా లైసెన్సర్ ల స్వంతం.","The registered and unregistered trademarks, logos and service marks displayed on the site belong to us or our licensees."
"You may not use our trademarks, logos, and service marks in any way without our prior written permission.","మా ముందస్తు రాతపూర్వక అనుమతి లేకుండా మీరు మా ట్రేడ్ మార్క్ లు, లోగోలు మరియు సర్వీస్ మార్క్ లను ఏవిధంగానూ ఉపయోగించరాదు.","You should not use our trademarks, logos and service marks in any way without our prior written permission."
Material featured on this website may be reproduced free of charge.,ఈ వెబ్ సైట్ లో ఫీచర్ చేయబడ్డ మెటీరియల్ ని ఉచితంగా పునరుత్పత్తి చేయవచ్చు.,The material featured on this website can be reproduced free of cost.
"Wherever the material is being published or issued to others, the source must be prominently acknowledged.","ఎక్కడైతే ఆ సమాచార౦ ప్రచురి౦చబడుతు౦దో, లేదా ఇతరులకు అ౦ది౦చబడుతు౦దో అక్కడ మూల౦ ప్రముఖ౦గా అ౦గీకరి౦చబడాలి.","Where the information is published, or delivered to others, the source should be prominently acknowledged."
"However, the permission to reproduce this material shall not extend to any material which is identified as being copyright of a third party.","అయితే, ఈ మెటీరియల్ ని పునరుత్పత్తి చేయడానికి అనుమతి తృతీయపక్షం యొక్క కాపీరైట్ గా గుర్తించబడ్డ ఏదైనా మెటీరియల్ కు విస్తరించబడదు.","However, permission to reproduce this material shall not extend to any material which is recognised as a copyright of a third party."
MPIN can be easily reset by any AWW/AWC user.,MPIN ను ఏ AWW / AWC వినియోగదారుడైనా సులభంగా రీసెట్ చేయవచ్చు.,MPIN can be easily reset by any AWW / AWC user
"You are required to click on Forgot MPIN, and enter your registered mobile number.","మీరు forgot MPIN పై క్లిక్ చేసి, మీ నమోదిత మొబైల్ నంబర్ను నమోదు చేయవలసి ఉంటుంది.",Click on 'Forgot MPIN' and enter your registered mobile number
You will receive and OTP on your registered mobile number and you can ealily reset your MPIN,మీరు మీ రిజిస్టర్డ్ మొబైల్ నంబర్పై OTP పొందుతారు మరియు మీరు మీ MPIN ని సులభంగా రీసెట్ చేయవచ్చు,You will receive an OTP on your registered mobile number and you can easily reset your MPIN
The Poshan Tracker is a job-aid to the Anganwadi worker for efficient delivery of services along with reflection of their efforts.,పోషణ్ ట్రాకర్ అనేది అంగన్ వాడీ వర్కర్ యొక్క ప్రయత్నాలను ప్రతిబింబించడంతో పాటుగా సేవలను సమర్థవంతంగా అందించడం కొరకు ఉద్యోగ సాయంగా పనిచేస్తుంది.,POSHAN tracker is a reflection of the efforts of the Anganwadi worker and also acts as a job support for effective delivery of services.
It is a critical and beneficiary-centric service delivery Application under POSHAN Abhiyaan which will promote real time data with analytics,"ఇది పోషణ్ అభియాన్ కింద ఒక క్లిష్టమైన మరియు లబ్ధి కేంద్రిత సర్వీస్ డెలివరీ అప్లికేషన్, ఇది విశ్లేషణలతో రియల్ టైమ్ డేటాను ప్రోత్సహిస్తుంది","It is a critical and beneficiary oriented service delivery application under POSHAN Abhiyaan, which promotes real time data with analytics"
Please enter valid Date of Birth,దయచేసి సరైన పుట్టిన తేదీని నమోదు చేయండి,Please enter the correct date of birth
Who is eligible for additional supplementary food?,అదనపు అనుబంధ ఆహారానికి ఎవరు అర్హులు?,Who are eligible for additional supplements?
"We reserve the unconditional right to change, modify, add, or remove any part of these Terms at any time, without specifically notifying you of such changes.","అటువంటి మార్పుల గురించి మీకు ప్రత్యేకంగా తెలియజేయకుండానే, ఏ సమయంలోనైనా ఈ నిబంధనల్లోని ఏదైనా భాగాన్ని మార్చడానికి, సవరించడానికి, జోడించడానికి లేదా తొలగించడానికి బేషరతుగా మాకు హక్కు దఖలు పడి ఉంటుంది.","Without specifically informing you about such changes, at any point of time we are unconditionally entitled to change, amend, add or delete any part of these rules."
Any changes or updates will be effective immediately.,ఏవైనా మార్పులు లేదా నవీకరణలు వెంటనే అమల్లోకి వస్తాయి.,Any changes or updates shall come into effect immediately.
You take the responsibility to check these Terms of Use periodically for changes.,మార్పుల కొరకు నియతానుసారంగా ఈ ఉపయోగ నిబంధనలను తనిఖీ చేసే బాధ్యతను మీరు తీసుకుంటారు.,You will be responsible for checking these Terms of Use on a regular basis for changes.
Your continued use of the platform post such revision shall constitute acceptance of the modified Terms.,అటువంటి పునశ్చరణ తరువాత ఫ్లాట్ ఫారాన్ని మీరు నిరంతరం ఉపయోగించడం అనేది సవరించబడ్డ నిబంధనలను ఆమోదించినట్లుగా ఉంటుంది.,The constant use of the flat form after such reclamation would be similar to the acceptance of the revised terms.
How many different types of reports can be generated over Poshan Tracker Dashboard?,పోషన్ ట్రాకర్ డాష్బోర్డ్ ద్వారా ఎన్ని రకాల నివేదికలను రూపొందించవచ్చు?,How many types of reports can be generated through POSHAN Tracker Dashboard?
How to revive your health if you are Severely Wasted (SAM),ఒకవేళ మీరు తీవ్రంగా వెస్టెడ్ అయినట్లయితే మీ ఆరోగ్యాన్ని ఏవిధంగా పునరుద్ధరించాలి (SAM),How to restore your health if you are seriously ill (SAM)
"See assessment charts for Stunted, Wasted and Underweight parameters","స్టంటెడ్, వేస్ట్డ్ మరియు అండర్ వెయిట్ పరామీటర్ల కొరకు అసెస్ మెంట్ ఛార్టులను చూడండి","View the assessment charts for stained, worn-out and underweight parameters"
Resources for growth monitoring and general awareness,వృద్ధి పర్యవేక్షణ మరియు సాధారణ అవగాహన కోసం వనరులు,Resources for Growth Monitoring and General Awareness
AWW are required to enter details related to infrastructure present in a particular Anganwadi centre.,ఒక నిర్దిష్ట అంగన్వాడీ కేంద్రంలో ఉన్న మౌలిక సదుపాయాలకు సంబంధించిన వివరాలను AWW నమోదు చేయాలి.,AWW shall register the details of the infrastructure available in a particular Anganwadi Centre.
"This includes structure, basic amenities, facilities, sanitization, drinking water etc.","ఇందులో నిర్మాణం, ప్రాథమిక సౌకర్యాలు, సౌకర్యాలు, పారిశుధ్యం, తాగునీరు మొదలైనవి ఉన్నాయి.","This includes infrastructure, facilities, sanitation, drinking water etc."
Lactating mothers who received Take Home Ration (THR),టేక్ హోమ్ రేషన్ (THR) అందుకున్న పాలిచ్చే తల్లులు,Pregnant Women receiving Take Home Ration (THR)
"Poshan Tracker reserve the unconditional right to change, modify, add, or remove any part of this Privacy Policy at any time, without specifically notifying you of such changes.","అటువంటి మార్పుల గురించి మీకు ప్రత్యేకంగా తెలియజేయకుండానే, ఏ సమయంలోనైనా ఈ గోప్యతా విధానంలోని ఏదైనా భాగాన్ని మార్చడానికి, సవరించడానికి, జోడించడానికి లేదా తొలగించడానికి పోషణ్ ట్రాకర్ కు బేషరతుగా హక్కు ఉంటుంది.","Poshan Tracker will have the unconditional right to change, modify, add or delete any part of this Privacy Policy at any time without giving you any specific information about such changes."
Any changes or updates will be effective immediately.,ఏవైనా మార్పులు లేదా నవీకరణలు వెంటనే అమల్లోకి వస్తాయి.,Any changes or updates shall come into effect immediately.
You should review this Privacy Policy regularly for changes.,మార్పుల కోసం మీరు ఈ గోప్యతా విధానాన్ని క్రమం తప్పకుండా సమీక్షించాలి.,You will need to regularly review this privacy policy for changes.
"We will use commercially reasonable efforts to generally notify all users of any material changes to this Privacy Policy, such as through a notice on the System.",సిస్టమ్ పై నోటీస్ ద్వారా వంటి ఈ గోప్యతా విధానానికి ఏవైనా భౌతిక మార్పుల గురించి సాధారణంగా యూజర్ లందరికీ తెలియజేయడానికి మేము వాణిజ్యపరంగా సహేతుకమైన ప్రయత్నాలను ఉపయోగిస్తాము.,"We will use commercially reasonable efforts to inform all users in general about any physical changes to this privacy policy, such as through a notice on the system."
"However, as a user of the System, you should regularly check the Privacy Policy for any changes.","అయితే, సిస్టమ్ యొక్క వినియోగదారుగా, ఏవైనా మార్పుల కొరకు మీరు గోప్యతా విధానాన్ని క్రమం తప్పకుండా తనిఖీ చేయాలి.","However, as a user of the system, you must regularly check the privacy policy for any changes."
"We will also update the “Last Updated” date at the top of this Privacy Policy, which reflects the effective date of this Privacy Policy.","మేము ఈ గోప్యతా విధానం యొక్క ఎగువన ""చివరిగా నవీకరించబడిన"" తేదీని కూడా అప్ డేట్ చేస్తాము, ఇది ఈ గోప్యతా విధానం యొక్క ప్రభావవంతమైన తేదీని ప్రతిబింబిస్తుంది.","We will also update the last updated date at the top of this Privacy Policy, which reflects the effective date of this Privacy Policy."
Your continued access or use of the System after the date of the new Privacy Policy constitutes your acceptance of the new Privacy Policy.,కొత్త గోప్యతా విధానం తేదీ తరువాత సిస్టమ్ యొక్క మీ నిరంతర ప్రాప్యత లేదా ఉపయోగం కొత్త గోప్యతా విధానాన్ని మీరు ఆమోదించడాన్ని తెలియజేస్తుంది.,Your continued access to or use of the system after the new privacy policy date will indicate your acceptance of the new privacy policy.
"If you do not agree to the new Privacy Policy, you must stop accessing and/or using the System.","మీరు కొత్త గోప్యతా విధానానికి అంగీకరించకపోతే, మీరు సిస్టమ్ ని యాక్సెస్ చేసుకోవడం మరియు/లేదా ఉపయోగించడాన్ని నిలిపివేయాలి.","If you do not agree to the new privacy policy, you should discontinue accessing and / or using the system."
What is the eligibility of a beneficiary?,లబ్ధిదారుని యొక్క అర్హత ఏమిటి?,What is the eligibility of the beneficiary?
"No, Poshan Tracker is available only for Android version",ఆండ్రాయిడ్ వెర్షన్ కోసం మాత్రమే పోషన్ ట్రాకర్ అందుబాటులో ఉంది.,Poshan Tracker is available only for Android version.
 XV. INDEMNITY AND LIMITATION OF LIABILITY, XV. నష్టపరిహారం మరియు బాధ్యత యొక్క పరిమితి,Limitation of indemnity and liability
Growth monitoring report for all health indicators,అన్ని ఆరోగ్య సూచికల కోసం వృద్ధి పర్యవేక్షణ నివేదిక,Growth Monitoring Report for all Health Indicators
Take Home Ration (THR) given in last 30 days,గత 30 రోజుల్లో ఇవ్వబడ్డ ఇంటి రేషన్(టిహెచ్ ఆర్),Home Ration (THR) given in last 30 days
Children are defined as stunted if their height-for-age is more than two standard deviations below the WHO Child Growth Standards median,WHO చైల్డ్ గ్రోత్ స్టాండర్డ్స్ మీడియన్ కంటే దిగువన వారి యొక్క ఎత్తు రెండు స్టాండర్డ్ డీవియేషన్ లు కంటే ఎక్కువగా ఉన్నట్లయితే పిల్లలు ఎదుగుదల నిలిచిపోయినట్లుగా నిర్వచించబడతారు,Child growth is defined as stunted if their height is more than two standard deviations below the WHO child growth standards median
What is the purpose of Launching Poshan Tracker?,పోషన్ ట్రాకర్ను ప్రారంభించడం యొక్క ఉద్దేశ్యం ఏమిటి?,What is the purpose of launching a Poshan Tracker?
"As a registered user, you have the right to access your profile at any time.","రిజిస్టర్డ్ యూజర్ గా, ఏ సమయంలోనైనా మీ ప్రొఫైల్ ని యాక్సెస్ చేసుకునే హక్కు మీకు ఉంటుంది.","As a registered user, you have the right to access your profile at any time."
"Although, the changes can only be done as prescribed by the Poshan Tracker system from time to time.","అయినప్పటికీ, పోషణ్ ట్రాకర్ సిస్టమ్ ద్వారా నియతానుసారంగా సూచించిన విధంగా మాత్రమే మార్పులు చేయవచ్చు.","However, changes can be made only in the manner prescribed by the POSHAN Tracker System."
You cannot manage the communications that you receive from us or how you receive them.,మీరు మా నుండి స్వీకరించే కమ్యూనికేషన్ లను లేదా వాటిని మీరు ఎలా స్వీకరిస్తారో మీరు నిర్వహించలేరు.,You cannot manage the communications that you receive from us or how you receive them.
" XIII. COMPLIANCE WITH LAW, THIRD PARTY RIGHTS, AND OTHER TERMS OF SERVICE"," XIII. చట్టం, తృతీయపక్ష హక్కులు మరియు ఇతర సేవా నిబంధనలతో సమ్మతి వహించడం","Agreeing to laws, third party rights and other service conditions."
"repeated infection, and inadequate psychosocial stimulation","పునరావృత సంక్రమణ, మరియు సరిలేని మానసిక ఉద్దీపన","Repeated infections, and improper mental stimulation"
Beneficiary migration from one AWC to another AWC,ఒక AWC నుండి మరొక AWCకి లబ్ధిదారుని మార్పు,Transfer of beneficiary from one AWC to another AWC
"Training on ICT Platform under POSHAN Abhiyaan (02 February, 2021)","పోషాన్ అభియాన్ (02 ఫిబ్రవరి, 2021) కింద ఐసిటి ప్లాట్ఫాంపై శిక్షణ","Training on ICT Platform under POSHAN Abhiyaan (2nd February, 2021)"
You may browse the Site without registering for an account.,ఖాతా కోసం రిజిస్టర్ చేసుకోకుండానే మీరు సైట్ ని బ్రౌజ్ చేయవచ్చు.,You can browse the site without registering for the account.
"You will be required to register for an account with your mobile number, if you intent to use certain features or services offered by the Site.","సైట్ ద్వారా అందించబడే నిర్ధిష్ట ఫీచర్లు లేదా సేవలను మీరు ఉపయోగించాలని అనుకున్నట్లయితే, మీ మొబైల్ నెంబరుతో ఖాతా కొరకు మీరు రిజిస్టర్ చేసుకోవాల్సి ఉంటుంది.","If you want to use specific features or services provided by the site, you will have to register for the account with your mobile number."
You are solely responsible for maintaining the confidentiality of your personal information and registration and all activities that might result from you failing from keeping this information secure.,మీ వ్యక్తిగత సమాచారం మరియు నమోదు మరియు ఈ సమాచారాన్ని సురక్షితంగా ఉంచడంలో మీరు విఫలం కావడం వల్ల కలిగే అన్ని కార్యకలాపాల యొక్క గోప్యతను నిర్వహించడానికి మీరు పూర్తిగా బాధ్యత వహిస్తారు.,You are fully responsible for maintaining the privacy of all your personal information and records and all activities that result from your failure to keep this information safe.
Your registration or mobile number shall be kept confidentialYou undertake that:You have obtained consent from the concerned individuals for creating their records through your account.,మీ రిజిస్ట్రేషన్ లేదా మొబైల్ నెంబరు గోప్యంగా ఉంచబడుతుందిమీరు దీనిని చేపడతారుఃమీ ఖాతా ద్వారా తమ రికార్డులను సృష్టించడం కొరకు సంబంధిత వ్యక్తుల నుంచి మీరు సమ్మతిని పొందారు.,Your registration or mobile number will be kept confidential.
Your account or mobile number shall not include the name of another person with the intent to impersonate that person.,మీ ఖాతా లేదా మొబైల్ నెంబరు ఆ వ్యక్తిని అనుకరించే ఉద్దేశ్యంతో మరొక వ్యక్తి పేరును చేర్చరాదు.,Your account or mobile number should not contain the name of another person for the purpose of impersonating that person.
You shall not use another user's account without their permission.,వారి అనుమతి లేకుండా మీరు మరొక వినియోగదారు ఖాతాను ఉపయోగించరాదు.,You should not use another user account without their consent.
"You shall immediately notify us in writing, if you discover any unauthorized use of your account or other account-related security breach.","మీ ఖాతా యొక్క ఏదైనా అనధీకృత ఉపయోగం లేదా ఇతర ఖాతా సంబంధిత భద్రతా ఉల్లంఘనను మీరు కనుగొన్నట్లయితే, మీరు వెంటనే రాతపూర్వకంగా మాకు తెలియజేయాలి.","If you find any unauthorized use of your account or other account related security breach, you should immediately inform us in writing."
"If we receive a complaint that your account violates someone else's rights, or violates our policies we may cancel or block your account.","మీ ఖాతా వేరొకరి హక్కులను ఉల్లంఘిస్తుందని లేదా మా విధానాలను ఉల్లంఘిస్తుందని మాకు ఫిర్యాదు అందితే, మేము మీ ఖాతాను రద్దు చేయవచ్చు లేదా నిరోధించవచ్చు.","If we receive a complaint that your account violates the rights of someone else or is in violation of our policies, we can cancel or block your account."
"You shall not attempt to conceal your identity by using multiple Internet Protocol addresses or mobile no, or by any other means, to register participants on the Site",సైట్ లో పాల్గొనేవారిని రిజిస్టర్ చేయడం కొరకు బహుళ ఇంటర్నెట్ ప్రోటోకాల్ చిరునామాలు లేదా మొబైల్ నెంబరు ఉపయోగించడం ద్వారా లేదా ఏదైనా ఇతర మార్గాల ద్వారా మీ గుర్తింపును దాచడానికి మీరు ప్రయత్నించరాదు,You should not try to hide your identity by using multiple internet protocol addresses or mobile numbers or by any other means to register participants on the site
Poshan Tracker App is available in 22 different languagesThe various languages available are:EnglishHindiGujaratiPunjabiMarathiBanglaKannadaTamilTeluguMalyalamOdiaAssameseNepaliDogriKonkaniSindhiBodoMaithiliManipuriSanthaliUrduKashmiri,పోషణ్ ట్రాకర్ యాప్ 22 వేర్వేరు భాషలలో లభిస్తుందిఅందుబాటులో ఉన్న వివిధ భాషలుఃఆంగ్లము హిందీగుజరాతీపంజాబీమరాఠీబంగ్లాకన్నడతమిళంతెలుగుమళయాళంఓడియాఅస్సామీNepaliDogriKonkaniSindhiBodoMaithiliManipuriSanthaliUrduKashmiri,"POSHAN Tracker App is available in 22 different languagesEnglish, Hindi, Gujarati, Punjabi, Marathi, Bengali, Kannada, Tamil, Telugu, Malayalam, Odiya, Assamese, Nepali, Konkani, Maithili, Manipuri, Kashmiri"
"The proposed system should enable real-time monitoring and tracking of all AWCs, AWWs and beneficiaries on the defined indicators.","ప్రతిపాదిత వ్యవస్థ నిర్వచించిన సూచికలపై అన్ని AWC లు, AWW లు మరియు లబ్ధిదారుల యొక్క నిజ-సమయ పర్యవేక్షణ మరియు ట్రాకింగ్ను ప్రారంభించాలి.","Real-time monitoring and tracking of all AWCs, AWWs and beneficiaries should be initiated on the indicators defined by the proposed system."
How to Login in Poshan Tracker App?,పోషణ్ ట్రాకర్ యాప్లో లాగిన్ అవ్వడం ఎలా?,How to login to the POSHAN Tracker App?
Height and weight of child has not been measured,శిశువు ఎత్తు మరియు బరువు కొలవబడలేదు,The child's height and weight were not measured
Calculator to measure the child growth based on the WHO Child Growth Standards.,WHO చైల్డ్ గ్రోత్ స్టాండర్డ్స్ ఆధారంగా పిల్లల ఎదుగుదలను లెక్కించడం కొరకు కాలిక్యులేటర్,Calculator for calculating child growth based on WHO child growth standards
TAKE HOME RATION (THR) GIVEN TODAY,నేడు ఇవ్వబడ్డ ఇంటి రేషన్ (టీహెచ్ఆర్),Today's Home Ration (THR)
A beneficiary is eligible for THR for at least 21 days in a month.,లబ్ధిదారుడు నెలలో కనీసం 21 రోజులపాటు THR పొందడానికి అర్హులు.,Beneficiaries are eligible to receive THR for a minimum period of 21 days in a month
 III. NOTICE REGARDING FUTURE CHANGES TO TERMS:, III. భవిష్యత్తులో నిబంధనల మార్పులకు సంబంధించిన నోటీస్ః,Notice for future changes:
Planning And Organising Community Based Events At AWC,ఎడబ్ల్యుసి వద్ద కమ్యూనిటీ ఆధారిత ఈవెంట్ లను నిర్వహించడం,Conduct of Community Based Events at AWC
Please find the following steps to LoginStep 1- Click on Poshan Tracker Website https://poshantracker.,Please find the following steps to LoginStep 1- Click on Poshan Tracker Website https://poshantracker.,Please find the following steps to LoginStep 1-Click on Poshan Tracker website https: / / posttracker.
inStep 2- Enter your registered Mobile Number and pre-set 4 digit MPIN.,inStep 2- Enter your registered Mobile Number and pre-set 4 digit MPIN.,Step 2 - Enter your registered mobile number and pre-set 4 digit MPIN.
How AWWS can sign up on the app if they are unable to register via their mobile numbers?,AWWS వారి మొబైల్ నంబర్ల ద్వారా నమోదు చేయలేకపోతే యాప్ లో ఎలా సైన్ అప్ చేయవచ్చు?,How to sign up for the App if AWWS is unable to register through their mobile numbers?
Poshan Tracker adds new Reports feature,పోషన్ ట్రాకర్ కొత్త రిపోర్ట్స్ ఫీచర్ని జోడిస్తుంది,Poshan Tracker Adds New Reports Feature
General Awareness about preventing illness in Children,పిల్లల్లో అస్వస్థతను నిరోధించడం గురించి సాధారణ అవగాహన,General Awareness on Preventing Illness in Children
2. HOW WE USE PERSONAL INFORMATION,2. మేము వ్యక్తిగత సమాచారాన్ని ఎలా ఉపయోగిస్తాము,How do we use personal information?
The following are the Terms of Service (“Terms”) that govern your use of the Swastha Balak Balika Spardha Platform hosted at https://poshantracker.,"The following are the Terms of Service (""Terms"") that govern your use of the Swastha Balak Balika Spardha Platform hosted at https://poshantracker.","""The following are the Terms of Service ("" ""Terms"" "") that govern your use of the Swasth Balak Balika Spardha Platform hosted at https: / / posttracker."""
"in, and all associated sites linked to it, its subsidiaries, and affiliates (collectively, the “Site”).","in, and all associated sites linked to it, its subsidiaries, and affiliates (collectively, the ""Site"").","""and all associated sites linked to it, its subsidiaries, and affiliates (collectively, the"" ""site"" "")."""
Please provide your mobile number and a ticket number.,దయచేసి మీ మొబైల్ నెంబరు మరియు టికెట్ నెంబరు ఇవ్వండి.,Please provide your mobile number and ticket number.
Please contact your respective Anganwadi worker.,దయచేసి మీ సంబంధిత అంగన్ వాడీ వర్కర్ ని సంప్రదించండి.,Please contact your concerned Anganwadi worker.
SAM Children under 5 years who received Supplementary Nutrition,అనుబంధ పోషణ పొందిన 5 సంవత్సరాల కంటే తక్కువ వయస్సు ఉన్న ఎస్. ఎ. ఎం పిల్లలు,SAM children below 5 years of age with supplementary nutrition
OPV-1Pentavalent-1Rotavirus Vaccine (RVV)-1Fractional dose of Inactivated Polio Vaccine (fIPV)-1Pneumococcal Conjugate Vaccine (PCV) -1,OPV-1పెంటావాలెంట్-1రోటావైరస్ వ్యాక్సిన్ (RVV)-1ఇనాక్టివేటెడ్ పోలియో వ్యాక్సిన్ (fIPV)-1 యొక్క భిన్న మోతాదున్యుమోకాకల్ కాంజుగేట్ వ్యాక్సిన్ (పిసివి) -1,OPV - 1 Pentavalent - 1 Rotavirus Vaccine (RVV) - 1 Different dose of Inactivated Polio Vaccine (FIPV) - 1 Pneumoccal Conjugate Vaccine (PCV) - 1
Height should be between 38 to 150,ఎత్తు 38 నుండి 150 మధ్య ఉండాలి,The height should be between 38 to 150 feet
How to contact Poshan Tracker Team?,పోషణ్ ట్రాకర్ టీమ్ ని ఏవిధంగా సంప్రదించాలి?,How to contact the POSHAN Tracker Team?
Take Home Ration (THR) Given Today,నేడు ఇవ్వబడ్డ ఇంటి రేషన్ (టీహెచ్ఆర్),Today's Home Ration (THR)
How many different forms are there in Poshan Tracker App?,పోషణ్ ట్రాకర్ యాప్లో ఎన్ని విభిన్న ఫారమ్లు ఉన్నాయి?,How many different forms are there in the POSHAN Tracker App?
There are 7 different types of forms for beneficiaries.,లబ్ధిదారుల కోసం 7 రకాల ఫారమ్ లు ఉన్నాయి.,There are 7 types of forms for the beneficiaries
This includes:Lactating motherPregnant womenChild 0-6 MonthsChild 6 Months to 3 YearsChild  3 Years to 6 YearsAdolescent Girls (11 Years-19 Years),ఇందులో ఇవి ఉన్నాయిఃపాలిచ్చే తల్లిగర్భిణీ స్త్రీలుపిల్లవాడు 0-6 నెలలుపిల్లల 6 నెలల నుండి 3 సంవత్సరాల వరకుపిల్లల 3 సంవత్సరాల నుండి 6 సంవత్సరాల వరకుకౌమార బాలికలు (11 సంవత్సరాలు -19 సంవత్సరాలు),"These include: Pregnant women, 0-6 months Children, 6 months to 3 years Children, 3 years to 6 years Adolescent girls (11 years to 19 years)"
Shibpur I C D S Project,శిబ్పూర్ ఐ. సి. డి. ఎస్ ప్రాజెక్ట్,Shibpur ICDS Project
"In the recent one to three months, no Aanganwadi Worker has visited the beneficiary's home",గత ఒకటి నుంచి మూడు నెలలుగా అంగన్వాడీ కార్యకర్త ఎవరూ లబ్ధిదారుని ఇంటిని సందర్శించలేదు,No Anganwadi worker has visited the house of the beneficiary for the last one to three months
Please enter Weight greater than 0.49 and less than 40.01,దయచేసి 0.49 కంటే ఎక్కువ మరియు 40.01 కంటే తక్కువ బరువును నమోదు చేయండి,Please register above 0.49 and below 40.01
You can register with your mobile number directly through the website https://poshantracker.,You can register with your mobile number directly through the website https://poshantracker.,You can register with your mobile number directly through the website https: / / poshantracker.
in or by downloading the Poshan Tracker App.,in or by downloading the Poshan Tracker App.,In or by downloading the Poshan Tracker App.
MPIN is a 4 digits passcode which is set by an Anganwadi worker while registering over the Poshan Tracker App.,"MPIN అనేది 4 అంకెల పాస్కోడ్, ఇది పోషణ్ ట్రాకర్ యాప్ పై నమోదు చేసేటప్పుడు అంగన్వాడీ కార్మికుడు సెట్ చేస్తారు.",MPIN is a 4-digit passcode that is set by an Anganwadi worker while registering on the POSHAN tracker app
"Specifications of Smart phone and Technical Compatibility Testing (02 February, 2021)","స్మార్ట్ ఫోన్ మరియు సాంకేతిక అనుకూలత పరీక్ష యొక్క లక్షణాలు (02 ఫిబ్రవరి, 2021)","Features of the Smartphone and Technical Compatibility Test (February 02, 2021)"
Request for child's height and weight measurement,శిశువు ఎత్తు మరియు బరువు కొలత కోసం అభ్యర్థన,Measurement of Infant Height and Weight Required
Children (6 months - 3 years),పిల్లలు (6 నెలలు - 3 సంవత్సరాలు),Children (6 months - 3 years)
"We log usage data when you visit or otherwise use our Services, including our sites, app and platform technology.","మీరు మా సైట్ లు, అనువర్తనం మరియు ప్లాట్ ఫారమ్ టెక్నాలజీతో సహా మా సేవలను సందర్శించినప్పుడు లేదా ఇతరత్రా ఉపయోగించినప్పుడు మేము వినియోగ డేటాను లాగ్ చేస్తాము.","We log in to user data when you visit our services, including our sites, apps, and platform technology, or otherwise."
"Result couldn't be fetch, please enter valid data","ఫలితాన్ని పొందడం సాధ్యం కాదు, దయచేసి చెల్లుబాటు అయ్యే డేటాను నమోదు చేయండి","Cannot get result, please enter valid data"
Central Golaghat I. C. D. S. Project,సెంట్రల్ గోలాఘాట్ ఐ. సి. డి. ఎస్. ప్రాజెక్ట్,Central Golaghat ICDS Project
